,Rk_g_y1,Player,Age_g_y1,Team_g_y1,Pos_g_y1,G_g_y1,GS_g_y1,MP_g_y1,FG_y1,FGA_y1,FG%_y1,3P_y1,3PA_y1,3P%_y1,2P_y1,2PA_y1,2P%_y1,eFG%_y1,FT_y1,FTA_y1,FT%_y1,ORB_y1,DRB_y1,TRB_y1,AST_y1,STL_y1,BLK_y1,TOV_y1,PF_y1,PTS_y1,Season_y1,Age_a_y1,MP_a_y1,PER_y1,TS%_y1,3PAr_y1,FTr_y1,ORB%_y1,DRB%_y1,TRB%_y1,AST%_y1,STL%_y1,BLK%_y1,TOV%_y1,USG%_y1,OWS_y1,DWS_y1,WS_y1,WS/48_y1,OBPM_y1,DBPM_y1,BPM_y1,VORP_y1,FG_p_y1,FGA_p_y1,FG%_p_y1,3P_p_y1,3PA_p_y1,3P%_p_y1,2P_p_y1,2PA_p_y1,2P%_p_y1,eFG%_p_y1,FT_p_y1,FTA_p_y1,FT%_p_y1,ORB_p_y1,DRB_p_y1,TRB_p_y1,AST_p_y1,STL_p_y1,BLK_p_y1,TOV_p_y1,PF_p_y1,PTS_p_y1,ORtg_y1,DRtg_y1,G_g_y2,GS_g_y2,MP_g_y2,FG_y2,FGA_y2,FG%_y2,3P_y2,3PA_y2,3P%_y2,2P_y2,2PA_y2,2P%_y2,eFG%_y2,FT_y2,FTA_y2,FT%_y2,ORB_y2,DRB_y2,TRB_y2,AST_y2,STL_y2,BLK_y2,TOV_y2,PF_y2,PTS_y2,Season_y2,Age_a_y2,MP_a_y2,PER_y2,TS%_y2,3PAr_y2,FTr_y2,ORB%_y2,DRB%_y2,TRB%_y2,AST%_y2,STL%_y2,BLK%_y2,TOV%_y2,USG%_y2,OWS_y2,DWS_y2,WS_y2,WS/48_y2,OBPM_y2,DBPM_y2,BPM_y2,VORP_y2,FG_p_y2,FGA_p_y2,FG%_p_y2,3P_p_y2,3PA_p_y2,3P%_p_y2,2P_p_y2,2PA_p_y2,2P%_p_y2,eFG%_p_y2,FT_p_y2,FTA_p_y2,FT%_p_y2,ORB_p_y2,DRB_p_y2,TRB_p_y2,AST_p_y2,STL_p_y2,BLK_p_y2,TOV_p_y2,PF_p_y2,PTS_p_y2,ORtg_y2,DRtg_y2,AS_After_Year_Two,Images,team,logo,team_abbr
0,271.0,AJ Johnson,20.0,2TM,SG,29.0,11.0,22.0,2.8,7.3,0.385,0.8,3.1,0.267,2.0,4.2,0.472,0.441,1.1,1.3,0.865,0.3,1.8,2.0,2.6,0.4,0.1,1.2,1.7,7.6,2025,20.0,639.0,7.1,0.48,0.423,0.174,1.3,8.3,4.8,17.1,0.9,0.4,13.2,17.4,-0.5,0.0,-0.4,-0.032,-5.6,-2.5,-8.1,-1.0,6.1,15.9,0.385,1.8,6.7,0.267,4.3,9.2,0.472,0.441,2.4,2.8,0.865,0.6,3.8,4.4,5.7,0.9,0.2,2.6,3.7,16.4,98.0,123.0,48.0,0.0,9.5,1.2,3.7,0.324,0.3,1.2,0.211,0.9,2.5,0.378,0.358,0.7,0.8,0.85,0.3,0.9,1.1,1.0,0.2,0.1,0.6,0.6,3.3,2026.0,21.0,454.0,5.6,0.413,0.324,0.227,3.3,9.7,6.5,14.0,1.1,0.6,13.4,20.6,-1.0,0.1,-0.9,-0.09,-6.4,-2.5,-8.9,-0.8,5.9,18.3,0.324,1.2,5.9,0.211,4.7,12.4,0.378,0.358,3.5,4.2,0.85,1.5,4.3,5.7,4.9,1.1,0.3,3.1,3.1,16.7,88.0,123.0,0.0,https://cdn.nba.com/headshots/nba/latest/1040x760/1642358.png,,,
1,355.0,Adem Bona,21.0,PHI,C,58.0,11.0,15.6,2.3,3.3,0.703,0.0,0.0,0.0,2.3,3.3,0.707,0.703,1.2,1.7,0.67,1.6,2.6,4.2,0.5,0.4,1.2,1.1,2.2,5.8,2025,21.0,905.0,16.5,0.714,0.005,0.521,11.1,19.9,15.3,4.4,1.4,7.5,20.5,14.3,1.4,0.9,2.3,0.121,-2.9,0.2,-2.7,-0.2,7.4,10.5,0.703,0.0,0.1,0.0,7.4,10.4,0.707,0.703,3.6,5.4,0.67,5.0,8.3,13.3,1.5,1.4,3.8,3.3,6.8,18.4,123.0,115.0,71.0,18.0,17.4,1.8,3.1,0.595,0.0,0.1,0.333,1.8,3.0,0.603,0.6,1.1,1.6,0.708,1.8,2.5,4.3,0.5,0.4,1.2,0.8,2.2,4.8,2026.0,22.0,1234.0,12.8,0.638,0.027,0.514,11.2,16.0,13.6,3.4,1.2,6.2,17.2,11.1,1.4,1.5,2.9,0.112,-3.2,0.3,-2.9,-0.3,5.1,8.6,0.595,0.1,0.2,0.333,5.0,8.4,0.603,0.6,3.1,4.4,0.708,5.0,7.0,12.0,1.3,1.2,3.2,2.2,6.0,13.5,123.0,114.0,0.0,https://cdn.nba.com/headshots/nba/latest/1040x760/1641737.png,Philadelphia 76ers,https://cdn.nba.com/logos/nba/1610612755/primary/L/logo.svg,PHI
2,324.0,Ajay Mitchell,22.0,OKC,SG,36.0,1.0,16.6,2.5,5.1,0.495,0.6,1.7,0.383,1.9,3.4,0.548,0.557,0.8,1.0,0.829,0.5,1.4,1.9,1.8,0.7,0.1,0.8,1.9,6.5,2025,22.0,597.0,12.0,0.587,0.326,0.19,3.3,8.8,6.1,13.8,2.0,0.7,12.7,16.2,0.6,0.9,1.5,0.122,-2.5,0.9,-1.6,0.1,7.3,14.8,0.495,1.8,4.8,0.383,5.5,10.0,0.548,0.557,2.3,2.8,0.829,1.4,4.0,5.5,5.1,2.0,0.3,2.3,5.5,18.8,117.0,111.0,57.0,16.0,25.8,5.0,10.4,0.485,1.1,3.1,0.347,3.9,7.3,0.543,0.536,2.5,2.8,0.87,0.7,2.6,3.3,3.6,1.2,0.3,1.4,2.1,13.6,2026.0,23.0,1473.0,16.8,0.585,0.298,0.275,3.1,10.6,7.0,20.1,2.3,1.2,10.9,21.8,2.2,2.6,4.8,0.156,0.3,1.6,1.9,1.4,9.4,19.4,0.485,2.0,5.8,0.347,7.4,13.6,0.543,0.536,4.6,5.3,0.87,1.3,4.9,6.2,6.8,2.3,0.6,2.7,3.9,25.4,118.0,109.0,0.0,https://cdn.nba.com/headshots/nba/latest/1040x760/1642349.png,Oklahoma City Thunder,https://cdn.nba.com/logos/nba/1610612760/primary/L/logo.svg,OKC
3,125.0,Alex Sarr,19.0,WAS,C,67.0,67.0,27.1,4.9,12.4,0.394,1.6,5.1,0.308,3.3,7.3,0.454,0.457,1.7,2.5,0.679,1.9,4.6,6.5,2.4,0.7,1.5,1.7,2.2,13.0,2025,19.0,1814.0,12.9,0.482,0.412,0.199,7.1,17.9,12.5,13.9,1.2,5.0,11.2,23.5,-1.6,1.3,-0.3,-0.007,-2.2,-1.0,-3.3,-0.6,8.5,21.7,0.394,2.8,8.9,0.308,5.8,12.8,0.454,0.457,2.9,4.3,0.679,3.3,8.2,11.4,4.2,1.2,2.6,3.0,3.8,22.8,99.0,117.0,48.0,48.0,27.2,6.6,13.7,0.482,1.0,3.1,0.333,5.5,10.5,0.526,0.52,2.1,3.0,0.692,2.2,5.2,7.4,2.7,0.8,2.0,1.7,2.2,16.3,2026.0,20.0,1305.0,19.4,0.544,0.229,0.223,8.5,20.9,14.6,15.9,1.4,6.4,10.2,25.7,0.7,0.9,1.6,0.059,0.8,-0.1,0.7,0.9,11.5,23.8,0.482,1.8,5.4,0.333,9.7,18.4,0.526,0.52,3.7,5.3,0.692,3.8,9.1,12.9,4.7,1.4,3.4,3.0,3.8,28.4,110.0,119.0,0.0,https://cdn.nba.com/headshots/nba/latest/1040x760/1642259.png,Washington Wizards,https://cdn.nba.com/logos/nba/1610612764/primary/L/logo.svg,WAS
4,305.0,Antonio Reeves,24.0,NOP,SG,44.0,6.0,15.0,2.6,5.6,0.456,1.2,2.9,0.395,1.4,2.7,0.521,0.558,0.6,0.8,0.8,0.4,1.0,1.4,0.9,0.5,0.1,0.7,0.9,6.9,2025,24.0,660.0,11.7,0.579,0.52,0.141,2.9,7.6,5.1,8.8,1.5,0.6,10.2,18.8,0.4,0.0,0.4,0.029,-1.2,-2.0,-3.2,-0.2,8.3,18.2,0.456,3.7,9.5,0.395,4.6,8.7,0.521,0.558,2.1,2.6,0.8,1.3,3.3,4.6,2.9,1.5,0.3,2.2,2.9,22.4,111.0,123.0,10.0,0.0,6.8,1.0,2.0,0.5,0.7,1.3,0.538,0.3,0.7,0.429,0.675,0.0,0.0,0.0,0.2,0.6,0.8,0.3,0.1,0.0,0.1,0.3,2.7,2026.0,25.0,68.0,12.4,0.675,0.65,0.0,3.4,9.8,6.6,6.3,0.7,0.0,4.8,13.1,0.1,0.0,0.2,0.13,1.2,0.1,1.3,0.1,7.3,14.6,0.5,5.1,9.5,0.538,2.2,5.1,0.429,0.675,0.0,0.0,0.0,1.5,4.4,5.8,2.2,0.7,0.0,0.7,2.2,19.7,138.0,119.0,0.0,https://cdn.nba.com/headshots/nba/latest/1040x760/1641810.png,New Orleans Pelicans,https://cdn.nba.com/logos/nba/1610612740/primary/L/logo.svg,NOP
5,507.0,Ariel Hukporti,22.0,NYK,C,25.0,1.0,8.7,0.8,1.2,0.677,0.0,0.0,0.0,0.8,1.2,0.677,0.677,0.2,0.5,0.462,0.6,1.5,2.0,0.4,0.0,0.6,0.8,1.3,1.9,2025,22.0,217.0,7.6,0.654,0.0,0.419,7.5,19.4,13.5,6.4,0.2,6.4,36.4,11.6,-0.2,0.3,0.1,0.02,-6.5,0.9,-5.6,-0.2,4.8,7.1,0.677,0.0,0.0,0.0,4.8,7.1,0.677,0.677,1.4,3.0,0.462,3.2,8.5,11.7,2.5,0.2,3.4,4.8,7.3,11.0,95.0,113.0,54.0,5.0,9.2,0.8,1.5,0.563,0.0,0.1,0.25,0.8,1.4,0.579,0.569,0.5,0.6,0.788,1.0,1.9,2.9,0.5,0.2,0.5,0.6,1.2,2.2,2026.0,23.0,498.0,11.9,0.619,0.05,0.413,12.5,23.2,17.9,7.3,0.9,5.3,25.3,10.9,0.4,0.8,1.2,0.115,-3.7,1.4,-2.3,0.0,4.5,8.0,0.563,0.1,0.4,0.25,4.4,7.6,0.579,0.569,2.6,3.3,0.788,5.6,10.3,15.8,2.9,0.9,2.6,3.2,6.7,11.6,118.0,111.0,0.0,https://cdn.nba.com/headshots/nba/latest/1040x760/1630574.png,New York Knicks,https://cdn.nba.com/logos/nba/1610612752/primary/L/logo.svg,NYK
6,446.0,Baylor Scheierman,24.0,BOS,SG,31.0,2.0,12.4,1.3,3.5,0.355,0.8,2.6,0.317,0.4,0.9,0.464,0.473,0.3,0.4,0.75,0.6,1.5,2.1,1.1,0.5,0.1,0.4,0.7,3.6,2025,24.0,384.0,10.3,0.49,0.745,0.109,5.4,13.0,9.2,11.3,2.2,0.5,9.4,14.5,0.2,0.5,0.7,0.089,-2.5,0.8,-1.7,0.0,5.1,14.4,0.355,3.4,10.7,0.317,1.7,3.7,0.464,0.473,1.2,1.6,0.75,2.5,6.0,8.5,4.3,2.2,0.3,1.6,2.9,14.8,111.0,111.0,77.0,20.0,18.6,2.0,4.3,0.453,1.3,3.2,0.399,0.7,1.2,0.6,0.599,0.4,0.4,0.903,0.7,2.8,3.5,1.5,0.5,0.1,0.6,1.4,5.5,2026.0,25.0,1429.0,11.6,0.616,0.73,0.093,4.5,16.0,10.3,10.5,1.5,0.4,11.7,11.9,2.1,1.8,3.8,0.129,-0.7,1.3,0.6,0.9,5.3,11.8,0.453,3.4,8.6,0.399,1.9,3.2,0.6,0.599,1.0,1.1,0.903,2.0,7.5,9.5,4.1,1.5,0.2,1.6,3.8,15.1,128.0,114.0,0.0,https://cdn.nba.com/headshots/nba/latest/1040x760/1631248.png,Boston Celtics,https://cdn.nba.com/logos/nba/1610612738/primary/L/logo.svg,BOS
7,508.0,Bobi Klintman,21.0,DET,SF,8.0,0.0,5.3,0.8,1.3,0.6,0.3,0.6,0.4,0.5,0.6,0.8,0.7,0.1,0.3,0.5,0.1,0.8,0.9,0.9,0.3,0.1,0.1,1.0,1.9,2025,21.0,42.0,15.9,0.689,0.5,0.2,2.7,15.7,9.2,22.5,2.3,2.3,8.4,11.9,0.1,0.1,0.2,0.208,-1.0,1.9,1.0,0.0,6.9,11.4,0.6,2.3,5.7,0.4,4.6,5.7,0.8,0.7,1.1,2.3,0.5,1.1,6.9,8.0,8.0,2.3,1.1,1.1,9.2,17.2,145.0,111.0,12.0,0.0,5.9,0.8,2.3,0.333,0.3,1.1,0.308,0.4,1.2,0.357,0.407,0.0,0.3,0.0,0.4,1.2,1.6,0.5,0.3,0.0,0.5,0.9,1.8,2026.0,22.0,71.0,4.5,0.388,0.481,0.111,8.0,21.8,15.0,10.9,2.0,0.0,17.5,20.1,-0.2,0.1,-0.1,-0.043,-7.7,-1.0,-8.7,-0.1,6.1,18.4,0.333,2.7,8.9,0.308,3.4,9.5,0.357,0.407,0.0,2.0,0.0,3.4,9.5,12.9,4.1,2.0,0.0,4.1,7.5,15.0,83.0,109.0,0.0,https://cdn.nba.com/headshots/nba/latest/1040x760/1641752.png,Detroit Pistons,https://cdn.nba.com/logos/nba/1610612765/primary/L/logo.svg,DET
8,436.0,Branden Carlson,25.0,OKC,C,32.0,0.0,7.7,1.3,3.0,0.443,0.7,2.1,0.333,0.7,1.0,0.677,0.557,0.4,0.6,0.778,0.5,1.2,1.7,0.4,0.2,0.7,0.2,0.7,3.8,2025,25.0,246.0,17.6,0.581,0.68,0.186,7.6,15.8,11.8,7.5,1.0,8.6,6.3,19.3,0.4,0.5,0.9,0.177,0.5,0.8,1.3,0.2,8.4,18.9,0.443,4.3,12.9,0.333,4.1,6.0,0.677,0.557,2.7,3.5,0.778,3.3,7.2,10.5,2.7,1.0,4.1,1.4,4.3,23.8,122.0,106.0,42.0,4.0,11.6,2.3,4.4,0.527,0.7,2.0,0.36,1.6,2.4,0.67,0.61,0.4,0.6,0.577,0.7,2.3,3.0,0.7,0.2,0.6,0.4,0.9,5.8,2026.0,26.0,488.0,17.7,0.613,0.462,0.14,6.7,20.3,13.8,8.6,0.8,5.4,7.5,18.9,0.8,1.0,1.7,0.171,0.5,0.3,0.8,0.4,9.7,18.4,0.527,3.1,8.5,0.36,6.6,9.9,0.67,0.61,1.5,2.6,0.577,2.9,9.4,12.3,2.9,0.8,2.7,1.6,3.6,24.0,122.0,107.0,0.0,https://cdn.nba.com/headshots/nba/latest/1040x760/1642382.png,Oklahoma City Thunder,https://cdn.nba.com/logos/nba/1610612760/primary/L/logo.svg,OKC
9,491.0,Bronny James,20.0,LAL,SG,27.0,1.0,6.7,0.8,2.5,0.313,0.3,1.2,0.281,0.4,1.3,0.343,0.381,0.4,0.5,0.786,0.1,0.5,0.7,0.8,0.3,0.1,0.5,0.5,2.3,2025,20.0,181.0,7.1,0.424,0.478,0.209,2.6,8.5,5.6,16.5,2.4,1.6,15.1,20.9,-0.3,0.2,-0.2,-0.043,-5.9,-1.3,-7.2,-0.2,5.7,18.2,0.313,2.4,8.7,0.281,3.3,9.5,0.343,0.381,3.0,3.8,0.786,1.1,3.8,4.9,6.0,2.4,0.8,3.5,3.5,16.8,89.0,115.0,42.0,1.0,8.9,1.1,2.7,0.409,0.5,1.4,0.386,0.6,1.4,0.431,0.504,0.1,0.2,0.857,0.1,0.4,0.5,1.2,0.5,0.1,0.6,0.7,2.9,2026.0,21.0,375.0,9.0,0.517,0.496,0.061,1.6,5.4,3.6,18.1,2.5,1.0,17.5,16.7,-0.2,0.3,0.1,0.018,-3.4,-0.9,-4.3,-0.2,6.1,15.0,0.409,2.9,7.4,0.386,3.3,7.6,0.431,0.504,0.8,0.9,0.857,0.7,2.3,3.0,6.6,2.5,0.5,3.3,3.6,15.9,102.0,118.0,0.0,https://cdn.nba.com/headshots/nba/latest/1040x760/1642355.png,Los Angeles Lakers,https://cdn.nba.com/logos/nba/1610612747/primary/L/logo.svg,LAL
10,198.0,Bub Carrington,19.0,WAS,PG,82.0,57.0,30.0,3.7,9.1,0.401,1.7,5.0,0.339,2.0,4.2,0.475,0.493,0.8,1.0,0.812,0.4,3.8,4.2,4.4,0.7,0.3,1.7,2.3,9.8,2025,19.0,2458.0,9.0,0.514,0.544,0.114,1.4,13.1,7.2,21.2,1.0,0.8,15.2,15.8,-0.4,0.6,0.2,0.005,-3.3,-1.3,-4.6,-1.6,5.8,14.5,0.401,2.7,7.9,0.339,3.1,6.6,0.475,0.493,1.3,1.6,0.812,0.6,6.0,6.6,7.0,1.0,0.4,2.7,3.7,15.6,104.0,121.0,82.0,48.0,27.7,3.8,9.0,0.424,2.1,5.0,0.408,1.8,4.0,0.443,0.538,1.0,1.4,0.73,0.4,3.0,3.4,4.6,0.6,0.2,2.3,2.2,10.7,2026.0,20.0,2271.0,9.9,0.556,0.559,0.15,1.5,11.7,6.5,23.0,1.1,0.7,19.5,18.0,-0.3,-0.1,-0.4,-0.009,-2.2,-2.5,-4.7,-1.6,6.5,15.5,0.424,3.5,8.6,0.408,3.0,6.8,0.443,0.538,1.7,2.3,0.73,0.7,5.1,5.8,7.9,1.1,0.4,4.0,3.8,18.3,105.0,126.0,0.0,https://cdn.nba.com/headshots/nba/latest/1040x760/1642267.png,Washington Wizards,https://cdn.nba.com/logos/nba/1610612764/primary/L/logo.svg,WAS
11,534.0,Cam Christie,19.0,LAC,SG,13.0,0.0,4.5,0.5,1.8,0.292,0.2,1.0,0.154,0.4,0.8,0.455,0.333,0.2,0.3,0.5,0.2,0.7,0.9,0.5,0.4,0.1,0.2,0.3,1.4,2025,19.0,59.0,9.1,0.349,0.542,0.167,5.8,17.0,11.5,13.7,4.2,1.7,7.2,20.5,-0.1,0.1,0.0,-0.005,-5.5,3.0,-2.5,0.0,5.8,20.0,0.292,1.7,10.8,0.154,4.2,9.2,0.455,0.333,1.7,3.3,0.5,2.5,7.5,10.0,5.0,4.2,0.8,1.7,3.3,15.0,86.0,105.0,55.0,0.0,8.7,1.0,2.5,0.381,0.2,0.9,0.245,0.7,1.6,0.456,0.424,0.7,0.9,0.76,0.3,1.1,1.4,0.6,0.3,0.1,0.4,0.3,2.8,2026.0,20.0,480.0,9.2,0.484,0.353,0.36,4.7,13.9,9.4,8.9,1.7,0.6,12.0,16.9,-0.2,0.4,0.2,0.016,-3.5,-1.1,-4.6,-0.3,5.5,14.4,0.381,1.2,5.1,0.245,4.2,9.3,0.456,0.424,3.9,5.2,0.76,2.0,6.1,8.1,3.2,1.7,0.3,2.3,2.0,16.2,102.0,118.0,0.0,https://cdn.nba.com/headshots/nba/latest/1040x760/1642353.png,LA Clippers,https://cdn.nba.com/logos/nba/1610612746/primary/L/logo.svg,LAC
12,418.0,Cam Spencer,24.0,MEM,SG,25.0,1.0,10.1,1.4,3.3,0.415,0.8,2.1,0.365,0.6,1.2,0.5,0.53,0.8,0.8,1.0,0.5,0.7,1.2,1.4,0.4,0.0,0.2,0.9,4.2,2025,24.0,252.0,14.2,0.587,0.634,0.232,5.1,7.5,6.3,16.9,1.7,0.4,6.2,15.4,0.6,0.2,0.8,0.16,0.3,0.2,0.5,0.2,6.3,15.1,0.415,3.5,9.6,0.365,2.8,5.5,0.5,0.53,3.5,3.5,1.0,2.2,3.3,5.5,6.3,1.7,0.2,1.1,4.2,19.6,134.0,117.0,72.0,20.0,23.8,3.7,7.7,0.473,2.0,4.5,0.449,1.6,3.2,0.506,0.604,1.8,1.9,0.94,0.6,2.0,2.5,5.6,0.7,0.2,1.3,1.4,11.1,2026.0,25.0,1714.0,17.2,0.649,0.585,0.241,2.5,9.2,5.8,33.1,1.4,0.6,13.1,17.2,4.7,0.6,5.3,0.149,3.0,-0.8,2.2,1.8,7.3,15.4,0.473,4.0,9.0,0.449,3.2,6.4,0.506,0.604,3.5,3.7,0.94,1.1,4.0,5.1,11.1,1.4,0.3,2.6,2.8,22.1,133.0,122.0,0.0,https://cdn.nba.com/headshots/nba/latest/1040x760/1642285.png,Memphis Grizzlies,https://cdn.nba.com/logos/nba/1610612763/primary/L/logo.svg,MEM
13,394.0,Cody Williams,20.0,UTA,SG,50.0,21.0,21.2,1.7,5.1,0.323,0.7,2.7,0.259,1.0,2.4,0.393,0.391,0.6,0.8,0.725,0.5,1.7,2.3,1.2,0.5,0.3,0.9,1.9,4.6,2025,20.0,1060.0,3.7,0.419,0.525,0.156,2.8,8.7,5.7,7.4,1.0,1.4,13.8,12.5,-1.2,0.1,-1.2,-0.053,-6.1,-1.2,-7.3,-1.4,3.8,11.6,0.323,1.6,6.1,0.259,2.2,5.5,0.393,0.391,1.3,1.8,0.725,1.2,3.9,5.1,2.7,1.0,0.7,2.0,4.3,10.4,89.0,123.0,67.0,41.0,24.3,3.6,7.6,0.468,0.4,2.0,0.214,3.1,5.6,0.556,0.495,1.3,1.8,0.706,0.9,2.0,3.0,2.0,0.8,0.4,1.1,1.8,8.8,2026.0,21.0,1631.0,9.6,0.524,0.257,0.234,3.9,9.3,6.6,11.4,1.5,1.5,11.5,16.0,0.0,0.1,0.1,0.004,-3.6,-1.9,-5.5,-1.5,6.8,14.6,0.468,0.8,3.8,0.214,6.0,10.9,0.556,0.495,2.4,3.4,0.706,1.8,3.9,5.7,3.9,1.5,0.7,2.1,3.5,16.9,107.0,124.0,0.0,https://cdn.nba.com/headshots/nba/latest/1040x760/1642262.png,Utah Jazz,https://cdn.nba.com/logos/nba/1610612762/primary/L/logo.svg,UTA
14,289.0,Daeqwon Plowden,26.0,ATL,SG,6.0,0.0,12.0,2.7,4.2,0.64,1.5,2.8,0.529,1.2,1.3,0.875,0.82,0.3,0.3,1.0,0.7,1.2,1.8,0.3,0.0,0.0,0.7,1.7,7.2,2025,26.0,72.0,16.1,0.831,0.68,0.08,5.9,10.9,8.4,4.1,0.0,0.0,13.4,17.0,0.2,0.0,0.2,0.125,1.5,-1.5,-0.1,0.0,10.4,16.2,0.64,5.8,11.0,0.529,4.5,5.2,0.875,0.82,1.3,1.3,1.0,2.6,4.5,7.1,1.3,0.0,0.0,2.6,6.5,27.9,135.0,122.0,32.0,7.0,26.4,3.8,8.7,0.43,1.9,5.8,0.333,1.8,2.9,0.624,0.541,1.3,1.5,0.857,1.0,2.0,3.0,1.3,0.7,0.2,0.8,2.4,10.8,2026.0,27.0,844.0,10.7,0.572,0.667,0.176,4.2,8.7,6.4,6.7,1.3,0.8,8.0,16.4,0.7,0.1,0.8,0.043,-2.1,-2.3,-4.4,-0.5,6.9,16.0,0.43,3.6,10.7,0.333,3.3,5.3,0.624,0.541,2.4,2.8,0.857,1.9,3.7,5.6,2.3,1.3,0.4,1.5,4.5,19.7,116.0,124.0,0.0,https://cdn.nba.com/headshots/nba/latest/1040x760/1631342.png,Atlanta Hawks,https://cdn.nba.com/logos/nba/1610612737/primary/L/logo.svg,ATL
15,217.0,Dalton Knecht,23.0,LAL,SF,78.0,16.0,19.2,3.3,7.1,0.461,1.6,4.4,0.376,1.7,2.8,0.594,0.576,0.8,1.1,0.762,0.5,2.3,2.8,0.8,0.3,0.1,0.5,1.2,9.1,2025,23.0,1494.0,12.7,0.594,0.61,0.151,2.9,13.1,8.1,6.5,0.8,0.5,5.9,18.5,1.7,1.0,2.7,0.086,-0.1,-1.7,-1.8,0.1,8.5,18.3,0.461,4.2,11.2,0.376,4.2,7.1,0.594,0.576,2.1,2.8,0.762,1.2,5.9,7.1,2.2,0.8,0.3,1.2,3.1,23.2,117.0,118.0,54.0,1.0,10.2,1.6,3.5,0.455,0.7,2.1,0.342,0.9,1.5,0.613,0.555,0.3,0.4,0.727,0.3,1.1,1.4,0.4,0.2,0.2,0.4,0.8,4.2,2026.0,24.0,553.0,10.1,0.568,0.581,0.115,3.1,12.5,8.0,5.3,1.0,1.8,10.3,17.7,0.1,0.4,0.4,0.038,-2.1,-1.6,-3.6,-0.2,7.7,16.9,0.455,3.4,9.8,0.342,4.3,7.1,0.613,0.555,1.4,1.9,0.727,1.2,5.4,6.6,1.9,1.0,1.0,2.0,4.0,20.1,108.0,119.0,0.0,https://cdn.nba.com/headshots/nba/latest/1040x760/1642261.png,Los Angeles Lakers,https://cdn.nba.com/logos/nba/1610612747/primary/L/logo.svg,LAL
16,541.0,Daniss Jenkins,23.0,DET,PG,7.0,0.0,3.3,0.4,1.4,0.3,0.1,1.0,0.143,0.3,0.4,0.667,0.35,0.0,0.3,0.0,0.0,0.3,0.3,0.4,0.0,0.0,0.1,0.3,1.0,2025,23.0,23.0,-0.1,0.322,0.7,0.2,0.0,9.6,4.8,17.3,0.0,0.0,8.4,21.8,-0.1,0.0,-0.1,-0.15,-10.2,-5.7,-15.8,-0.1,6.3,20.9,0.3,2.1,14.6,0.143,4.2,6.3,0.667,0.35,0.0,4.2,0.0,0.0,4.2,4.2,6.3,0.0,0.0,2.1,4.2,14.6,75.0,120.0,72.0,19.0,20.2,3.2,7.9,0.408,1.0,2.7,0.374,2.2,5.2,0.426,0.473,1.9,2.2,0.832,0.7,1.6,2.3,3.9,0.9,0.2,1.6,1.5,9.3,2026.0,24.0,1455.0,13.4,0.525,0.343,0.283,4.0,8.7,6.4,25.8,2.1,1.0,15.3,21.5,0.9,2.0,2.9,0.095,-0.8,0.1,-0.7,0.5,7.7,18.9,0.408,2.4,6.5,0.374,5.3,12.4,0.426,0.473,4.5,5.4,0.832,1.7,3.8,5.5,9.2,2.1,0.5,3.8,3.6,22.3,111.0,113.0,0.0,https://cdn.nba.com/headshots/nba/latest/1040x760/1642450.png,Detroit Pistons,https://cdn.nba.com/logos/nba/1610612765/primary/L/logo.svg,DET
17,437.0,Devin Carter,22.0,SAC,PG,36.0,0.0,11.0,1.3,3.5,0.37,0.5,1.7,0.295,0.8,1.8,0.439,0.441,0.7,1.2,0.591,0.5,1.6,2.1,1.1,0.6,0.1,0.5,1.1,3.8,2025,22.0,396.0,10.8,0.471,0.48,0.346,5.4,16.2,10.8,13.5,2.6,1.0,11.0,17.9,-0.1,0.4,0.4,0.043,-3.5,0.3,-3.2,-0.1,5.8,15.7,0.37,2.2,7.5,0.295,3.6,8.2,0.439,0.441,3.2,5.4,0.591,2.3,7.0,9.4,5.1,2.6,0.5,2.2,4.8,17.0,104.0,114.0,38.0,12.0,18.4,3.2,7.7,0.414,0.8,3.0,0.263,2.4,4.7,0.511,0.466,1.8,2.5,0.713,0.9,2.3,3.3,2.7,0.9,0.2,1.4,1.3,8.9,2026.0,23.0,700.0,13.8,0.508,0.39,0.322,5.6,14.6,10.0,20.9,2.3,1.2,13.9,23.5,-0.2,0.4,0.2,0.012,-1.5,-1.2,-2.6,-0.1,8.4,20.2,0.414,2.1,7.9,0.263,6.3,12.3,0.511,0.466,4.6,6.5,0.713,2.5,6.2,8.6,7.0,2.3,0.6,3.7,3.5,23.4,104.0,120.0,0.0,https://cdn.nba.com/headshots/nba/latest/1040x760/1642269.png,Sacramento Kings,https://cdn.nba.com/logos/nba/1610612758/primary/L/logo.svg,SAC
18,485.0,Dillon Jones,23.0,OKC,SF,54.0,3.0,10.2,0.9,2.5,0.383,0.3,1.2,0.254,0.6,1.3,0.5,0.444,0.3,0.5,0.607,0.6,1.7,2.2,1.1,0.3,0.1,0.5,1.0,2.5,2025,23.0,552.0,8.1,0.464,0.474,0.211,6.0,17.3,11.8,12.6,1.4,0.7,16.2,13.3,-0.1,0.9,0.8,0.067,-4.3,0.3,-4.0,-0.3,4.4,11.6,0.383,1.4,5.5,0.254,3.0,6.1,0.5,0.444,1.5,2.4,0.607,2.6,7.9,10.5,5.1,1.4,0.3,2.4,4.7,11.8,103.0,109.0,7.0,0.0,5.6,0.3,1.3,0.222,0.1,0.7,0.2,0.1,0.6,0.25,0.278,0.6,0.6,1.0,0.3,0.7,1.0,0.6,0.4,0.0,0.0,0.9,1.3,2026.0,24.0,39.0,10.3,0.418,0.556,0.444,5.7,14.4,10.0,12.3,3.8,0.0,0.0,11.8,0.0,0.1,0.1,0.134,-5.4,2.8,-2.6,0.0,2.5,11.4,0.222,1.3,6.4,0.2,1.3,5.1,0.25,0.278,5.1,5.1,1.0,2.5,6.4,8.9,5.1,3.8,0.0,0.0,7.6,11.4,122.0,110.0,0.0,https://cdn.nba.com/headshots/nba/latest/1040x760/1641794.png,Oklahoma City Thunder,https://cdn.nba.com/logos/nba/1610612760/primary/L/logo.svg,OKC
19,319.0,Donovan Clingan,20.0,POR,C,67.0,37.0,19.8,2.7,5.0,0.539,0.2,0.7,0.286,2.5,4.3,0.582,0.56,0.9,1.6,0.596,3.2,4.6,7.9,1.1,0.5,1.6,1.1,2.8,6.5,2025,20.0,1324.0,17.4,0.574,0.147,0.311,17.3,26.1,21.6,8.3,1.2,7.5,15.9,14.2,1.8,2.2,4.0,0.144,-1.7,1.4,-0.3,0.6,6.6,12.3,0.539,0.5,1.8,0.286,6.1,10.5,0.582,0.56,2.3,3.8,0.596,8.0,11.4,19.3,2.8,1.2,4.0,2.6,6.9,16.0,120.0,109.0,77.0,77.0,27.2,4.6,8.9,0.52,1.1,3.2,0.341,3.5,5.7,0.621,0.582,1.8,2.6,0.68,4.5,7.1,11.6,2.1,0.6,1.7,1.2,2.4,12.1,2026.0,21.0,2094.0,20.9,0.604,0.36,0.297,17.7,28.6,23.1,11.4,1.0,5.5,10.9,16.9,5.1,3.5,8.6,0.197,2.4,0.6,3.0,2.6,8.1,15.6,0.52,1.9,5.6,0.341,6.2,10.0,0.621,0.582,3.1,4.6,0.68,7.9,12.4,20.3,3.7,1.0,3.0,2.2,4.2,21.3,131.0,110.0,0.0,https://cdn.nba.com/headshots/nba/latest/1040x760/1642270.png,Portland Trail Blazers,https://cdn.nba.com/logos/nba/1610612757/primary/L/logo.svg,POR
20,143.0,Drew Timme,24.0,BRK,PF,9.0,2.0,28.2,5.0,11.3,0.441,1.0,3.9,0.257,4.0,7.4,0.537,0.485,1.1,1.8,0.625,1.9,5.3,7.2,2.2,0.4,0.1,1.7,2.3,12.1,2025,24.0,254.0,11.0,0.5,0.343,0.157,7.3,22.5,14.5,13.1,0.8,0.4,12.1,21.3,-0.1,0.2,0.0,0.009,-3.9,-2.8,-6.7,-0.3,8.8,20.0,0.441,1.8,6.9,0.257,7.1,13.1,0.537,0.485,2.0,3.1,0.625,3.3,9.4,12.7,3.9,0.8,0.2,2.9,4.1,21.4,100.0,117.0,27.0,1.0,8.7,1.4,2.4,0.576,0.4,0.9,0.44,1.0,1.5,0.659,0.659,0.2,0.3,0.556,0.4,0.9,1.2,0.9,0.2,0.0,0.5,0.7,3.4,2026.0,25.0,235.0,12.6,0.658,0.379,0.136,5.2,11.1,8.2,13.7,1.2,0.0,15.7,15.4,0.3,0.1,0.4,0.092,-0.8,-1.4,-2.2,0.0,7.9,13.7,0.576,2.3,5.2,0.44,5.6,8.5,0.659,0.659,1.0,1.9,0.556,2.1,4.8,6.9,4.8,1.2,0.0,2.7,4.2,19.1,121.0,120.0,0.0,https://cdn.nba.com/headshots/nba/latest/1040x760/1631166.png,Brooklyn Nets,https://cdn.nba.com/logos/nba/1610612751/primary/L/logo.svg,BRK
21,461.0,Elijah Harkless,24.0,UTA,SG,10.0,0.0,13.8,1.1,3.5,0.314,0.7,2.5,0.28,0.4,1.0,0.4,0.414,0.3,0.6,0.5,0.9,1.2,2.1,0.8,1.0,0.1,0.3,1.8,3.2,2025,24.0,138.0,7.8,0.425,0.714,0.171,7.1,9.3,8.2,7.7,3.5,0.7,7.4,12.3,0.0,0.1,0.1,0.023,-5.2,1.5,-3.8,-0.1,3.8,12.2,0.314,2.4,8.7,0.28,1.4,3.5,0.4,0.414,1.0,2.1,0.5,3.1,4.2,7.3,2.8,3.5,0.3,1.0,6.3,11.1,103.0,118.0,26.0,9.0,21.0,2.1,6.2,0.335,0.8,3.4,0.239,1.3,2.8,0.452,0.401,1.9,2.5,0.766,0.4,1.7,2.0,2.9,1.2,0.2,1.0,2.0,6.8,2026.0,25.0,545.0,9.1,0.471,0.547,0.398,1.9,8.7,5.3,17.6,2.7,1.1,12.1,16.2,-0.1,0.2,0.1,0.005,-4.9,-0.7,-5.6,-0.5,4.6,13.9,0.335,1.8,7.6,0.239,2.8,6.3,0.452,0.401,4.2,5.5,0.766,0.9,3.7,4.6,6.5,2.7,0.5,2.2,4.5,15.3,104.0,122.0,0.0,https://cdn.nba.com/headshots/nba/latest/1040x760/1641989.png,Utah Jazz,https://cdn.nba.com/logos/nba/1610612762/primary/L/logo.svg,UTA
22,519.0,Emanuel Miller,24.0,CHI,PF,6.0,0.0,4.2,0.7,1.3,0.5,0.0,0.2,0.0,0.7,1.2,0.571,0.5,0.3,0.3,1.0,0.7,0.7,1.3,0.3,0.2,0.0,0.0,0.5,1.7,2025,24.0,25.0,18.1,0.563,0.125,0.25,17.1,16.5,16.8,10.9,1.9,0.0,0.0,14.8,0.1,0.0,0.1,0.201,-0.9,-0.9,-1.8,0.0,7.5,14.9,0.5,0.0,1.9,0.0,7.5,13.1,0.571,0.5,3.7,3.7,1.0,7.5,7.5,14.9,3.7,1.9,0.0,0.0,5.6,18.7,141.0,116.0,5.0,0.0,6.6,1.2,2.6,0.462,0.4,1.2,0.333,0.8,1.4,0.571,0.538,0.2,0.4,0.5,0.2,0.4,0.6,0.8,0.4,0.0,0.0,0.4,3.0,2026.0,25.0,33.0,15.0,0.54,0.462,0.154,3.3,6.4,4.8,17.4,2.8,0.0,0.0,17.5,0.1,0.0,0.1,0.111,1.6,0.9,2.5,0.0,8.5,18.4,0.462,2.8,8.5,0.333,5.7,9.9,0.571,0.538,1.4,2.8,0.5,1.4,2.8,4.3,5.7,2.8,0.0,0.0,2.8,21.3,123.0,119.0,0.0,https://cdn.nba.com/headshots/nba/latest/1040x760/1641801.png,Chicago Bulls,https://cdn.nba.com/logos/nba/1610612741/primary/L/logo.svg,CHI
23,500.0,Enrique Freeman,24.0,IND,PF,22.0,1.0,8.2,0.7,1.7,0.432,0.0,0.5,0.1,0.7,1.2,0.556,0.446,0.6,0.9,0.684,0.5,0.9,1.4,0.4,0.1,0.1,0.3,1.0,2.1,2025,24.0,181.0,7.4,0.507,0.27,0.514,6.8,11.6,9.2,6.1,0.8,1.5,11.7,12.3,0.0,0.1,0.2,0.046,-4.9,-1.4,-6.3,-0.2,4.2,9.8,0.432,0.3,2.7,0.1,4.0,7.2,0.556,0.446,3.5,5.0,0.684,2.9,5.0,8.0,2.4,0.8,0.8,1.6,5.6,12.2,109.0,118.0,4.0,0.0,9.3,1.0,2.0,0.5,0.5,1.0,0.5,0.5,1.0,0.5,0.625,0.8,1.0,0.75,0.5,2.0,2.5,0.5,0.5,0.8,0.5,1.3,3.3,2026.0,25.0,37.0,15.6,0.666,0.5,0.5,6.1,23.3,14.8,7.0,2.6,7.0,17.0,13.4,0.0,0.1,0.1,0.162,-1.5,1.5,0.0,0.0,5.2,10.3,0.5,2.6,5.2,0.5,2.6,5.2,0.5,0.625,3.9,5.2,0.75,2.6,10.3,12.9,2.6,2.6,3.9,2.6,6.5,16.8,123.0,106.0,0.0,https://cdn.nba.com/headshots/nba/latest/1040x760/1642402.png,Indiana Pacers,https://cdn.nba.com/logos/nba/1610612754/primary/L/logo.svg,IND
24,552.0,Harrison Ingram,22.0,SAS,SF,5.0,0.0,7.0,0.4,0.8,0.5,0.0,0.2,0.0,0.4,0.6,0.667,0.5,0.0,0.0,0.0,0.4,1.4,1.8,0.6,0.6,0.0,0.2,0.4,0.8,2025,22.0,35.0,10.9,0.5,0.25,0.0,6.1,21.5,13.8,10.6,4.1,0.0,20.0,6.1,0.0,0.1,0.1,0.093,-3.6,2.4,-1.2,0.0,2.8,5.5,0.5,0.0,1.4,0.0,2.8,4.1,0.667,0.5,0.0,0.0,0.0,2.8,9.7,12.4,4.1,4.1,0.0,1.4,2.8,5.5,117.0,111.0,7.0,0.0,3.7,0.7,0.9,0.833,0.1,0.1,1.0,0.6,0.7,0.8,0.917,0.0,0.0,0.0,0.4,0.0,0.4,0.1,0.0,0.0,0.1,0.3,1.6,2026.0,23.0,26.0,15.8,0.917,0.167,0.0,12.8,0.0,6.2,5.4,0.0,0.0,14.3,11.3,0.1,0.0,0.1,0.178,3.6,-1.4,2.3,0.0,9.2,11.1,0.833,1.8,1.8,1.0,7.4,9.2,0.8,0.917,0.0,0.0,0.0,5.5,0.0,5.5,1.8,0.0,0.0,1.8,3.7,20.3,158.0,121.0,0.0,https://cdn.nba.com/headshots/nba/latest/1040x760/1631127.png,San Antonio Spurs,https://cdn.nba.com/logos/nba/1610612759/primary/L/logo.svg,SAS
25,457.0,Isaac Jones,24.0,SAC,PF,40.0,0.0,7.6,1.4,2.1,0.651,0.1,0.2,0.375,1.3,1.9,0.68,0.669,0.6,0.9,0.639,0.6,0.9,1.4,0.3,0.1,0.3,0.4,0.8,3.4,2025,24.0,304.0,15.2,0.678,0.096,0.434,8.1,12.9,10.5,5.6,0.8,3.2,13.9,16.3,0.5,0.2,0.7,0.115,-0.9,-0.8,-1.7,0.0,8.7,13.4,0.651,0.5,1.3,0.375,8.2,12.1,0.68,0.669,3.7,5.8,0.639,3.5,5.6,9.2,1.9,0.8,1.6,2.6,4.8,21.6,124.0,118.0,7.0,1.0,5.1,0.4,1.0,0.429,0.0,0.3,0.0,0.4,0.7,0.6,0.429,0.4,0.6,0.75,0.3,0.4,0.7,0.1,0.0,0.1,0.1,0.6,1.3,2026.0,25.0,36.0,6.4,0.514,0.286,0.571,6.0,9.2,7.8,3.5,0.0,2.8,10.2,11.3,0.0,0.0,0.0,0.038,-5.9,-2.2,-8.1,-0.1,4.0,9.4,0.429,0.0,2.7,0.0,4.0,6.7,0.6,0.429,4.0,5.4,0.75,2.7,4.0,6.7,1.3,0.0,1.3,1.3,5.4,12.1,112.0,121.0,0.0,https://cdn.nba.com/headshots/nba/latest/1040x760/1642403.png,Sacramento Kings,https://cdn.nba.com/logos/nba/1610612758/primary/L/logo.svg,SAC
26,240.0,Isaiah Collier,20.0,UTA,PG,71.0,46.0,25.9,3.3,7.8,0.422,0.6,2.4,0.249,2.7,5.4,0.497,0.459,1.5,2.2,0.682,0.5,2.9,3.3,6.3,0.9,0.2,2.9,2.1,8.7,2025,20.0,1839.0,9.7,0.494,0.305,0.277,1.9,11.8,6.9,34.3,1.7,0.8,25.0,18.9,-1.3,0.5,-0.8,-0.021,-3.8,-1.5,-5.3,-1.6,6.1,14.5,0.422,1.1,4.4,0.249,5.0,10.1,0.497,0.459,2.7,4.0,0.682,0.8,5.3,6.1,11.6,1.7,0.4,5.4,3.9,16.0,99.0,121.0,59.0,19.0,25.7,4.3,8.7,0.495,0.5,1.7,0.27,3.9,7.0,0.549,0.521,2.6,3.5,0.722,0.4,2.2,2.5,7.2,1.1,0.3,2.5,2.3,11.7,2026.0,21.0,1517.0,14.8,0.567,0.194,0.406,1.5,9.4,5.3,39.2,2.0,1.3,19.6,20.4,1.3,0.3,1.7,0.053,-0.7,-1.8,-2.4,-0.2,7.9,15.9,0.495,0.8,3.1,0.27,7.1,12.8,0.549,0.521,4.7,6.5,0.722,0.6,4.0,4.6,13.1,2.0,0.6,4.6,4.3,21.3,114.0,123.0,0.0,https://cdn.nba.com/headshots/nba/latest/1040x760/1642268.png,Utah Jazz,https://cdn.nba.com/logos/nba/1610612762/primary/L/logo.svg,UTA
27,546.0,Isaiah Crawford,23.0,SAC,SF,15.0,0.0,3.1,0.3,0.7,0.455,0.1,0.3,0.2,0.3,0.4,0.667,0.5,0.1,0.3,0.5,0.1,0.5,0.5,0.1,0.1,0.1,0.1,0.1,0.9,2025,23.0,46.0,9.2,0.509,0.455,0.364,2.4,17.1,9.7,2.8,1.1,4.3,7.3,12.9,0.0,0.0,0.0,0.037,-3.4,-0.7,-4.1,0.0,5.3,11.7,0.455,1.1,5.3,0.2,4.3,6.4,0.667,0.5,2.1,4.3,0.5,1.1,7.4,8.5,1.1,1.1,2.1,1.1,2.1,13.8,103.0,116.0,14.0,0.0,6.6,0.7,1.7,0.417,0.2,0.9,0.231,0.5,0.8,0.636,0.479,0.4,0.4,0.833,0.2,0.9,1.1,0.4,0.1,0.2,0.3,0.3,2.0,2026.0,24.0,92.0,9.8,0.526,0.542,0.25,3.7,15.4,9.6,7.0,1.1,3.0,13.1,14.0,0.0,0.1,0.1,0.069,-3.0,0.1,-3.0,0.0,5.4,13.0,0.417,1.6,7.1,0.231,3.8,6.0,0.636,0.479,2.7,3.3,0.833,1.6,7.1,8.7,2.7,1.1,1.6,2.2,2.2,15.2,110.0,114.0,0.0,https://cdn.nba.com/headshots/nba/latest/1040x760/1642384.png,Sacramento Kings,https://cdn.nba.com/logos/nba/1610612758/primary/L/logo.svg,SAC
28,568.0,Isaiah Stevens,24.0,MIA,PG,3.0,0.0,2.0,0.0,0.7,0.0,0.0,0.3,0.0,0.0,0.3,0.0,0.0,0.0,0.0,0.0,0.0,0.7,0.7,0.0,0.3,0.0,0.0,0.0,0.0,2025,24.0,6.0,0.1,0.0,0.5,0.0,0.0,36.5,18.4,0.0,8.3,0.0,0.0,14.8,0.0,0.0,0.0,-0.196,-19.5,7.7,-11.8,0.0,0.0,16.6,0.0,0.0,8.3,0.0,0.0,8.3,0.0,0.0,0.0,0.0,0.0,0.0,16.6,16.6,0.0,8.3,0.0,0.0,0.0,0.0,0.0,93.0,3.0,0.0,14.3,1.0,2.3,0.429,0.0,0.3,0.0,1.0,2.0,0.5,0.429,1.3,1.3,1.0,0.7,0.3,1.0,3.3,1.7,0.0,0.7,0.7,3.3,2026.0,25.0,43.0,16.5,0.571,0.143,0.571,5.1,2.7,3.9,29.3,5.6,0.0,18.6,10.6,0.1,0.0,0.1,0.133,-1.2,3.4,2.2,0.0,3.4,7.9,0.429,0.0,1.1,0.0,3.4,6.7,0.5,0.429,4.5,4.5,1.0,2.2,1.1,3.4,11.2,5.6,0.0,2.2,2.2,11.2,131.0,117.0,0.0,https://cdn.nba.com/headshots/nba/latest/1040x760/1641815.png,Miami Heat,https://cdn.nba.com/logos/nba/1610612748/primary/L/logo.svg,MIA
29,248.0,Ja'Kobe Walter,20.0,TOR,SG,52.0,18.0,21.2,3.1,7.6,0.405,1.3,3.6,0.349,1.8,4.0,0.454,0.487,1.3,1.6,0.795,1.1,1.9,3.1,1.6,0.8,0.2,1.0,1.8,8.6,2025,20.0,1103.0,10.8,0.523,0.473,0.211,5.6,10.1,7.8,10.2,1.9,0.9,10.4,18.2,0.3,0.9,1.2,0.052,-2.3,-0.6,-3.0,-0.3,6.9,17.2,0.405,2.8,8.1,0.349,4.1,9.0,0.454,0.487,2.9,3.6,0.795,2.6,4.4,7.0,3.5,1.9,0.4,2.2,4.1,19.6,108.0,116.0,72.0,19.0,20.5,2.5,5.6,0.446,1.5,3.7,0.409,1.0,1.9,0.519,0.582,1.0,1.3,0.789,0.8,1.8,2.6,1.2,1.0,0.2,0.5,2.3,7.5,2026.0,21.0,1474.0,11.8,0.61,0.666,0.223,4.3,10.0,7.1,7.7,2.4,0.9,7.7,14.0,1.9,1.9,3.7,0.121,-1.3,1.0,-0.3,0.6,6.0,13.4,0.446,3.6,8.9,0.409,2.3,4.5,0.519,0.582,2.3,3.0,0.789,1.9,4.3,6.1,2.8,2.4,0.5,1.2,5.4,17.9,123.0,114.0,0.0,https://cdn.nba.com/headshots/nba/latest/1040x760/1642266.png,Toronto Raptors,https://cdn.nba.com/logos/nba/1610612761/primary/L/logo.svg,TOR
30,515.0,Jahmir Young,24.0,CHI,PG,6.0,0.0,5.0,0.7,0.8,0.8,0.2,0.3,0.5,0.5,0.5,1.0,0.9,0.3,0.3,1.0,0.2,0.3,0.5,1.0,0.0,0.0,0.2,0.3,1.8,2025,24.0,30.0,16.8,0.935,0.4,0.4,3.6,6.9,5.2,26.2,0.0,0.0,14.5,9.6,0.1,0.0,0.1,0.22,1.2,-0.8,0.5,0.0,6.2,7.8,0.8,1.6,3.1,0.5,4.7,4.7,1.0,0.9,3.1,3.1,1.0,1.6,3.1,4.7,9.3,0.0,0.0,1.6,3.1,17.1,175.0,123.0,14.0,0.0,4.1,0.7,1.8,0.4,0.2,0.6,0.333,0.5,1.1,0.438,0.46,0.1,0.1,1.0,0.1,0.1,0.3,0.6,0.1,0.0,0.2,0.5,1.8,2026.0,25.0,58.0,8.5,0.483,0.36,0.08,3.6,3.6,3.6,21.1,0.8,0.0,10.4,20.3,0.0,0.0,0.0,0.016,-4.8,-1.9,-6.7,-0.1,8.0,20.0,0.4,2.4,7.2,0.333,5.6,12.8,0.438,0.46,1.6,1.6,1.0,1.6,1.6,3.2,7.2,0.8,0.0,2.4,5.6,20.0,105.0,121.0,0.0,https://cdn.nba.com/headshots/nba/latest/1040x760/1642443.png,Chicago Bulls,https://cdn.nba.com/logos/nba/1610612741/primary/L/logo.svg,CHI
31,295.0,Jamal Shead,22.0,TOR,PG,75.0,11.0,19.6,2.7,6.7,0.405,1.0,3.0,0.323,1.8,3.7,0.47,0.476,0.7,0.9,0.768,0.4,1.1,1.5,4.2,0.8,0.1,1.6,2.1,7.1,2025,22.0,1467.0,9.9,0.499,0.442,0.137,2.1,6.4,4.2,29.8,1.9,0.7,18.0,18.6,-0.2,1.1,0.8,0.027,-3.2,-0.9,-4.1,-0.8,6.7,16.5,0.405,2.4,7.3,0.323,4.3,9.2,0.47,0.476,1.7,2.3,0.768,1.0,2.8,3.8,10.4,1.9,0.3,3.8,5.2,17.5,104.0,117.0,82.0,12.0,22.6,2.3,6.1,0.367,1.0,3.2,0.321,1.2,3.0,0.417,0.45,1.1,1.4,0.784,0.3,1.4,1.7,5.4,0.9,0.2,1.4,2.0,6.6,2026.0,23.0,1852.0,10.5,0.491,0.52,0.23,1.6,7.2,4.4,30.6,2.0,0.8,16.8,15.5,0.8,2.0,2.7,0.07,-2.3,0.0,-2.3,-0.1,4.9,13.3,0.367,2.2,6.9,0.321,2.7,6.4,0.417,0.45,2.4,3.1,0.784,0.7,3.1,3.8,11.7,2.0,0.4,2.9,4.3,14.4,111.0,116.0,0.0,https://cdn.nba.com/headshots/nba/latest/1040x760/1642347.png,Toronto Raptors,https://cdn.nba.com/logos/nba/1610612761/primary/L/logo.svg,TOR
32,293.0,Jamison Battle,23.0,TOR,SF,59.0,10.0,17.7,2.5,5.9,0.429,1.8,4.4,0.405,0.7,1.5,0.5,0.581,0.3,0.3,0.889,0.6,2.1,2.7,0.9,0.3,0.2,0.5,1.6,7.1,2025,23.0,1042.0,10.7,0.59,0.746,0.052,3.7,12.8,8.1,7.1,0.8,0.9,7.1,15.3,1.0,0.7,1.7,0.079,-0.9,-1.3,-2.3,-0.1,6.9,16.0,0.429,4.9,12.0,0.405,2.0,4.1,0.5,0.581,0.7,0.8,0.889,1.7,5.6,7.3,2.4,0.8,0.5,1.2,4.3,19.4,118.0,118.0,61.0,2.0,8.5,1.2,2.4,0.51,0.6,1.4,0.412,0.6,1.0,0.65,0.631,0.1,0.2,0.643,0.3,1.1,1.5,0.4,0.1,0.0,0.3,0.7,3.1,2026.0,24.0,517.0,10.6,0.635,0.586,0.097,4.4,15.3,9.8,6.3,0.7,0.6,11.2,14.1,0.4,0.5,0.9,0.086,-1.6,-1.0,-2.6,-0.1,7.0,13.7,0.51,3.3,8.0,0.412,3.7,5.7,0.65,0.631,0.8,1.3,0.643,1.9,6.5,8.4,2.3,0.7,0.3,1.8,4.0,18.1,118.0,117.0,0.0,https://cdn.nba.com/headshots/nba/latest/1040x760/1642419.png,Toronto Raptors,https://cdn.nba.com/logos/nba/1610612761/primary/L/logo.svg,TOR
33,92.0,Jared McCain,20.0,PHI,SG,23.0,8.0,25.7,5.5,11.9,0.46,2.2,5.8,0.383,3.3,6.1,0.532,0.553,2.1,2.4,0.875,0.6,1.9,2.4,2.6,0.7,0.0,1.6,1.6,15.3,2025,20.0,592.0,15.2,0.589,0.485,0.204,2.4,8.6,5.4,16.7,1.2,0.0,11.0,24.7,0.6,0.1,0.7,0.057,1.8,-1.6,0.2,0.3,10.5,22.8,0.46,4.2,11.1,0.383,6.2,11.7,0.532,0.553,4.1,4.7,0.875,1.1,3.6,4.7,5.0,1.2,0.0,3.1,3.1,29.3,113.0,123.0,67.0,3.0,17.3,3.0,7.2,0.425,1.5,3.8,0.385,1.6,3.3,0.471,0.528,0.8,0.9,0.864,0.3,1.7,2.0,1.3,0.5,0.1,0.8,1.2,8.3,2026.0,21.0,1160.0,11.6,0.551,0.535,0.123,2.2,10.6,6.4,11.0,1.5,0.4,10.0,20.7,0.2,1.2,1.5,0.06,-1.6,-0.8,-2.4,-0.1,8.5,20.0,0.425,4.1,10.7,0.385,4.4,9.3,0.471,0.528,2.1,2.5,0.864,1.0,4.7,5.7,3.7,1.5,0.2,2.3,3.4,23.2,108.0,115.0,0.0,https://cdn.nba.com/headshots/nba/latest/1040x760/1642272.png,Philadelphia 76ers,https://cdn.nba.com/logos/nba/1610612755/primary/L/logo.svg,PHI
34,420.0,Jaylen Clark,23.0,MIN,SG,40.0,4.0,13.1,1.4,3.0,0.467,0.6,1.3,0.431,0.9,1.7,0.493,0.558,0.7,0.9,0.784,0.7,0.7,1.3,0.7,0.9,0.1,0.2,1.5,4.1,2025,23.0,522.0,12.0,0.598,0.425,0.308,5.6,5.6,5.6,6.7,3.4,0.4,5.5,12.0,0.9,0.7,1.6,0.147,-2.9,2.7,-0.2,0.2,5.3,11.3,0.467,2.1,4.8,0.431,3.2,6.5,0.493,0.558,2.7,3.5,0.784,2.5,2.6,5.0,2.5,3.4,0.2,0.8,5.8,15.4,130.0,111.0,68.0,1.0,13.1,1.5,3.4,0.434,0.5,1.5,0.327,1.0,1.9,0.52,0.507,0.6,1.0,0.657,0.8,1.0,1.8,0.6,0.7,0.1,0.3,1.3,4.0,2026.0,24.0,888.0,10.3,0.534,0.443,0.294,6.8,8.0,7.4,6.3,2.5,0.9,8.2,13.3,0.6,1.0,1.7,0.09,-3.2,0.7,-2.4,-0.1,5.3,12.3,0.434,1.8,5.4,0.327,3.5,6.8,0.52,0.507,2.4,3.6,0.657,2.9,3.5,6.5,2.3,2.5,0.5,1.2,4.7,14.8,116.0,115.0,0.0,https://cdn.nba.com/headshots/nba/latest/1040x760/1641740.png,Minnesota Timberwolves,https://cdn.nba.com/logos/nba/1610612750/primary/L/logo.svg,MIN
35,175.0,Jaylen Wells,21.0,MEM,SG,79.0,74.0,25.9,3.6,8.6,0.425,1.7,5.0,0.352,1.9,3.6,0.525,0.527,1.4,1.7,0.822,1.1,2.3,3.4,1.7,0.6,0.1,0.9,1.8,10.4,2025,21.0,2043.0,10.5,0.56,0.58,0.2,4.6,9.3,6.9,8.4,1.0,0.4,8.6,15.9,2.1,1.4,3.5,0.083,-1.2,-1.0,-2.2,-0.1,6.5,15.4,0.425,3.1,8.9,0.352,3.4,6.5,0.525,0.527,2.5,3.1,0.822,2.0,4.1,6.1,3.1,1.0,0.2,1.6,3.3,18.7,117.0,118.0,69.0,69.0,26.4,4.4,10.1,0.431,1.9,5.3,0.353,2.5,4.8,0.517,0.524,1.9,2.5,0.784,0.9,2.3,3.2,1.6,0.9,0.1,1.1,2.1,12.5,2026.0,22.0,1821.0,11.5,0.559,0.523,0.245,3.6,9.6,6.5,8.8,1.6,0.5,8.7,19.3,0.9,0.7,1.6,0.042,-1.8,-1.4,-3.1,-0.5,7.8,18.2,0.431,3.4,9.5,0.353,4.5,8.7,0.517,0.524,3.5,4.4,0.784,1.6,4.1,5.7,2.9,1.6,0.2,1.9,3.9,22.5,111.0,122.0,0.0,https://cdn.nba.com/headshots/nba/latest/1040x760/1642377.png,Memphis Grizzlies,https://cdn.nba.com/logos/nba/1610612763/primary/L/logo.svg,MEM
36,448.0,Jaylon Tyson,22.0,CLE,SG,47.0,3.0,9.6,1.4,3.2,0.43,0.4,1.2,0.345,0.9,1.9,0.484,0.497,0.4,0.5,0.792,0.8,1.3,2.0,0.9,0.3,0.1,0.6,1.1,3.6,2025,22.0,453.0,11.1,0.523,0.389,0.161,9.1,13.7,11.5,12.4,1.4,0.6,14.0,17.4,0.3,0.5,0.8,0.083,-2.4,-0.2,-2.7,-0.1,6.8,15.8,0.43,2.1,6.2,0.345,4.7,9.7,0.484,0.497,2.0,2.5,0.792,3.9,6.3,10.2,4.7,1.4,0.3,2.8,5.3,17.7,111.0,114.0,66.0,42.0,26.9,5.0,10.2,0.493,2.0,4.5,0.446,3.0,5.6,0.53,0.592,1.2,1.6,0.738,1.8,3.3,5.1,2.2,0.8,0.4,1.5,2.5,13.2,2026.0,23.0,1777.0,14.8,0.608,0.445,0.16,7.3,13.6,10.5,11.6,1.5,1.5,12.1,19.3,2.3,1.7,4.0,0.108,0.6,-0.5,0.1,0.9,8.9,18.1,0.493,3.6,8.1,0.446,5.3,10.1,0.53,0.592,2.1,2.9,0.738,3.2,5.9,9.1,4.0,1.5,0.8,2.7,4.4,23.6,119.0,117.0,0.0,https://cdn.nba.com/headshots/nba/latest/1040x760/1642281.png,Cleveland Cavaliers,https://cdn.nba.com/logos/nba/1610612739/primary/L/logo.svg,CLE
37,501.0,Johnny Furphy,20.0,IND,SG,50.0,0.0,7.6,0.7,1.8,0.38,0.3,1.0,0.3,0.4,0.8,0.476,0.462,0.4,0.4,0.818,0.5,1.0,1.4,0.4,0.4,0.2,0.2,0.8,2.1,2025,20.0,379.0,9.8,0.506,0.543,0.239,6.8,14.0,10.4,6.2,2.3,2.6,10.6,13.0,0.1,0.5,0.5,0.07,-3.0,0.6,-2.5,0.0,4.4,11.7,0.38,1.9,6.3,0.3,2.5,5.3,0.476,0.462,2.3,2.8,0.818,2.9,6.1,9.0,2.4,2.3,1.4,1.5,5.2,13.1,108.0,113.0,35.0,21.0,18.4,2.0,4.3,0.47,0.7,2.0,0.324,1.3,2.2,0.603,0.547,0.5,1.0,0.486,0.9,3.5,4.4,1.2,0.6,0.2,0.8,1.9,5.1,2026.0,21.0,643.0,9.2,0.547,0.477,0.235,5.3,20.9,12.9,8.6,1.5,0.9,15.0,12.8,0.0,0.5,0.5,0.036,-3.9,0.2,-3.7,-0.3,5.2,11.0,0.47,1.7,5.2,0.324,3.5,5.8,0.603,0.547,1.3,2.6,0.486,2.4,8.9,11.3,3.0,1.5,0.5,2.1,4.8,13.3,106.0,118.0,0.0,https://cdn.nba.com/headshots/nba/latest/1040x760/1642277.png,Indiana Pacers,https://cdn.nba.com/logos/nba/1610612754/primary/L/logo.svg,IND
38,335.0,Jonathan Mogbo,23.0,TOR,PF,63.0,18.0,20.4,2.5,5.7,0.438,0.3,1.1,0.243,2.2,4.5,0.486,0.462,1.0,1.3,0.732,1.7,3.2,4.9,2.3,0.9,0.5,1.1,2.2,6.2,2025,23.0,1286.0,11.9,0.496,0.197,0.23,8.9,17.3,13.0,15.3,2.1,2.5,15.1,15.0,0.3,1.6,1.9,0.071,-2.9,1.0,-1.9,0.0,5.8,13.3,0.438,0.6,2.6,0.243,5.2,10.7,0.486,0.462,2.2,3.1,0.732,4.1,7.6,11.6,5.5,2.1,1.3,2.6,5.1,14.6,108.0,113.0,40.0,0.0,6.2,0.7,1.1,0.591,0.0,0.0,0.0,0.7,1.1,0.605,0.591,0.2,0.4,0.643,0.5,1.2,1.7,0.6,0.3,0.2,0.4,0.7,1.5,2026.0,24.0,249.0,12.8,0.608,0.023,0.318,8.6,22.5,15.5,12.9,2.2,3.1,21.8,11.1,0.2,0.4,0.6,0.12,-2.6,1.9,-0.7,0.1,5.1,8.6,0.591,0.0,0.2,0.0,5.1,8.4,0.605,0.591,1.8,2.7,0.643,3.7,9.6,13.3,4.9,2.2,1.6,2.7,5.1,11.9,117.0,110.0,0.0,https://cdn.nba.com/headshots/nba/latest/1040x760/1642367.png,Toronto Raptors,https://cdn.nba.com/logos/nba/1610612761/primary/L/logo.svg,TOR
39,187.0,Justin Edwards,21.0,PHI,SF,44.0,26.0,26.3,3.9,8.6,0.455,1.6,4.3,0.363,2.3,4.3,0.548,0.546,0.7,1.0,0.696,1.0,2.3,3.4,1.6,1.0,0.4,1.1,2.2,10.1,2025,21.0,1155.0,11.3,0.559,0.503,0.122,4.3,10.4,7.3,8.9,1.9,1.4,11.0,16.9,0.4,0.5,0.9,0.039,-2.1,-1.6,-3.7,-0.5,7.3,16.1,0.455,2.9,8.1,0.363,4.4,8.0,0.548,0.546,1.4,2.0,0.696,2.0,4.4,6.3,2.9,1.9,0.7,2.1,4.2,19.0,109.0,120.0,64.0,12.0,15.3,2.2,5.0,0.447,1.0,2.8,0.372,1.2,2.2,0.543,0.552,0.5,0.6,0.846,0.4,1.1,1.5,1.3,0.8,0.2,0.6,1.4,6.0,2026.0,22.0,977.0,12.1,0.572,0.563,0.122,2.9,7.7,5.2,11.5,2.7,1.1,9.6,16.1,0.8,0.9,1.7,0.086,-1.8,0.6,-1.3,0.2,7.1,15.8,0.447,3.3,8.9,0.372,3.8,6.9,0.543,0.552,1.6,1.9,0.846,1.3,3.4,4.6,4.0,2.7,0.5,1.8,4.5,19.1,116.0,117.0,0.0,https://cdn.nba.com/headshots/nba/latest/1040x760/1642348.png,Philadelphia 76ers,https://cdn.nba.com/logos/nba/1610612755/primary/L/logo.svg,PHI
40,268.0,KJ Simpson,22.0,CHO,PG,36.0,15.0,23.4,2.9,8.4,0.346,0.9,3.6,0.254,2.0,4.8,0.415,0.4,1.1,1.4,0.82,1.1,1.9,3.0,3.1,0.9,0.2,1.6,1.6,7.8,2025,22.0,842.0,8.3,0.437,0.432,0.166,4.8,9.0,6.9,19.8,2.0,0.7,14.8,19.1,-1.0,0.5,-0.4,-0.025,-4.5,-0.9,-5.4,-0.7,6.1,17.6,0.346,1.9,7.6,0.254,4.1,10.0,0.415,0.4,2.4,2.9,0.82,2.3,4.1,6.4,6.5,2.0,0.4,3.3,3.3,16.5,95.0,118.0,20.0,2.0,12.9,1.7,5.0,0.343,0.6,2.0,0.3,1.1,3.0,0.373,0.404,0.6,0.9,0.611,0.5,1.4,1.9,2.2,0.8,0.0,1.3,0.9,4.6,2026.0,23.0,257.0,8.1,0.426,0.404,0.182,4.1,12.0,8.1,23.0,3.1,0.0,19.0,21.8,-0.5,0.3,-0.1,-0.023,-5.4,0.4,-5.1,-0.2,6.5,19.1,0.343,2.3,7.7,0.3,4.2,11.4,0.373,0.404,2.1,3.5,0.611,1.7,5.4,7.1,8.3,3.1,0.0,4.8,3.5,17.5,93.0,113.0,0.0,https://cdn.nba.com/headshots/nba/latest/1040x760/1642354.png,Charlotte Hornets,https://cdn.nba.com/logos/nba/1610612766/primary/L/logo.svg,CHO
41,270.0,Karlo Matković,23.0,NOP,PF,42.0,7.0,18.8,3.2,5.6,0.574,0.5,1.6,0.318,2.7,4.0,0.675,0.619,0.8,1.0,0.773,1.5,3.5,5.0,1.1,0.5,1.0,1.0,2.5,7.7,2025,23.0,791.0,15.6,0.639,0.281,0.187,8.5,20.4,14.2,8.6,1.3,5.0,14.5,15.9,1.0,0.6,1.6,0.096,-1.9,-0.2,-2.0,0.0,8.3,14.4,0.574,1.3,4.0,0.318,7.0,10.3,0.675,0.619,2.1,2.7,0.773,3.9,8.9,12.8,2.8,1.3,2.5,2.6,6.5,19.9,120.0,117.0,62.0,2.0,14.7,2.3,3.8,0.604,0.6,1.5,0.422,1.7,2.3,0.717,0.685,0.5,0.7,0.732,1.2,2.5,3.7,0.8,0.4,0.9,0.5,1.7,5.7,2026.0,24.0,912.0,16.5,0.696,0.383,0.174,8.4,18.8,13.5,7.7,1.3,5.6,11.8,13.1,1.8,0.9,2.7,0.141,0.2,0.4,0.7,0.6,7.4,12.3,0.604,2.0,4.7,0.422,5.5,7.6,0.717,0.685,1.6,2.2,0.732,3.8,8.2,12.0,2.6,1.3,2.8,1.8,5.5,18.5,134.0,117.0,0.0,https://cdn.nba.com/headshots/nba/latest/1040x760/1631255.png,New Orleans Pelicans,https://cdn.nba.com/logos/nba/1610612740/primary/L/logo.svg,NOP
42,367.0,Keaton Wallace,25.0,ATL,PG,31.0,5.0,16.2,2.1,5.2,0.401,0.9,2.6,0.329,1.2,2.6,0.475,0.485,0.4,0.4,1.0,0.2,1.4,1.6,2.6,0.9,0.3,1.1,1.3,5.4,2025,25.0,501.0,10.1,0.503,0.506,0.068,1.5,9.6,5.5,21.0,2.6,1.7,16.5,16.4,-0.1,0.5,0.4,0.034,-3.3,1.0,-2.3,0.0,6.1,15.1,0.401,2.5,7.7,0.329,3.5,7.5,0.475,0.485,1.0,1.0,1.0,0.7,4.0,4.7,7.6,2.6,0.8,3.1,3.6,15.7,103.0,116.0,53.0,3.0,10.1,1.3,3.2,0.398,0.7,1.9,0.373,0.6,1.3,0.435,0.509,0.2,0.3,0.667,0.1,1.0,1.1,1.8,0.5,0.1,0.5,0.9,3.5,2026.0,26.0,536.0,10.4,0.52,0.596,0.105,0.6,10.9,5.7,22.5,2.1,0.8,13.5,16.1,0.1,0.6,0.7,0.066,-3.0,0.3,-2.7,-0.1,6.0,15.1,0.398,3.3,9.0,0.373,2.6,6.1,0.435,0.509,1.1,1.6,0.667,0.3,4.7,4.9,8.3,2.1,0.4,2.5,4.2,16.4,109.0,115.0,0.0,https://cdn.nba.com/headshots/nba/latest/1040x760/1630811.png,Atlanta Hawks,https://cdn.nba.com/logos/nba/1610612737/primary/L/logo.svg,ATL
43,213.0,Kel'el Ware,20.0,MIA,C,64.0,36.0,22.2,4.0,7.3,0.554,0.5,1.7,0.315,3.5,5.5,0.629,0.592,0.7,1.0,0.687,1.8,5.6,7.4,0.9,0.6,1.1,0.9,1.7,9.3,2025,20.0,1422.0,17.4,0.603,0.239,0.144,9.1,27.5,18.4,6.5,1.4,4.8,10.4,17.2,1.7,2.5,4.1,0.14,-0.7,0.6,-0.1,0.7,9.0,16.3,0.554,1.2,3.9,0.315,7.8,12.4,0.629,0.592,1.6,2.4,0.687,4.1,12.5,16.6,2.1,1.4,2.5,2.0,3.9,20.9,118.0,108.0,77.0,34.0,22.1,4.5,8.4,0.53,1.2,3.0,0.395,3.3,5.4,0.606,0.601,0.9,1.2,0.74,2.8,6.2,9.0,0.7,0.8,1.1,0.8,1.5,11.1,2026.0,21.0,1704.0,20.0,0.616,0.359,0.148,13.1,29.2,21.1,4.6,1.6,4.4,8.2,18.0,3.2,3.0,6.2,0.175,2.1,0.1,2.1,1.8,9.4,17.7,0.53,2.5,6.3,0.395,6.9,11.3,0.606,0.601,1.9,2.6,0.74,5.9,13.0,18.9,1.5,1.6,2.3,1.7,3.2,23.2,125.0,109.0,0.0,https://cdn.nba.com/headshots/nba/latest/1040x760/1642276.png,Miami Heat,https://cdn.nba.com/logos/nba/1610612748/primary/L/logo.svg,MIA
44,477.0,Keshad Johnson,23.0,MIA,SF,16.0,0.0,6.1,1.1,1.6,0.692,0.2,0.4,0.429,0.9,1.2,0.789,0.75,0.3,0.6,0.444,0.4,1.4,1.8,0.3,0.3,0.3,0.3,0.7,2.7,2025,23.0,98.0,19.1,0.718,0.269,0.346,6.8,24.6,15.8,6.3,2.5,3.9,11.8,15.4,0.2,0.2,0.4,0.181,-1.0,0.9,-0.1,0.0,9.2,13.2,0.692,1.5,3.6,0.429,7.6,9.7,0.789,0.75,2.0,4.6,0.444,3.1,11.2,14.3,2.0,2.5,2.0,2.0,5.6,21.9,128.0,107.0,32.0,0.0,8.8,1.6,3.3,0.49,0.4,1.4,0.295,1.2,1.9,0.633,0.553,0.7,0.9,0.724,0.8,1.1,1.9,0.3,0.5,0.3,0.4,0.9,4.3,2026.0,24.0,280.0,15.2,0.582,0.423,0.279,9.6,13.4,11.5,3.9,2.5,2.5,10.0,18.9,0.3,0.4,0.6,0.11,-1.3,0.0,-1.3,0.1,8.5,17.2,0.49,2.2,7.3,0.295,6.3,9.9,0.633,0.553,3.5,4.8,0.724,4.3,6.0,10.3,1.3,2.5,1.3,2.2,4.6,22.5,115.0,113.0,0.0,https://cdn.nba.com/headshots/nba/latest/1040x760/1642352.png,Miami Heat,https://cdn.nba.com/logos/nba/1610612748/primary/L/logo.svg,MIA
45,529.0,Kevin McCullar Jr.,23.0,NYK,SF,4.0,0.0,7.3,0.5,1.8,0.286,0.0,0.3,0.0,0.5,1.5,0.333,0.286,0.5,0.5,1.0,0.0,2.0,2.0,0.5,0.3,0.3,0.0,1.5,1.5,2025,23.0,29.0,6.7,0.381,0.143,0.286,0.0,31.3,15.8,8.4,1.7,3.2,0.0,11.8,0.0,0.0,0.0,0.06,-8.5,1.3,-7.2,0.0,3.4,12.0,0.286,0.0,1.7,0.0,3.4,10.3,0.333,0.286,3.4,3.4,1.0,0.0,13.7,13.7,3.4,1.7,1.7,0.0,10.3,10.3,98.0,109.0,21.0,0.0,7.4,1.0,2.2,0.426,0.4,1.1,0.333,0.6,1.1,0.522,0.511,0.1,0.2,0.4,0.5,0.8,1.3,1.0,0.4,0.0,0.6,1.0,2.4,2026.0,24.0,155.0,9.9,0.508,0.511,0.106,7.9,12.3,10.1,17.0,2.9,0.0,19.6,16.9,0.0,0.2,0.2,0.059,-3.7,1.0,-2.8,0.0,6.4,15.0,0.426,2.6,7.7,0.333,3.8,7.4,0.522,0.511,0.6,1.6,0.4,3.5,5.4,9.0,6.4,2.9,0.0,3.8,7.0,16.0,105.0,112.0,0.0,https://cdn.nba.com/headshots/nba/latest/1040x760/1641755.png,New York Knicks,https://cdn.nba.com/logos/nba/1610612752/primary/L/logo.svg,NYK
46,202.0,Kyle Filipowski,21.0,UTA,C,72.0,27.0,21.1,3.6,7.2,0.502,1.1,3.1,0.35,2.5,4.1,0.614,0.576,1.3,2.0,0.65,1.6,4.6,6.1,1.9,0.7,0.3,1.4,2.4,9.6,2025,21.0,1522.0,14.9,0.594,0.425,0.276,8.0,23.1,15.6,13.9,1.5,1.4,14.9,18.7,1.5,1.0,2.5,0.078,-0.6,-0.3,-1.0,0.4,8.2,16.3,0.502,2.4,6.9,0.35,5.8,9.4,0.614,0.576,2.9,4.5,0.65,3.5,10.3,13.9,4.4,1.5,0.7,3.2,5.4,21.8,115.0,118.0,77.0,41.0,23.4,4.2,8.5,0.492,1.0,3.0,0.325,3.2,5.6,0.58,0.548,2.1,2.8,0.75,1.9,5.3,7.2,2.6,0.9,0.5,1.6,3.0,11.4,2026.0,22.0,1801.0,16.0,0.586,0.347,0.323,8.4,25.1,16.6,15.7,1.9,2.1,14.3,20.0,1.8,1.3,3.1,0.082,-0.6,-0.5,-1.1,0.4,8.4,17.1,0.492,1.9,5.9,0.325,6.5,11.2,0.58,0.548,4.1,5.5,0.75,3.8,10.6,14.4,5.2,1.9,1.0,3.3,6.0,22.9,115.0,119.0,0.0,https://cdn.nba.com/headshots/nba/latest/1040x760/1642271.png,Utah Jazz,https://cdn.nba.com/logos/nba/1610612762/primary/L/logo.svg,UTA
47,242.0,Kyshawn George,21.0,WAS,SG,68.0,38.0,26.5,3.0,8.0,0.372,1.7,5.2,0.322,1.3,2.8,0.464,0.476,1.0,1.4,0.753,0.7,3.5,4.2,2.5,1.0,0.7,1.4,3.0,8.7,2025,21.0,1802.0,8.8,0.503,0.648,0.17,2.8,13.7,8.2,13.3,1.8,2.5,14.2,15.9,-0.9,1.1,0.1,0.003,-3.8,-0.3,-4.1,-0.9,5.4,14.4,0.372,3.0,9.3,0.322,2.3,5.1,0.464,0.476,1.8,2.5,0.753,1.3,6.2,7.5,4.5,1.8,1.3,2.6,5.3,15.6,100.0,118.0,48.0,48.0,29.0,5.3,12.0,0.438,2.1,5.4,0.381,3.2,6.6,0.486,0.524,2.2,2.7,0.802,0.9,4.2,5.1,4.5,1.0,0.9,2.6,3.5,14.8,2026.0,22.0,1391.0,13.8,0.559,0.451,0.227,3.3,15.9,9.5,22.4,1.6,2.7,16.5,22.8,0.1,0.5,0.6,0.022,-0.5,-0.6,-1.2,0.3,8.6,19.6,0.438,3.4,8.9,0.381,5.2,10.8,0.486,0.524,3.6,4.5,0.802,1.5,6.9,8.3,7.3,1.6,1.5,4.3,5.8,24.2,107.0,122.0,0.0,https://cdn.nba.com/headshots/nba/latest/1040x760/1642273.png,Washington Wizards,https://cdn.nba.com/logos/nba/1610612764/primary/L/logo.svg,WAS
48,545.0,Luke Travers,23.0,CLE,SG,12.0,0.0,7.3,0.4,1.7,0.25,0.0,0.8,0.0,0.4,0.9,0.455,0.25,0.2,0.2,1.0,0.7,1.0,1.7,0.7,0.1,0.1,0.7,0.5,1.0,2025,23.0,88.0,1.9,0.287,0.45,0.1,10.1,14.4,12.3,10.5,0.5,1.0,27.7,13.9,-0.2,0.1,-0.1,-0.082,-7.8,-1.9,-9.7,-0.2,2.7,10.9,0.25,0.0,4.9,0.0,2.7,6.0,0.455,0.25,1.1,1.1,1.0,4.4,6.6,10.9,4.4,0.5,0.5,4.4,3.3,6.6,76.0,115.0,12.0,0.0,8.6,0.8,3.0,0.25,0.1,1.3,0.063,0.7,1.7,0.4,0.264,0.8,0.8,1.0,0.8,1.3,2.0,0.8,0.6,0.3,0.3,0.5,2.3,2026.0,24.0,103.0,10.2,0.35,0.444,0.25,9.7,16.0,12.8,10.8,3.3,3.7,7.0,17.5,-0.1,0.2,0.1,0.024,-4.2,1.0,-3.2,0.0,4.2,16.8,0.25,0.5,7.5,0.063,3.7,9.3,0.4,0.264,4.2,4.2,1.0,4.2,7.0,11.2,4.2,3.3,1.9,1.4,2.8,13.1,95.0,110.0,0.0,https://cdn.nba.com/headshots/nba/latest/1040x760/1631247.png,Cleveland Cavaliers,https://cdn.nba.com/logos/nba/1610612739/primary/L/logo.svg,CLE
49,559.0,Malevy Leons,25.0,OKC,SF,6.0,0.0,3.5,0.0,0.3,0.0,0.0,0.2,0.0,0.0,0.2,0.0,0.0,0.3,0.7,0.5,0.2,0.3,0.5,0.2,0.0,0.0,0.2,0.7,0.3,2025,25.0,21.0,-2.3,0.266,0.5,2.0,5.2,10.0,7.7,5.1,0.0,0.0,21.0,9.6,0.0,0.0,0.0,-0.052,-10.4,-1.9,-12.4,-0.1,0.0,4.6,0.0,0.0,2.3,0.0,0.0,2.3,0.0,0.0,4.6,9.1,0.5,2.3,4.6,6.9,2.3,0.0,0.0,2.3,9.1,4.6,71.0,115.0,25.0,2.0,11.0,1.3,2.9,0.444,0.2,0.6,0.25,1.1,2.2,0.5,0.472,0.6,0.8,0.789,1.2,0.9,2.1,0.9,0.6,0.4,0.5,1.2,3.3,2026.0,26.0,276.0,12.2,0.516,0.222,0.264,11.9,9.5,10.7,11.4,2.5,3.0,13.9,14.4,0.2,0.3,0.5,0.087,-3.0,0.2,-2.8,-0.1,5.6,12.6,0.444,0.7,2.8,0.25,4.9,9.8,0.5,0.472,2.6,3.3,0.789,5.3,4.0,9.3,4.0,2.5,1.6,2.3,5.4,14.6,115.0,115.0,0.0,https://cdn.nba.com/headshots/nba/latest/1040x760/1642502.png,Oklahoma City Thunder,https://cdn.nba.com/logos/nba/1610612760/primary/L/logo.svg,OKC
50,246.0,Matas Buzelis,20.0,CHI,SF,80.0,31.0,18.9,3.2,6.9,0.454,1.2,3.3,0.361,2.0,3.6,0.54,0.541,1.1,1.4,0.815,0.7,2.8,3.5,1.0,0.4,0.9,0.9,1.6,8.6,2025,20.0,1511.0,12.5,0.571,0.479,0.195,3.9,15.2,9.6,7.2,0.9,4.3,10.9,18.7,0.5,1.4,1.9,0.06,-2.0,-0.5,-2.5,-0.2,7.8,17.1,0.454,3.0,8.2,0.361,4.8,8.9,0.54,0.541,2.7,3.3,0.815,1.7,6.9,8.6,2.4,0.9,2.3,2.3,4.0,21.3,108.0,115.0,77.0,77.0,29.2,5.8,12.5,0.463,2.2,6.4,0.349,3.5,6.1,0.583,0.553,2.4,3.1,0.786,1.0,4.8,5.8,2.1,0.7,1.5,2.1,2.3,16.3,2026.0,21.0,2248.0,14.8,0.586,0.514,0.247,3.7,17.3,10.6,10.3,1.1,4.5,13.0,22.8,0.4,2.1,2.6,0.055,-0.6,-0.4,-1.0,0.5,9.3,20.1,0.463,3.6,10.3,0.349,5.7,9.7,0.583,0.553,3.9,5.0,0.786,1.6,7.7,9.3,3.3,1.1,2.4,3.3,3.7,26.1,108.0,117.0,0.0,https://cdn.nba.com/headshots/nba/latest/1040x760/1641824.png,Chicago Bulls,https://cdn.nba.com/logos/nba/1610612741/primary/L/logo.svg,CHI
51,340.0,N'Faly Dante,23.0,HOU,C,4.0,0.0,12.8,2.5,3.3,0.769,0.0,0.0,0.0,2.5,3.3,0.769,0.769,1.0,1.3,0.8,1.5,3.8,5.3,0.5,0.3,1.3,0.5,2.3,6.0,2025,23.0,51.0,24.0,0.789,0.0,0.385,12.3,32.0,21.9,5.7,1.0,8.8,11.6,13.9,0.2,0.1,0.3,0.283,0.7,1.7,2.4,0.1,9.5,12.4,0.769,0.0,0.0,0.0,9.5,12.4,0.769,0.769,3.8,4.8,0.8,5.7,14.3,20.0,1.9,1.0,4.8,1.9,8.6,22.9,150.0,103.0,4.0,0.0,3.8,0.3,1.0,0.25,0.0,0.0,0.0,0.3,1.0,0.25,0.25,0.3,0.3,1.0,0.8,1.0,1.8,0.0,0.5,0.0,0.3,0.3,0.8,2026.0,24.0,15.0,12.4,0.338,0.0,0.25,21.4,29.4,25.3,0.0,6.3,0.0,18.4,15.1,0.0,0.0,0.0,0.051,-3.7,-0.8,-4.5,0.0,3.1,12.6,0.25,0.0,0.0,0.0,3.1,12.6,0.25,0.25,3.1,3.1,1.0,9.4,12.6,22.0,0.0,6.3,0.0,3.1,3.1,9.4,90.0,101.0,0.0,https://cdn.nba.com/headshots/nba/latest/1040x760/1642368.png,Houston Rockets,https://cdn.nba.com/logos/nba/1610612745/primary/L/logo.svg,HOU
52,290.0,Nae'Qwan Tomlin,24.0,CLE,PF,5.0,1.0,12.6,2.6,6.4,0.406,0.4,2.0,0.2,2.2,4.4,0.5,0.438,1.6,2.2,0.727,1.8,2.4,4.2,0.4,0.0,0.2,0.4,1.8,7.2,2025,24.0,63.0,14.4,0.489,0.313,0.344,15.9,20.1,18.1,4.4,0.0,1.4,5.1,26.1,0.1,0.1,0.1,0.093,-3.0,-2.4,-5.5,-0.1,9.9,24.4,0.406,1.5,7.6,0.2,8.4,16.8,0.5,0.438,6.1,8.4,0.727,6.9,9.2,16.0,1.5,0.0,0.8,1.5,6.9,27.5,112.0,115.0,64.0,3.0,15.7,2.3,4.9,0.478,0.4,1.8,0.235,1.9,3.1,0.618,0.521,0.7,1.0,0.77,1.3,1.6,2.9,0.8,0.6,0.5,0.5,2.0,5.8,2026.0,25.0,1004.0,12.9,0.549,0.366,0.194,9.5,10.9,10.2,7.0,2.0,3.2,7.8,15.5,1.1,1.1,2.2,0.107,-2.2,0.1,-2.1,0.0,7.2,15.0,0.478,1.3,5.5,0.235,5.9,9.5,0.618,0.521,2.2,2.9,0.77,4.1,4.8,8.9,2.5,2.0,1.6,1.4,6.0,17.9,119.0,115.0,0.0,https://cdn.nba.com/headshots/nba/latest/1040x760/1641772.png,Cleveland Cavaliers,https://cdn.nba.com/logos/nba/1610612739/primary/L/logo.svg,CLE
53,415.0,Oso Ighodaro,22.0,PHO,PF,61.0,6.0,17.1,1.9,3.1,0.604,0.0,0.0,0.0,1.9,3.0,0.611,0.604,0.5,0.8,0.58,1.1,2.6,3.6,1.2,0.5,0.5,0.6,1.7,4.2,2025,22.0,1045.0,11.1,0.61,0.011,0.267,7.2,16.2,11.9,9.1,1.3,2.6,15.7,10.5,1.1,0.6,1.6,0.075,-2.9,0.3,-2.6,-0.2,5.3,8.9,0.604,0.0,0.1,0.0,5.3,8.8,0.611,0.604,1.4,2.4,0.58,3.1,7.4,10.5,3.4,1.3,1.4,1.8,4.8,12.1,121.0,119.0,82.0,24.0,22.0,2.9,4.5,0.653,0.0,0.0,0.0,2.9,4.5,0.655,0.653,0.6,1.4,0.453,1.7,3.4,5.1,2.3,0.9,0.7,1.2,2.7,6.5,2026.0,23.0,1808.0,13.8,0.636,0.003,0.32,8.2,17.8,12.8,14.2,2.0,3.0,19.5,12.2,2.1,2.6,4.7,0.125,-2.2,2.3,0.1,0.9,6.5,10.0,0.653,0.0,0.0,0.0,6.5,10.0,0.655,0.653,1.4,3.2,0.453,3.8,7.7,11.4,5.1,2.0,1.6,2.8,6.0,14.5,122.0,112.0,0.0,https://cdn.nba.com/headshots/nba/latest/1040x760/1642345.png,Phoenix Suns,https://cdn.nba.com/logos/nba/1610612756/primary/L/logo.svg,PHO
54,518.0,PJ Hall,22.0,DEN,C,19.0,0.0,3.5,0.7,1.3,0.583,0.1,0.4,0.25,0.6,0.8,0.75,0.625,0.2,0.2,0.75,0.3,0.8,1.2,0.2,0.0,0.2,0.1,0.6,1.7,2025,22.0,66.0,18.3,0.641,0.333,0.167,10.5,25.4,18.3,8.4,0.0,5.4,7.2,17.8,0.2,0.1,0.2,0.168,-0.7,-0.6,-1.3,0.0,10.2,17.5,0.583,1.5,5.8,0.25,8.7,11.7,0.75,0.625,2.2,2.9,0.75,4.4,11.7,16.0,2.9,0.0,2.9,1.5,8.0,24.0,131.0,114.0,19.0,2.0,11.3,1.6,3.1,0.508,0.2,0.3,0.6,1.4,2.8,0.5,0.534,1.2,1.5,0.793,1.7,2.2,3.9,0.5,0.2,0.5,0.8,1.2,4.5,2026.0,23.0,214.0,15.9,0.599,0.085,0.492,17.6,21.7,19.7,6.6,0.7,4.3,18.2,17.3,0.3,0.3,0.6,0.125,-1.6,-0.7,-2.3,0.0,6.9,13.6,0.508,0.7,1.2,0.6,6.2,12.4,0.5,0.534,5.3,6.7,0.793,7.6,9.7,17.3,2.3,0.7,2.3,3.7,5.1,19.8,119.0,114.0,0.0,https://cdn.nba.com/headshots/nba/latest/1040x760/1641790.png,Denver Nuggets,https://cdn.nba.com/logos/nba/1610612743/primary/L/logo.svg,DEN
55,516.0,Pacôme Dadiet,19.0,NYK,SG,18.0,0.0,6.2,0.6,1.7,0.323,0.3,1.1,0.316,0.2,0.7,0.333,0.419,0.2,0.3,0.667,0.2,0.8,1.0,0.3,0.2,0.1,0.2,0.4,1.7,2025,19.0,111.0,6.3,0.446,0.613,0.194,3.1,15.4,9.3,5.6,1.3,1.7,10.6,14.7,-0.1,0.1,0.0,0.002,-4.9,-1.5,-6.5,-0.1,4.5,13.9,0.323,2.7,8.5,0.316,1.8,5.4,0.333,0.419,1.8,2.7,0.667,1.3,6.7,8.0,2.2,1.3,0.9,1.8,3.1,13.4,94.0,115.0,29.0,0.0,4.7,0.6,1.7,0.333,0.2,1.1,0.219,0.3,0.6,0.563,0.406,0.3,0.4,0.818,0.1,0.8,0.9,0.4,0.1,0.0,0.1,0.3,1.7,2026.0,20.0,136.0,9.6,0.454,0.667,0.229,3.3,19.0,11.1,11.5,1.1,0.8,5.4,17.6,0.0,0.2,0.2,0.062,-3.0,-0.2,-3.3,0.0,5.8,17.5,0.333,2.6,11.7,0.219,3.3,5.8,0.563,0.406,3.3,4.0,0.818,1.5,8.4,9.8,4.4,1.1,0.4,1.1,2.9,17.5,108.0,114.0,0.0,https://cdn.nba.com/headshots/nba/latest/1040x760/1642359.png,New York Knicks,https://cdn.nba.com/logos/nba/1610612752/primary/L/logo.svg,NYK
56,392.0,Pelle Larsson,23.0,MIA,SG,55.0,8.0,14.2,1.6,3.7,0.438,0.6,1.7,0.337,1.0,2.0,0.528,0.517,0.7,1.1,0.672,0.5,1.2,1.7,1.2,0.6,0.1,0.4,1.7,4.6,2025,23.0,782.0,10.2,0.546,0.468,0.3,4.0,9.0,6.5,11.6,2.0,0.9,9.5,14.4,0.6,0.8,1.4,0.086,-3.8,0.7,-3.1,-0.2,5.7,12.9,0.438,2.0,6.1,0.337,3.6,6.9,0.528,0.517,2.6,3.9,0.672,1.8,4.1,5.9,4.1,2.0,0.4,1.5,5.8,16.0,114.0,114.0,70.0,54.0,26.4,4.0,8.0,0.496,0.9,2.7,0.323,3.1,5.2,0.586,0.551,2.6,3.3,0.797,1.0,2.5,3.5,3.4,0.7,0.2,1.4,2.1,11.4,2026.0,24.0,1849.0,13.1,0.605,0.343,0.413,3.8,9.9,6.8,16.8,1.2,0.8,13.3,16.8,2.6,1.5,4.1,0.106,-1.2,0.0,-1.2,0.4,7.0,14.0,0.496,1.6,4.8,0.323,5.4,9.2,0.586,0.551,4.6,5.8,0.797,1.7,4.4,6.1,5.9,1.2,0.4,2.5,3.7,20.1,121.0,118.0,0.0,https://cdn.nba.com/headshots/nba/latest/1040x760/1641796.png,Miami Heat,https://cdn.nba.com/logos/nba/1610612748/primary/L/logo.svg,MIA
57,262.0,Quinten Post,24.0,GSW,PF,42.0,14.0,16.3,2.9,6.5,0.449,1.7,4.3,0.408,1.2,2.3,0.526,0.582,0.5,0.6,0.778,0.8,2.7,3.5,1.3,0.4,0.4,0.8,2.0,8.1,2025,24.0,686.0,14.2,0.595,0.653,0.099,5.3,18.3,11.6,12.2,1.1,2.5,10.3,19.6,0.8,0.9,1.7,0.116,0.1,0.0,0.1,0.4,8.7,19.4,0.449,5.2,12.7,0.408,3.5,6.7,0.526,0.582,1.5,1.9,0.778,2.5,8.0,10.5,4.0,1.1,1.3,2.3,5.9,24.1,116.0,112.0,67.0,35.0,17.3,2.9,6.6,0.44,1.4,4.1,0.336,1.5,2.4,0.617,0.546,0.5,0.6,0.791,1.0,3.0,4.0,1.4,0.4,0.5,0.8,1.9,7.7,2026.0,25.0,1159.0,13.0,0.56,0.631,0.098,6.4,19.7,12.9,11.9,1.1,2.8,10.9,18.8,0.7,1.2,1.9,0.078,-1.0,-0.1,-1.1,0.3,8.1,18.4,0.44,3.9,11.6,0.336,4.2,6.8,0.617,0.546,1.4,1.8,0.791,2.8,8.4,11.3,3.9,1.1,1.5,2.3,5.2,21.5,112.0,116.0,0.0,https://cdn.nba.com/headshots/nba/latest/1040x760/1642366.png,Golden State Warriors,https://cdn.nba.com/logos/nba/1610612744/primary/L/logo.svg,GSW
58,475.0,RayJ Dennis,23.0,IND,PG,11.0,0.0,6.4,1.0,3.0,0.333,0.5,1.9,0.286,0.5,1.1,0.417,0.424,0.2,0.2,1.0,0.2,0.9,1.1,1.3,0.6,0.2,0.5,0.6,2.7,2025,23.0,70.0,13.9,0.443,0.636,0.061,3.2,15.8,9.6,26.9,4.8,2.6,12.9,24.0,-0.1,0.1,0.1,0.036,-2.2,3.0,0.7,0.0,7.6,22.7,0.333,4.1,14.4,0.286,3.4,8.2,0.417,0.424,1.4,1.4,1.0,1.4,6.9,8.2,9.6,4.8,1.4,3.4,4.8,20.6,97.0,107.0,17.0,0.0,12.1,1.5,4.9,0.313,0.8,2.6,0.311,0.7,2.2,0.316,0.398,0.5,0.5,0.889,0.5,1.1,1.5,1.9,0.2,0.2,1.0,1.2,4.4,2026.0,24.0,206.0,6.2,0.425,0.542,0.108,4.1,9.7,6.9,21.9,0.9,1.7,16.4,21.4,-0.4,0.1,-0.3,-0.072,-4.7,-1.3,-6.0,-0.2,6.0,19.1,0.313,3.2,10.4,0.311,2.8,8.8,0.316,0.398,1.8,2.1,0.889,1.8,4.2,6.0,7.6,0.9,0.9,3.9,4.8,17.1,91.0,121.0,0.0,https://cdn.nba.com/headshots/nba/latest/1040x760/1642484.png,Indiana Pacers,https://cdn.nba.com/logos/nba/1610612754/primary/L/logo.svg,IND
59,404.0,Reed Sheppard,20.0,HOU,PG,52.0,3.0,12.6,1.6,4.6,0.351,0.9,2.7,0.338,0.7,1.9,0.371,0.452,0.3,0.3,0.813,0.3,1.2,1.5,1.4,0.7,0.3,0.7,1.0,4.4,2025,20.0,654.0,9.7,0.465,0.594,0.067,2.6,10.3,6.4,15.2,2.6,2.3,13.1,17.8,-0.3,1.0,0.8,0.055,-3.0,1.3,-1.7,0.1,6.3,17.8,0.351,3.6,10.6,0.338,2.7,7.2,0.371,0.452,1.0,1.2,0.813,1.2,4.6,5.8,5.6,2.6,1.3,2.8,3.9,17.0,101.0,110.0,82.0,21.0,26.2,5.0,11.5,0.43,2.8,7.0,0.394,2.2,4.5,0.486,0.55,0.8,1.0,0.802,0.3,2.6,2.9,3.4,1.5,0.7,1.5,2.0,13.5,2026.0,21.0,2147.0,15.7,0.564,0.609,0.091,1.5,10.7,6.1,18.6,2.8,2.3,11.1,21.7,2.7,3.1,5.9,0.131,1.2,1.5,2.7,2.5,9.5,22.0,0.43,5.3,13.4,0.394,4.2,8.6,0.486,0.55,1.6,2.0,0.802,0.7,4.9,5.5,6.4,2.8,1.3,2.9,3.9,25.8,118.0,112.0,0.0,https://cdn.nba.com/headshots/nba/latest/1040x760/1642263.png,Houston Rockets,https://cdn.nba.com/logos/nba/1610612745/primary/L/logo.svg,HOU
60,565.0,Riley Minix,24.0,SAS,SF,1.0,0.0,7.0,0.0,1.0,0.0,0.0,1.0,0.0,0.0,0.0,0.0,0.0,0.0,0.0,0.0,0.0,2.0,2.0,0.0,0.0,0.0,0.0,0.0,0.0,2025,24.0,7.0,-1.7,0.0,1.0,0.0,0.0,30.7,15.3,0.0,0.0,0.0,0.0,6.1,0.0,0.0,0.0,-0.114,-8.5,-3.3,-11.8,0.0,0.0,6.9,0.0,0.0,6.9,0.0,0.0,0.0,0.0,0.0,0.0,0.0,0.0,0.0,13.8,13.8,0.0,0.0,0.0,0.0,0.0,0.0,0.0,118.0,9.0,0.0,6.4,1.6,2.6,0.609,0.4,1.3,0.333,1.1,1.2,0.909,0.696,0.3,0.3,1.0,0.2,0.4,0.7,0.6,0.2,0.1,0.3,0.6,3.9,2026.0,25.0,58.0,19.1,0.72,0.522,0.13,3.8,7.5,5.6,14.1,1.7,1.6,11.0,19.8,0.1,0.1,0.2,0.162,1.9,-0.1,1.8,0.1,11.6,19.1,0.609,3.3,9.9,0.333,8.3,9.1,0.909,0.696,2.5,2.5,1.0,1.7,3.3,5.0,4.1,1.7,0.8,2.5,4.1,29.0,131.0,117.0,0.0,https://cdn.nba.com/headshots/nba/latest/1040x760/1642434.png,San Antonio Spurs,https://cdn.nba.com/logos/nba/1610612759/primary/L/logo.svg,SAS
61,395.0,Rob Dillingham,20.0,MIN,PG,49.0,1.0,10.5,1.9,4.3,0.441,0.5,1.5,0.338,1.4,2.8,0.496,0.5,0.2,0.3,0.533,0.2,0.8,1.0,2.0,0.4,0.0,1.1,0.8,4.5,2025,20.0,516.0,10.2,0.503,0.351,0.071,2.6,8.0,5.4,28.4,1.9,0.2,19.6,22.7,-0.4,0.6,0.1,0.012,-3.3,-0.9,-4.2,-0.3,8.9,20.2,0.441,2.4,7.1,0.338,6.5,13.1,0.496,0.5,0.8,1.4,0.533,1.1,3.6,4.8,9.4,1.9,0.1,5.1,3.5,20.9,99.0,114.0,65.0,0.0,14.9,2.5,6.3,0.396,0.6,2.0,0.316,1.9,4.3,0.434,0.447,0.6,0.8,0.745,0.3,1.7,2.0,2.2,0.7,0.1,1.5,1.8,6.3,2026.0,21.0,970.0,7.7,0.469,0.323,0.133,2.1,12.2,7.2,20.6,2.3,0.5,18.6,23.1,-2.0,0.9,-1.1,-0.056,-6.3,-0.9,-7.3,-1.3,7.9,20.0,0.396,2.0,6.5,0.316,5.9,13.6,0.434,0.447,2.0,2.7,0.745,0.9,5.4,6.4,6.9,2.3,0.3,4.9,5.5,19.9,90.0,117.0,0.0,https://cdn.nba.com/headshots/nba/latest/1040x760/1642265.png,Minnesota Timberwolves,https://cdn.nba.com/logos/nba/1610612750/primary/L/logo.svg,MIN
62,328.0,Ron Holland,19.0,DET,SF,81.0,2.0,15.6,2.4,5.1,0.474,0.4,1.9,0.238,2.0,3.3,0.608,0.517,1.1,1.5,0.754,0.5,2.2,2.7,1.0,0.6,0.2,0.9,1.7,6.4,2025,19.0,1266.0,11.1,0.556,0.363,0.293,3.5,15.5,9.5,8.9,1.9,1.3,13.3,18.1,0.2,1.5,1.8,0.067,-3.3,0.3,-3.0,-0.3,7.5,15.8,0.474,1.4,5.7,0.238,6.1,10.1,0.608,0.517,3.5,4.6,0.754,1.5,6.8,8.3,3.1,1.9,0.6,2.7,5.4,19.8,107.0,113.0,78.0,5.0,19.9,3.0,7.0,0.432,0.6,2.5,0.253,2.4,4.4,0.535,0.478,1.5,1.9,0.805,1.1,3.0,4.0,1.2,1.2,0.3,1.2,2.3,8.2,2026.0,20.0,1551.0,11.7,0.525,0.364,0.274,6.1,16.5,11.4,8.2,2.9,1.7,13.6,18.9,-0.1,2.9,2.8,0.087,-3.3,1.4,-2.0,0.0,7.3,17.0,0.432,1.6,6.2,0.253,5.8,10.8,0.535,0.478,3.7,4.6,0.805,2.6,7.2,9.8,3.0,2.9,0.8,3.0,5.7,20.0,106.0,108.0,0.0,https://cdn.nba.com/headshots/nba/latest/1040x760/1641842.png,Detroit Pistons,https://cdn.nba.com/logos/nba/1610612765/primary/L/logo.svg,DET
63,302.0,Ryan Dunn,22.0,PHO,SF,74.0,44.0,19.1,2.8,6.4,0.43,1.1,3.6,0.311,1.7,2.9,0.577,0.516,0.3,0.5,0.487,1.2,2.4,3.6,0.8,0.6,0.5,0.5,2.2,6.9,2025,22.0,1410.0,10.7,0.517,0.553,0.082,7.5,13.5,10.6,5.7,1.5,2.7,7.5,16.7,0.2,0.7,1.0,0.034,-2.9,-1.2,-4.1,-0.7,7.2,16.7,0.43,2.9,9.3,0.311,4.3,7.5,0.577,0.516,0.7,1.4,0.487,3.2,6.1,9.4,2.0,1.5,1.4,1.4,5.7,17.9,107.0,119.0,70.0,16.0,19.4,2.3,5.2,0.453,0.8,2.4,0.331,1.5,2.8,0.56,0.53,0.3,0.7,0.489,1.4,2.8,4.2,1.5,0.9,0.4,0.8,1.9,5.8,2026.0,23.0,1355.0,11.7,0.532,0.467,0.13,7.8,16.8,12.2,10.3,2.2,2.0,12.8,13.7,0.7,1.9,2.6,0.093,-2.1,1.2,-0.9,0.4,6.0,13.2,0.453,2.0,6.2,0.331,3.9,7.0,0.56,0.53,0.8,1.7,0.489,3.6,7.2,10.8,3.7,2.2,1.1,2.0,4.7,14.8,113.0,113.0,0.0,https://cdn.nba.com/headshots/nba/latest/1040x760/1642346.png,Phoenix Suns,https://cdn.nba.com/logos/nba/1610612756/primary/L/logo.svg,PHO
64,537.0,Spencer Jones,23.0,DEN,SF,20.0,0.0,6.3,0.6,1.7,0.324,0.1,0.9,0.059,0.5,0.9,0.588,0.338,0.2,0.2,1.0,0.4,0.5,0.9,0.3,0.3,0.3,0.3,0.9,1.3,2025,23.0,125.0,4.5,0.368,0.5,0.088,7.4,7.5,7.5,4.7,1.9,3.6,12.4,13.7,-0.2,0.1,-0.1,-0.031,-7.7,-0.8,-8.5,-0.2,4.2,13.1,0.324,0.4,6.5,0.059,3.8,6.5,0.588,0.338,1.2,1.2,1.0,3.1,3.5,6.5,1.9,1.9,1.9,1.9,6.5,10.0,86.0,116.0,64.0,37.0,22.1,2.1,4.1,0.504,0.9,2.3,0.396,1.2,1.8,0.636,0.613,0.5,0.8,0.608,1.2,2.1,3.3,0.8,0.8,0.5,0.5,2.7,5.5,2026.0,24.0,1417.0,9.3,0.619,0.55,0.195,6.2,10.1,8.3,4.5,1.8,1.9,9.8,9.7,1.5,1.2,2.6,0.089,-2.4,0.0,-2.4,-0.1,4.5,9.0,0.504,2.0,5.0,0.396,2.6,4.1,0.636,0.613,1.1,1.8,0.608,2.6,4.6,7.2,1.8,1.8,1.0,1.1,6.0,12.1,125.0,118.0,0.0,https://cdn.nba.com/headshots/nba/latest/1040x760/1642461.png,Denver Nuggets,https://cdn.nba.com/logos/nba/1610612743/primary/L/logo.svg,DEN
65,97.0,Stephon Castle,20.0,SAS,SG,81.0,47.0,26.7,5.2,12.2,0.428,1.2,4.1,0.285,4.0,8.1,0.501,0.476,3.1,4.2,0.724,1.1,2.6,3.7,4.1,0.9,0.3,2.2,2.0,14.7,2025,20.0,2162.0,13.7,0.522,0.337,0.348,4.4,10.3,7.4,22.8,1.7,0.9,13.4,26.0,0.1,1.0,1.1,0.025,-1.5,-1.7,-3.2,-0.6,9.5,22.1,0.428,2.1,7.4,0.285,7.3,14.6,0.501,0.476,5.6,7.7,0.724,2.0,4.6,6.6,7.4,1.7,0.5,4.0,3.7,26.6,106.0,119.0,68.0,67.0,30.0,5.7,12.0,0.471,1.2,3.6,0.332,4.5,8.4,0.531,0.521,4.1,5.6,0.734,1.4,3.9,5.3,7.4,1.1,0.3,3.2,3.3,16.7,2026.0,21.0,2038.0,17.4,0.575,0.299,0.47,5.3,13.5,9.5,34.5,1.8,0.8,18.0,24.9,2.8,2.9,5.8,0.136,1.0,0.9,1.9,2.0,9.1,19.3,0.471,1.9,5.7,0.332,7.2,13.5,0.531,0.521,6.6,9.0,0.734,2.3,6.2,8.5,11.8,1.8,0.4,5.1,5.2,26.7,116.0,112.0,0.0,https://cdn.nba.com/headshots/nba/latest/1040x760/1642264.png,San Antonio Spurs,https://cdn.nba.com/logos/nba/1610612759/primary/L/logo.svg,SAS
66,409.0,Terrence Shannon Jr.,24.0,MIN,SG,32.0,1.0,10.6,1.7,3.6,0.482,0.3,1.0,0.355,1.4,2.6,0.53,0.531,0.5,0.7,0.81,0.3,1.2,1.5,1.0,0.2,0.2,0.5,0.8,4.3,2025,24.0,339.0,11.9,0.56,0.272,0.184,3.3,11.9,7.7,13.8,1.0,1.4,10.9,17.7,0.3,0.4,0.6,0.091,-2.1,0.0,-2.1,0.0,8.0,16.6,0.482,1.6,4.5,0.355,6.4,12.1,0.53,0.531,2.5,3.1,0.81,1.5,5.4,6.8,4.7,1.0,0.7,2.2,3.9,20.1,114.0,114.0,43.0,2.0,12.5,1.8,4.0,0.45,0.7,1.8,0.408,1.1,2.2,0.484,0.541,1.3,1.6,0.8,0.2,0.9,1.1,0.9,0.3,0.0,0.6,1.2,5.6,2026.0,25.0,538.0,11.1,0.597,0.444,0.409,2.1,7.8,5.0,9.5,1.2,0.2,10.6,17.7,0.6,0.4,1.0,0.09,-2.5,-1.1,-3.6,-0.2,6.8,15.2,0.45,2.8,6.7,0.408,4.1,8.4,0.484,0.541,5.0,6.2,0.8,0.9,3.5,4.3,3.4,1.2,0.1,2.1,4.4,21.4,118.0,118.0,0.0,https://cdn.nba.com/headshots/nba/latest/1040x760/1630545.png,Minnesota Timberwolves,https://cdn.nba.com/logos/nba/1610612750/primary/L/logo.svg,MIN
67,352.0,Tidjane Salaün,19.0,CHO,PF,60.0,10.0,20.7,1.9,5.8,0.33,1.0,3.4,0.283,0.9,2.3,0.4,0.414,1.1,1.6,0.713,1.2,3.5,4.7,1.2,0.5,0.2,1.0,1.4,5.9,2025,19.0,1244.0,7.7,0.457,0.594,0.272,5.9,18.4,12.0,8.5,1.1,1.1,13.1,15.2,-0.9,0.9,0.0,0.002,-4.3,-0.8,-5.2,-1.0,4.5,13.6,0.33,2.3,8.1,0.283,2.2,5.5,0.4,0.414,2.6,3.7,0.713,2.8,8.3,11.1,2.9,1.1,0.6,2.3,3.3,14.0,97.0,117.0,37.0,0.0,15.5,2.2,4.3,0.503,1.0,2.2,0.434,1.2,2.1,0.579,0.616,0.7,1.1,0.65,0.7,3.3,4.0,0.7,0.4,0.2,0.7,1.5,6.0,2026.0,20.0,575.0,12.9,0.629,0.522,0.252,5.2,23.7,14.6,6.6,1.4,1.1,12.8,14.9,0.6,0.8,1.4,0.117,-1.2,0.4,-0.8,0.2,6.9,13.7,0.503,3.1,7.2,0.434,3.8,6.6,0.579,0.616,2.2,3.4,0.65,2.2,10.6,12.8,2.3,1.4,0.6,2.2,4.7,19.1,120.0,113.0,0.0,https://cdn.nba.com/headshots/nba/latest/1040x760/1642275.png,Charlotte Hornets,https://cdn.nba.com/logos/nba/1610612766/primary/L/logo.svg,CHO
68,113.0,Tolu Smith,24.0,DET,PF,1.0,0.0,22.0,6.0,9.0,0.667,0.0,0.0,0.0,6.0,9.0,0.667,0.667,2.0,3.0,0.667,4.0,4.0,8.0,0.0,0.0,0.0,2.0,3.0,14.0,2025,24.0,22.0,19.5,0.678,0.0,0.333,20.3,20.0,20.1,0.0,0.0,0.0,16.2,23.6,0.0,0.0,0.1,0.128,-2.4,-6.5,-8.9,0.0,13.1,19.7,0.667,0.0,0.0,0.0,13.1,19.7,0.667,0.667,4.4,6.6,0.667,8.7,8.7,17.5,0.0,0.0,0.0,4.4,6.6,30.6,120.0,117.0,15.0,0.0,9.1,1.2,2.4,0.5,0.0,0.0,0.0,1.2,2.4,0.5,0.5,1.3,2.0,0.667,1.5,1.8,3.3,0.9,0.1,0.4,0.5,1.5,3.7,2026.0,25.0,137.0,16.9,0.569,0.0,0.833,18.3,21.8,20.1,12.4,0.7,4.4,12.5,17.1,0.3,0.2,0.5,0.185,-0.9,0.9,0.0,0.1,6.4,12.7,0.5,0.0,0.0,0.0,6.4,12.7,0.5,0.5,7.1,10.6,0.667,7.8,9.5,17.3,4.6,0.7,2.1,2.5,8.1,19.8,127.0,110.0,0.0,https://cdn.nba.com/headshots/nba/latest/1040x760/1642449.png,Detroit Pistons,https://cdn.nba.com/logos/nba/1610612765/primary/L/logo.svg,DET
69,513.0,Trentyn Flowers,19.0,LAC,SF,6.0,0.0,4.5,0.7,1.8,0.364,0.0,0.3,0.0,0.7,1.5,0.444,0.364,0.5,0.5,1.0,0.2,0.5,0.7,0.0,0.0,0.0,0.2,0.7,1.8,2025,19.0,27.0,4.3,0.446,0.182,0.273,4.3,12.4,8.4,0.0,0.0,0.0,7.5,21.5,0.0,0.0,0.0,-0.033,-7.1,-1.3,-8.3,0.0,7.3,20.1,0.364,0.0,3.6,0.0,7.3,16.4,0.444,0.364,5.5,5.5,1.0,1.8,5.5,7.3,0.0,0.0,0.0,1.8,7.3,20.1,92.0,117.0,2.0,0.0,3.0,1.0,1.5,0.667,0.0,0.5,0.0,1.0,1.0,1.0,0.667,0.0,0.0,0.0,0.5,0.0,0.5,0.5,0.0,0.0,0.5,0.5,2.0,2026.0,20.0,6.0,16.7,0.667,0.333,0.0,17.9,0.0,8.8,30.5,0.0,0.0,25.0,27.8,0.0,0.0,0.0,0.023,1.7,-2.7,-1.0,0.0,15.6,23.4,0.667,0.0,7.8,0.0,15.6,15.6,1.0,0.667,0.0,0.0,0.0,7.8,0.0,7.8,7.8,0.0,0.0,7.8,7.8,31.2,110.0,127.0,0.0,https://cdn.nba.com/headshots/nba/latest/1040x760/1642280.png,LA Clippers,https://cdn.nba.com/logos/nba/1610612746/primary/L/logo.svg,LAC
70,536.0,Trey Alexander,21.0,DEN,SG,24.0,0.0,4.9,0.5,1.7,0.317,0.1,0.7,0.176,0.4,1.0,0.417,0.354,0.1,0.2,0.75,0.0,0.5,0.5,0.5,0.1,0.0,0.2,0.4,1.3,2025,21.0,117.0,2.9,0.374,0.415,0.098,1.0,9.8,5.6,11.4,0.8,0.8,10.5,17.3,-0.2,0.0,-0.2,-0.077,-7.9,-1.8,-9.7,-0.2,5.3,16.9,0.317,1.2,7.0,0.176,4.1,9.9,0.417,0.354,1.2,1.6,0.75,0.4,4.5,4.9,4.5,0.8,0.4,2.1,4.1,13.2,84.0,120.0,9.0,0.0,12.3,2.1,4.1,0.514,0.7,1.3,0.5,1.4,2.8,0.52,0.595,0.3,0.6,0.6,0.1,1.1,1.2,1.0,0.7,0.2,0.3,1.4,5.2,2026.0,22.0,111.0,13.2,0.599,0.324,0.135,1.0,9.8,5.3,11.6,2.6,1.7,7.1,15.8,0.1,0.1,0.2,0.09,-1.5,-0.1,-1.6,0.0,8.2,15.9,0.514,2.6,5.2,0.5,5.6,10.8,0.52,0.595,1.3,2.2,0.6,0.4,4.3,4.7,3.9,2.6,0.9,1.3,5.6,20.3,121.0,119.0,0.0,https://cdn.nba.com/headshots/nba/latest/1040x760/1641725.png,Denver Nuggets,https://cdn.nba.com/logos/nba/1610612743/primary/L/logo.svg,DEN
71,285.0,Tristan Da Silva,23.0,ORL,SF,74.0,38.0,22.0,2.7,6.5,0.412,1.1,3.2,0.335,1.6,3.3,0.488,0.495,0.7,0.9,0.873,1.0,2.3,3.3,1.5,0.4,0.2,0.8,1.3,7.2,2025,23.0,1629.0,9.9,0.522,0.495,0.13,4.9,12.7,8.6,10.3,1.0,1.1,9.9,15.2,0.5,1.9,2.5,0.073,-2.3,-0.3,-2.6,-0.3,6.1,14.8,0.412,2.5,7.3,0.335,3.6,7.5,0.488,0.495,1.7,1.9,0.873,2.2,5.3,7.5,3.5,1.0,0.6,1.7,2.9,16.3,109.0,113.0,77.0,34.0,24.7,3.6,8.1,0.45,1.6,4.2,0.374,2.1,3.9,0.532,0.547,1.1,1.2,0.884,0.8,2.9,3.7,1.6,0.9,0.3,0.9,1.5,9.9,2026.0,24.0,1899.0,12.0,0.576,0.518,0.153,3.4,13.4,8.3,9.3,1.7,1.2,9.4,16.2,1.3,2.1,3.3,0.084,-0.7,0.1,-0.6,0.7,7.1,15.7,0.45,3.0,8.1,0.374,4.0,7.6,0.532,0.547,2.1,2.4,0.884,1.5,5.7,7.2,3.1,1.7,0.6,1.7,3.0,19.3,114.0,115.0,0.0,https://cdn.nba.com/headshots/nba/latest/1040x760/1641783.png,Orlando Magic,https://cdn.nba.com/logos/nba/1610612753/primary/L/logo.svg,ORL
72,558.0,Tristen Newton,23.0,2TM,SG,8.0,0.0,2.0,0.1,1.0,0.125,0.0,0.4,0.0,0.1,0.6,0.2,0.125,0.1,0.1,1.0,0.3,0.3,0.5,0.3,0.1,0.0,0.3,0.5,0.4,2025,23.0,16.0,-6.1,0.178,0.375,0.125,14.1,13.6,13.9,15.4,3.1,0.0,19.2,28.2,-0.1,0.0,-0.1,-0.33,-16.7,-4.0,-20.7,-0.1,3.0,24.3,0.125,0.0,9.1,0.0,3.0,15.2,0.2,0.125,3.0,3.0,1.0,6.1,6.1,12.2,6.1,3.0,0.0,6.1,12.2,9.1,55.0,111.0,1.0,0.0,12.0,4.0,9.0,0.444,2.0,5.0,0.4,2.0,4.0,0.5,0.556,2.0,3.0,0.667,2.0,1.0,3.0,0.0,1.0,0.0,0.0,0.0,12.0,2026.0,24.0,12.0,32.8,0.581,0.556,0.333,18.7,9.1,13.9,0.0,4.2,0.0,0.0,36.2,0.1,0.0,0.1,0.28,8.5,0.0,8.4,0.0,16.7,37.5,0.444,8.3,20.8,0.4,8.3,16.7,0.5,0.556,8.3,12.5,0.667,8.3,4.2,12.5,0.0,4.2,0.0,0.0,0.0,50.0,131.0,111.0,0.0,https://cdn.nba.com/headshots/nba/latest/1040x760/1641803.png,,,
73,504.0,Tyler Kolek,23.0,NYK,PG,41.0,0.0,7.2,0.7,2.0,0.329,0.3,1.1,0.298,0.3,0.9,0.371,0.415,0.3,0.4,0.765,0.2,0.5,0.7,1.7,0.3,0.1,0.4,0.6,2.0,2025,23.0,296.0,10.3,0.453,0.573,0.207,3.1,7.3,5.2,29.5,2.0,1.3,16.7,15.8,0.1,0.3,0.4,0.058,-2.6,-0.3,-2.8,-0.1,4.5,13.7,0.329,2.3,7.9,0.298,2.2,5.9,0.371,0.415,2.2,2.8,0.765,1.3,3.2,4.5,11.7,2.0,0.7,3.0,4.4,13.6,109.0,116.0,62.0,1.0,11.7,1.7,4.0,0.435,0.7,1.8,0.386,1.0,2.2,0.478,0.524,0.2,0.3,0.7,0.3,1.3,1.6,2.7,0.4,0.1,0.9,1.0,4.4,2026.0,24.0,727.0,12.5,0.533,0.46,0.081,2.5,12.7,7.5,31.7,1.5,0.6,17.6,18.4,0.6,0.8,1.4,0.093,-0.8,0.2,-0.6,0.3,7.4,16.9,0.435,3.0,7.8,0.386,4.4,9.1,0.478,0.524,1.0,1.4,0.7,1.1,5.6,6.7,11.6,1.5,0.3,3.8,4.4,18.7,114.0,115.0,0.0,https://cdn.nba.com/headshots/nba/latest/1040x760/1642278.png,New York Knicks,https://cdn.nba.com/logos/nba/1610612752/primary/L/logo.svg,NYK
74,474.0,Tyler Smith,20.0,MIL,PF,23.0,0.0,5.3,1.0,2.2,0.48,0.6,1.3,0.433,0.5,0.9,0.55,0.61,0.3,0.3,0.75,0.3,0.8,1.1,0.2,0.1,0.2,0.3,0.5,2.9,2025,20.0,122.0,15.2,0.626,0.6,0.16,5.6,16.3,11.1,4.9,1.2,3.1,13.0,22.1,0.1,0.1,0.2,0.083,0.4,-1.2,-0.9,0.0,9.5,19.8,0.48,5.2,11.9,0.433,4.4,7.9,0.55,0.61,2.4,3.2,0.75,2.4,7.5,9.9,1.6,1.2,1.6,3.2,4.4,26.6,110.0,113.0,12.0,0.0,13.8,1.8,4.2,0.42,0.8,2.9,0.286,0.9,1.3,0.733,0.52,0.3,0.5,0.667,1.0,1.8,2.8,0.4,0.5,0.0,0.5,1.1,4.7,2026.0,21.0,166.0,9.6,0.532,0.7,0.12,7.7,13.3,10.5,4.1,1.7,0.0,10.2,14.8,0.0,0.1,0.1,0.043,-3.3,-1.6,-4.8,-0.1,6.0,14.2,0.42,2.8,9.9,0.286,3.1,4.3,0.733,0.52,1.1,1.7,0.667,3.4,6.0,9.4,1.4,1.7,0.0,1.7,3.7,15.9,108.0,118.0,0.0,https://cdn.nba.com/headshots/nba/latest/1040x760/1641890.png,Milwaukee Bucks,https://cdn.nba.com/logos/nba/1610612749/primary/L/logo.svg,MIL
75,266.0,Tyson Etienne,25.0,BRK,PG,7.0,0.0,21.6,2.4,7.4,0.327,1.9,6.3,0.295,0.6,1.1,0.5,0.452,1.1,1.4,0.8,0.4,0.9,1.3,1.7,0.4,0.1,1.1,2.4,7.9,2025,25.0,151.0,5.6,0.488,0.846,0.192,2.2,4.7,3.4,11.9,1.0,0.7,12.4,18.6,-0.1,0.1,-0.1,-0.021,-5.7,-3.1,-8.8,-0.3,5.6,17.1,0.327,4.3,14.5,0.295,1.3,2.6,0.5,0.452,2.6,3.3,0.8,1.0,2.0,3.0,4.0,1.0,0.3,2.6,5.6,18.1,98.0,121.0,24.0,2.0,15.8,2.4,6.0,0.4,1.8,4.5,0.398,0.6,1.5,0.405,0.548,1.3,1.5,0.833,0.2,0.9,1.1,1.7,0.5,0.0,0.7,2.0,7.9,2026.0,26.0,380.0,11.9,0.588,0.745,0.248,1.4,7.1,4.1,16.9,1.4,0.0,9.0,20.3,0.4,0.1,0.5,0.069,-0.8,-2.0,-2.8,-0.1,7.5,18.9,0.4,5.6,14.1,0.398,2.0,4.8,0.405,0.548,3.9,4.7,0.833,0.7,2.9,3.5,5.2,1.4,0.0,2.1,6.1,24.6,117.0,122.0,0.0,https://cdn.nba.com/headshots/nba/latest/1040x760/1630623.png,Brooklyn Nets,https://cdn.nba.com/logos/nba/1610612751/primary/L/logo.svg,BRK
76,522.0,Yuki Kawamura,23.0,MEM,PG,22.0,0.0,4.2,0.5,1.4,0.367,0.3,1.0,0.304,0.2,0.3,0.571,0.483,0.3,0.4,0.778,0.0,0.5,0.5,0.9,0.1,0.0,0.2,0.4,1.6,2025,23.0,93.0,11.0,0.53,0.767,0.3,0.0,13.5,6.8,25.1,1.0,0.0,12.8,16.9,0.1,0.1,0.2,0.095,-2.6,-0.2,-2.8,0.0,5.5,15.0,0.367,3.5,11.5,0.304,2.0,3.5,0.571,0.483,3.5,4.5,0.778,0.0,6.0,6.0,9.5,1.0,0.0,2.5,4.0,18.0,117.0,117.0,18.0,0.0,11.6,0.9,2.9,0.327,0.6,2.1,0.297,0.3,0.8,0.4,0.433,0.9,1.1,0.895,0.4,1.4,1.8,2.6,0.5,0.0,0.8,0.8,3.4,2026.0,24.0,209.0,11.4,0.514,0.712,0.365,3.6,13.0,8.4,28.2,2.0,0.0,18.8,14.8,0.2,0.1,0.3,0.069,-2.7,-1.0,-3.7,-0.1,3.8,11.6,0.327,2.5,8.3,0.297,1.3,3.4,0.4,0.433,3.8,4.3,0.895,1.6,5.8,7.4,10.5,2.0,0.0,3.1,3.4,13.9,114.0,119.0,0.0,https://cdn.nba.com/headshots/nba/latest/1040x760/1642530.png,Memphis Grizzlies,https://cdn.nba.com/logos/nba/1610612763/primary/L/logo.svg,MEM
77,220.0,Yves Missi,20.0,NOP,C,73.0,67.0,26.8,3.7,6.7,0.547,0.0,0.0,0.0,3.7,6.7,0.548,0.547,1.7,2.8,0.623,3.5,4.7,8.2,1.4,0.5,1.3,1.1,2.0,9.1,2025,20.0,1956.0,15.4,0.572,0.002,0.415,13.7,19.7,16.6,7.2,0.9,4.8,12.4,14.3,2.5,1.1,3.6,0.089,-1.6,-1.4,-3.0,-0.5,6.7,12.2,0.547,0.0,0.0,0.0,6.7,12.2,0.548,0.547,3.1,5.1,0.623,6.3,8.6,14.9,2.5,0.9,2.4,2.0,3.6,16.5,120.0,119.0,66.0,14.0,19.7,2.4,4.5,0.544,0.0,0.0,0.0,2.4,4.4,0.546,0.544,0.9,1.5,0.559,2.8,3.1,5.8,1.3,0.3,1.5,0.8,1.7,5.7,2026.0,21.0,1297.0,15.0,0.556,0.003,0.347,15.0,17.0,16.0,8.6,0.7,7.4,13.7,12.6,1.6,1.1,2.7,0.098,-1.4,-0.3,-1.7,0.1,5.9,10.8,0.544,0.0,0.0,0.0,5.9,10.8,0.546,0.544,2.1,3.8,0.559,6.7,7.5,14.2,3.1,0.7,3.7,2.0,4.2,13.9,122.0,118.0,0.0,https://cdn.nba.com/headshots/nba/latest/1040x760/1642274.png,New Orleans Pelicans,https://cdn.nba.com/logos/nba/1610612740/primary/L/logo.svg,NOP
78,131.0,Zaccharie Risacher,19.0,ATL,SF,75.0,73.0,24.6,4.8,10.4,0.458,1.6,4.6,0.355,3.1,5.8,0.54,0.537,1.4,2.0,0.711,1.1,2.4,3.6,1.2,0.7,0.5,1.2,2.0,12.6,2025,19.0,1843.0,12.2,0.558,0.442,0.191,5.0,11.1,8.0,7.1,1.3,1.8,9.8,20.9,0.6,1.1,1.8,0.046,-1.7,-1.8,-3.5,-0.7,9.1,19.8,0.458,3.1,8.7,0.355,6.0,11.0,0.54,0.537,2.7,3.8,0.711,2.2,4.6,6.8,2.3,1.3,0.9,2.3,3.8,23.9,108.0,118.0,67.0,46.0,22.4,3.6,8.0,0.455,1.4,3.9,0.368,2.2,4.1,0.536,0.544,0.9,1.3,0.644,1.1,2.8,3.8,1.1,0.9,0.5,0.9,2.2,9.6,2026.0,20.0,1503.0,11.8,0.557,0.481,0.168,5.0,13.6,9.3,6.8,1.9,2.2,9.2,17.6,0.5,1.9,2.3,0.074,-2.3,-0.2,-2.5,-0.2,7.7,16.8,0.455,3.0,8.1,0.368,4.7,8.7,0.536,0.544,1.8,2.8,0.644,2.2,5.8,8.1,2.4,1.9,1.1,1.8,4.6,20.1,110.0,114.0,0.0,https://cdn.nba.com/headshots/nba/latest/1040x760/1642258.png,Atlanta Hawks,https://cdn.nba.com/logos/nba/1610612737/primary/L/logo.svg,ATL
79,214.0,Zach Edey,22.0,MEM,C,66.0,55.0,21.5,3.8,6.6,0.58,0.3,0.8,0.346,3.5,5.8,0.612,0.6,1.4,1.9,0.709,3.5,4.8,8.3,1.0,0.5,1.3,1.3,2.8,9.2,2025,22.0,1416.0,18.2,0.624,0.12,0.293,17.5,23.4,20.5,6.1,1.2,5.5,15.3,16.4,2.7,2.2,4.9,0.165,-0.2,0.1,-0.1,0.7,8.2,14.2,0.58,0.6,1.7,0.346,7.6,12.5,0.612,0.6,3.0,4.2,0.709,7.6,10.4,18.0,2.1,1.2,2.8,2.9,6.0,20.0,124.0,110.0,11.0,11.0,25.8,5.6,8.9,0.633,0.1,0.5,0.2,5.5,8.5,0.656,0.638,2.3,2.9,0.781,3.9,7.2,11.1,1.1,0.6,1.9,2.4,3.4,13.6,2026.0,23.0,284.0,20.7,0.669,0.051,0.327,16.1,30.6,23.3,6.6,1.2,6.8,18.8,20.2,0.4,0.4,0.8,0.134,-0.6,1.1,0.5,0.2,10.3,16.3,0.633,0.2,0.8,0.2,10.2,15.5,0.656,0.638,4.2,5.3,0.781,7.2,13.2,20.4,2.0,1.2,3.5,4.3,6.2,25.0,119.0,113.0,0.0,https://cdn.nba.com/headshots/nba/latest/1040x760/1641744.png,Memphis Grizzlies,https://cdn.nba.com/logos/nba/1610612763/primary/L/logo.svg,MEM
80,567.0,Zyon Pullin,23.0,MEM,SG,3.0,0.0,1.0,0.0,0.3,0.0,0.0,0.0,0.0,0.0,0.3,0.0,0.0,0.0,0.0,0.0,0.0,0.0,0.0,0.0,0.0,0.0,0.0,0.0,0.0,2025,23.0,3.0,-11.7,0.0,0.0,0.0,0.0,0.0,0.0,0.0,0.0,0.0,0.0,13.4,0.0,0.0,0.0,-0.304,-15.0,-7.7,-22.7,0.0,0.0,15.5,0.0,0.0,0.0,0.0,0.0,15.5,0.0,0.0,0.0,0.0,0.0,0.0,0.0,0.0,0.0,0.0,0.0,0.0,0.0,0.0,0.0,123.0,5.0,0.0,8.6,1.8,2.6,0.692,0.2,0.6,0.333,1.6,2.0,0.8,0.731,0.8,0.8,1.0,0.2,0.4,0.6,1.8,0.2,0.0,0.6,1.2,4.6,2026.0,24.0,43.0,18.8,0.779,0.231,0.308,2.6,5.0,3.8,31.0,1.1,0.0,16.9,17.4,0.2,0.0,0.2,0.222,0.2,-1.3,-1.1,0.0,10.0,14.4,0.692,1.1,3.3,0.333,8.9,11.1,0.8,0.731,4.4,4.4,1.0,1.1,2.2,3.3,10.0,1.1,0.0,3.3,6.7,25.5,144.0,119.0,0.0,https://cdn.nba.com/headshots/nba/latest/1040x760/1642389.png,Memphis Grizzlies,https://cdn.nba.com/logos/nba/1610612763/primary/L/logo.svg,MEM
