,Rk,Player,Age,Team,Pos,G,GS,MP,FG,FGA,FG%,3P,3PA,3P%,2P,2PA,2P%,eFG%,FT,FTA,FT%,ORB,DRB,TRB,AST,STL,BLK,TOV,PF,PTS,ORtg,DRtg,Awards
0,1,Michael Finley,27,DAL,SF,82,82,3443,10.6,23.2,.458,1.4,3.9,.346,9.3,19.3,.481,.487,3.8,4.9,.775,1.6,4.7,6.4,5.4,1.8,0.5,2.8,2.6,26.4,105,105,"MVP-15,AS"
1,2,Antoine Walker,24,BOS,PF,81,81,3396,10.9,26.3,.413,3.4,9.2,.367,7.5,17.1,.439,.478,3.8,5.3,.716,2.3,8.7,11.0,6.8,2.1,0.7,4.6,3.8,28.9,99,102,
2,3,Antawn Jamison,24,GSW,SF,82,82,3394,12.0,27.2,.442,0.9,3.1,.302,11.1,24.2,.459,.459,5.7,8.0,.715,4.2,6.5,10.7,2.5,1.7,0.4,3.0,3.4,30.7,104,108,
3,4,Anthony Mason,34,MIA,PF,80,80,3254,7.8,16.2,.482,0.0,0.0,,7.8,16.2,.482,.482,6.3,8.0,.781,2.9,10.2,13.0,4.2,1.4,0.4,3.0,3.9,21.9,109,98,"MVP-15,DPOY-8,AS"
4,5,Gary Payton,32,SEA,PG,79,79,3244,11.7,25.7,.456,1.6,4.4,.375,10.1,21.3,.472,.488,4.4,5.7,.766,1.2,4.7,5.8,10.4,2.1,0.4,3.4,3.0,29.5,111,107,"AS,NBA3,DEF1"
5,6,Shareef Abdur-Rahim,24,VAN,SF,81,81,3241,9.8,20.7,.472,0.2,1.0,.188,9.6,19.6,.487,.477,7.2,8.6,.834,2.8,9.0,11.9,4.0,1.5,1.2,3.7,3.8,26.9,106,104,
6,7,Jerry Stackhouse,26,DET,SG,80,80,3215,12.2,30.4,.402,2.6,7.5,.351,9.6,22.9,.418,.445,10.5,12.8,.822,1.6,3.4,5.0,6.5,1.5,0.9,5.1,2.5,37.5,104,105,"MVP-14,AS"
7,8,Kevin Garnett,24,MIN,PF,81,81,3202,11.5,24.1,.477,0.3,1.1,.288,11.2,23.0,.486,.484,5.8,7.6,.764,3.6,11.5,15.0,6.5,1.8,2.4,3.8,3.3,29.1,108,99,"MVP-5,DPOY-2,AS,NBA2,DEF1"
8,9,Steve Francis,23,HOU,PG,80,79,3194,9.1,20.3,.451,2.2,5.6,.396,6.9,14.7,.472,.506,6.0,7.3,.817,3.2,6.0,9.2,8.6,2.3,0.5,4.4,4.6,26.4,113,104,
9,10,Baron Davis,21,CHH,PG,82,82,3192,6.9,16.1,.427,1.4,4.6,.310,5.4,11.5,.474,.472,3.8,5.7,.677,2.2,4.7,6.9,10.1,2.9,0.6,3.8,4.5,19.0,105,100,
10,11,Mike Bibby,22,VAN,PG,82,82,3190,8.6,19.0,.454,1.8,4.7,.379,6.8,14.3,.478,.500,2.3,3.1,.761,0.8,4.2,5.0,11.2,1.8,0.2,4.1,2.4,21.4,104,108,
11,12,Reggie Miller,35,IND,SG,81,81,3181,8.7,19.8,.440,2.9,7.8,.366,5.9,12.0,.487,.512,5.5,5.9,.928,0.6,4.2,4.8,4.4,1.4,0.3,2.2,2.7,25.8,115,106,
12,13,Tim Duncan,24,SAS,PF,82,82,3174,11.9,23.7,.499,0.1,0.5,.259,11.7,23.3,.504,.502,6.9,11.2,.618,4.4,12.5,16.8,4.1,1.2,3.2,4.1,4.2,30.7,106,94,"MVP-2,DPOY-3,AS,NBA1,DEF1"
13,14,Ray Allen,25,MIL,SG,82,82,3129,10.5,21.8,.480,3.4,7.8,.433,7.1,14.0,.506,.557,5.8,6.5,.888,1.7,5.4,7.1,6.2,2.1,0.3,3.4,3.2,30.1,119,106,"MVP-11,AS,NBA3"
14,15,Dirk Nowitzki,22,DAL,PF,82,82,3125,9.7,20.5,.474,2.5,6.4,.387,7.3,14.1,.513,.534,7.4,8.9,.838,2.0,10.5,12.4,2.9,1.3,1.7,2.6,4.0,29.4,118,100,NBA3
15,16,Paul Pierce,23,BOS,SF,82,82,3120,11.4,25.1,.454,2.4,6.4,.383,9.0,18.8,.478,.503,9.1,12.3,.745,1.6,7.1,8.7,4.2,2.3,1.1,4.4,4.2,34.4,107,102,MVP-13
16,17,David Wesley,30,CHH,SG,82,82,3106,9.0,21.4,.422,1.7,4.5,.376,7.4,17.0,.434,.461,4.7,5.9,.799,1.1,2.8,3.9,6.2,2.2,0.3,3.0,3.8,24.4,104,103,
17,18,Jason Terry,23,ATL,SG,82,77,3089,10.1,23.1,.436,2.1,5.3,.395,8.0,17.8,.448,.481,5.1,6.1,.846,0.7,3.8,4.5,6.8,1.8,0.2,4.0,3.4,27.4,105,107,
18,19,Tracy McGrady,21,ORL,SG,77,77,3087,13.2,28.8,.457,1.0,2.8,.355,12.2,26.0,.468,.474,7.2,9.8,.733,3.2,6.5,9.7,5.9,1.9,2.0,3.3,2.7,34.5,109,101,"MVP-6,MIP-1,AS,NBA2"
19,20,Jason Kidd,27,PHO,PG,77,76,3065,7.6,18.4,.411,1.2,3.9,.297,6.4,14.5,.442,.443,5.5,6.8,.814,1.5,6.8,8.3,12.7,2.8,0.4,4.8,2.9,21.8,104,97,"MVP-8,DPOY-11,AS,NBA1,DEF1"
20,21,Latrell Sprewell,30,NYK,SF,77,77,3017,9.6,22.4,.430,0.8,2.5,.304,8.9,19.9,.446,.447,5.0,6.4,.783,0.9,5.5,6.4,4.9,1.9,0.5,4.0,2.9,25.0,96,99,AS
21,22,Cuttino Mobley,25,HOU,SG,79,49,3002,9.3,21.5,.434,1.6,4.5,.357,7.7,17.0,.454,.471,7.0,8.4,.831,1.5,5.6,7.0,3.4,1.5,0.5,2.9,3.0,27.2,109,106,
22,23,Jamal Mashburn,28,CHH,SF,76,76,2989,10.3,24.9,.413,1.8,5.2,.356,8.4,19.7,.428,.450,5.0,6.5,.766,1.7,8.7,10.3,7.4,1.5,0.2,3.8,3.3,27.4,101,100,
23,24,Vince Carter,24,TOR,SF,75,75,2979,13.5,29.3,.460,2.9,7.0,.408,10.6,22.3,.477,.509,6.8,8.9,.765,3.1,4.3,7.4,5.2,2.0,1.5,3.0,3.6,36.7,114,104,"MVP-11,AS,NBA2"
24,25,Allen Iverson,25,PHI,SG,71,71,2979,13.6,32.2,.420,1.7,5.4,.320,11.8,26.8,.441,.447,10.4,12.8,.814,0.9,4.0,4.9,5.8,3.2,0.4,4.2,2.6,39.3,106,99,"MVP-1,DPOY-11,AS,NBA1"
25,26,Juwan Howard,27,2TM,PF,81,81,2974,10.1,21.2,.479,0.0,0.1,.000,10.1,21.1,.480,.479,5.1,6.7,.773,3.0,7.0,9.9,3.9,1.3,0.6,4.2,5.1,25.4,101,107,
26,26,Juwan Howard,27,WAS,PF,54,54,1981,10.2,21.6,.474,0.0,0.0,,10.2,21.6,.474,.474,5.2,6.7,.770,3.2,6.7,9.9,4.0,1.2,0.5,4.4,4.9,25.6,100,109,
27,26,Juwan Howard,27,DAL,PF,27,27,993,9.9,20.3,.488,0.0,0.2,.000,9.9,20.1,.492,.488,5.1,6.6,.780,2.6,7.4,10.0,3.6,1.5,0.8,3.8,5.5,24.9,102,103,
28,27,Jalen Rose,28,IND,SF,72,72,2943,10.3,22.7,.457,1.1,3.2,.339,9.3,19.5,.476,.480,5.2,6.3,.828,0.7,5.9,6.5,7.9,1.2,0.8,3.8,4.2,27.0,105,104,
29,28,Rasheed Wallace,26,POR,PF,77,75,2940,10.8,21.6,.501,1.0,3.0,.321,9.9,18.6,.530,.523,4.5,5.9,.766,2.7,8.3,11.0,3.9,1.6,2.5,2.9,3.8,27.1,111,100,AS
30,29,Doug Christie,30,SAC,SG,81,81,2939,5.4,13.6,.395,1.6,4.3,.376,3.8,9.3,.403,.454,4.8,5.4,.897,1.6,4.5,6.1,5.0,3.2,0.8,2.7,3.9,17.2,109,99,"DPOY-4,DEF2"
31,30,Shaquille O'Neal,28,LAL,C,74,74,2924,14.5,25.4,.572,0.0,0.0,.000,14.5,25.4,.573,.572,8.9,17.4,.513,5.2,11.6,16.8,5.0,0.8,3.7,3.9,4.6,38.0,114,101,"MVP-3,DPOY-8,AS,NBA1,DEF2"
32,31,Elton Brand,21,CHI,PF,74,74,2906,10.7,22.5,.476,0.0,0.0,.000,10.7,22.4,.477,.476,6.2,8.7,.708,5.3,8.5,13.8,4.4,1.3,2.2,4.0,4.5,27.6,103,106,
33,32,Peja Stojaković,23,SAC,SF,75,75,2905,9.8,20.8,.470,2.5,6.3,.400,7.3,14.5,.501,.531,4.7,5.5,.856,1.6,6.0,7.6,2.9,1.6,0.2,2.6,2.5,26.8,113,102,
34,33,Karl Malone,37,UTA,PF,81,81,2895,12.4,24.8,.498,0.0,0.1,.400,12.3,24.8,.499,.499,9.9,12.5,.793,2.1,10.3,12.4,6.7,1.7,1.1,4.5,4.0,34.7,112,100,"MVP-7,AS,NBA3"
35,34,Derek Anderson,26,SAS,SG,82,82,2859,7.7,18.6,.416,1.9,4.7,.399,5.8,13.9,.422,.467,6.4,7.5,.851,1.4,5.4,6.8,5.6,2.2,0.3,3.1,3.5,23.8,109,99,
36,35,Allan Houston,29,NYK,SG,78,78,2858,10.5,23.4,.449,1.9,4.9,.381,8.6,18.5,.467,.488,5.4,5.9,.909,0.4,5.1,5.5,3.4,1.0,0.2,3.1,3.7,28.3,104,102,AS
37,36,Shawn Marion,22,PHO,SF,79,79,2857,10.0,20.9,.480,0.4,1.5,.256,9.7,19.4,.497,.489,4.2,5.2,.810,4.0,11.3,15.3,2.9,2.4,1.9,2.3,3.8,24.7,109,93,DPOY-11
38,37,Wally Szczerbiak,23,MIN,SF,82,82,2856,8.6,16.8,.510,0.5,1.4,.338,8.1,15.4,.526,.524,3.3,3.8,.870,2.4,5.7,8.2,4.8,1.1,0.6,2.5,4.1,21.0,112,106,
39,38,Andre Miller,24,CLE,PG,82,82,2848,8.4,18.5,.452,0.3,1.2,.266,8.0,17.3,.465,.461,6.9,8.3,.833,1.7,4.9,6.7,12.1,2.2,0.5,4.9,4.2,23.9,109,106,
40,39,Lamar Odom,21,LAC,PF,76,74,2836,9.1,19.7,.460,1.5,4.8,.316,7.6,15.0,.506,.498,4.9,7.3,.679,2.1,9.1,11.2,7.4,1.4,2.3,5.0,4.5,24.6,102,102,
41,40,Chris Webber,27,SAC,PF,70,70,2836,14.1,29.3,.481,0.0,0.5,.071,14.1,28.8,.488,.481,5.8,8.3,.703,3.2,10.7,13.9,5.3,1.7,2.1,3.5,4.1,34.0,105,97,"MVP-4,AS,NBA1"
42,41,Jeff McInnis,26,LAC,PG,81,81,2831,8.2,17.6,.463,1.0,2.7,.361,7.2,14.9,.482,.491,2.5,3.0,.807,0.8,3.4,4.2,8.5,1.4,0.1,2.1,3.8,19.8,112,108,
43,42,Terrell Brandon,30,MIN,PG,78,78,2821,9.5,21.0,.451,0.6,1.7,.363,8.9,19.3,.458,.465,3.6,4.2,.871,1.1,4.4,5.5,10.8,3.0,0.4,2.9,2.6,23.2,109,104,
44,43,Glenn Robinson,28,MIL,SF,76,74,2813,12.7,27.0,.468,1.0,3.4,.299,11.6,23.6,.493,.487,4.6,5.7,.820,2.3,7.4,9.7,4.7,1.6,1.1,4.1,3.5,31.0,103,104,AS
45,44,P.J. Brown,31,CHH,C,80,79,2811,4.8,10.7,.444,0.0,0.1,.000,4.8,10.6,.447,.444,3.4,4.0,.852,4.9,9.3,14.2,2.4,1.5,1.8,2.1,5.0,12.9,109,98,DEF2
46,45,Kobe Bryant,22,LAL,SG,68,68,2783,13.2,28.4,.464,1.1,3.8,.305,12.0,24.6,.489,.484,8.9,10.5,.853,2.0,5.5,7.5,6.4,2.1,0.8,4.1,4.2,36.4,112,105,"MVP-9,DPOY-11,AS,NBA2,DEF2"
47,46,Clarence Weatherspoon,30,CLE,PF,82,82,2774,6.6,13.1,.501,0.0,0.0,,6.6,13.1,.501,.501,4.4,5.5,.790,4.2,10.9,15.1,2.0,1.6,2.0,2.1,3.2,17.5,114,101,
48,47,Brian Grant,28,MIA,C,82,79,2771,9.6,20.1,.479,0.0,0.0,.000,9.6,20.1,.480,.479,5.6,7.0,.797,4.3,10.0,14.3,2.0,1.2,1.4,3.4,5.8,24.9,104,97,
49,48,Charles Oakley,37,TOR,PF,78,77,2767,5.8,15.0,.388,0.2,0.9,.224,5.6,14.1,.399,.395,2.4,2.9,.836,2.7,11.4,14.1,5.0,1.4,0.9,2.7,4.9,14.3,96,101,
50,49,Darrell Armstrong,32,ORL,PG,75,75,2767,7.7,18.7,.412,2.7,7.5,.355,5.0,11.2,.451,.484,4.1,4.6,.884,1.8,4.6,6.4,9.8,2.5,0.2,3.7,2.9,22.1,110,103,
51,50,Ben Wallace,26,DET,C,80,80,2760,3.9,8.1,.490,0.0,0.1,.250,3.9,8.0,.492,.491,1.5,4.4,.336,5.6,13.8,19.3,2.3,2.0,3.4,2.1,3.5,9.4,100,94,DPOY-5
52,51,Clifford Robinson,34,PHO,PF,82,82,2751,9.4,22.2,.422,1.7,4.7,.361,7.7,17.6,.439,.460,4.7,6.7,.709,2.0,4.3,6.3,4.4,1.6,1.5,3.5,4.8,25.2,99,100,
53,52,Antonio Davis,32,TOR,C,78,77,2729,7.3,16.7,.433,0.0,0.0,.000,7.3,16.7,.434,.433,6.2,8.2,.754,5.3,9.9,15.2,2.1,0.4,2.9,2.6,4.4,20.7,107,102,AS
54,53,Rashard Lewis,21,SEA,PF,78,78,2720,8.2,17.1,.480,2.4,5.5,.432,5.8,11.6,.503,.550,3.4,4.1,.826,2.8,7.7,10.4,2.4,1.8,0.9,2.5,3.7,22.2,114,105,
55,54,Sam Cassell,31,MIL,PG,76,75,2709,10.3,21.8,.474,0.6,1.9,.306,9.7,19.9,.490,.488,5.3,6.2,.858,0.9,4.7,5.6,11.2,1.7,0.2,4.2,4.1,26.6,111,107,
56,55,Nick Van Exel,29,DEN,PG,71,70,2688,8.9,21.4,.414,2.6,6.9,.377,6.3,14.5,.431,.474,3.9,4.8,.819,0.8,3.8,4.6,11.6,1.2,0.3,3.2,2.1,24.3,110,110,
57,56,Bruce Bowen,29,MIA,SF,82,72,2685,4.3,11.9,.363,2.1,6.3,.336,2.2,5.6,.394,.452,2.0,3.3,.609,0.9,4.1,5.0,2.7,1.7,1.1,1.5,5.5,12.8,97,100,"DPOY-8,DEF2"
58,57,Damon Stoudamire,27,POR,PG,82,82,2655,8.2,19.0,.434,1.7,4.4,.374,6.6,14.5,.453,.478,3.5,4.2,.831,1.4,4.7,6.1,9.5,2.1,0.2,3.9,4.1,21.6,106,104,
59,58,George Lynch,30,PHI,SF,82,80,2649,5.5,12.3,.445,0.3,1.1,.263,5.2,11.2,.463,.457,2.5,3.4,.719,4.0,7.8,11.8,2.8,2.0,0.6,2.2,4.4,13.7,105,99,
60,59,Jermaine O'Neal,22,IND,C,81,80,2641,8.2,17.6,.465,0.0,0.1,.000,8.2,17.5,.468,.465,4.7,7.9,.601,5.1,11.1,16.1,2.0,1.0,4.6,3.3,5.7,21.2,100,97,
61,60,Michael Dickerson,25,VAN,SG,70,69,2618,8.5,20.4,.417,1.7,4.6,.374,6.8,15.8,.429,.459,4.1,5.4,.763,1.4,3.2,4.6,4.7,1.2,0.5,3.2,4.1,22.8,98,109,
62,61,Tim Hardaway,34,MIA,PG,77,77,2613,8.6,22.0,.392,4.0,10.9,.366,4.6,11.1,.417,.482,3.1,3.8,.801,0.5,3.8,4.3,10.2,1.9,0.1,4.0,3.3,24.3,102,101,
63,62,Dikembe Mutombo,34,2TM,C,75,75,2591,5.4,11.3,.484,0.0,0.0,,5.4,11.3,.484,.484,4.3,5.9,.725,6.2,14.3,20.6,1.5,0.6,4.1,2.9,4.1,15.2,108,97,"DPOY-1,AS,NBA2,DEF1"
64,62,Dikembe Mutombo,34,ATL,C,49,49,1716,5.1,10.8,.477,0.0,0.0,,5.1,10.8,.477,.477,3.3,4.7,.695,5.7,15.4,21.1,1.6,0.6,4.2,2.8,4.2,13.5,105,97,
65,62,Dikembe Mutombo,34,PHI,C,26,26,875,6.1,12.2,.495,0.0,0.0,,6.1,12.2,.495,.495,6.3,8.3,.759,7.2,12.3,19.5,1.3,0.5,4.0,3.1,3.9,18.4,115,95,
66,63,Mark Jackson,35,2TM,PG,83,82,2588,5.0,12.1,.419,1.4,4.3,.338,3.6,7.8,.463,.479,1.5,1.9,.785,1.3,5.0,6.3,13.7,1.7,0.1,3.6,2.9,13.1,108,104,
67,63,Mark Jackson,35,TOR,PG,54,54,1802,5.0,11.8,.422,1.7,4.8,.345,3.3,7.0,.475,.493,1.9,2.2,.842,1.2,4.2,5.4,14.6,1.8,0.2,3.4,2.4,13.5,114,106,
68,63,Mark Jackson,35,NYK,PG,29,28,786,5.2,12.7,.411,0.9,3.0,.310,4.3,9.7,.442,.447,0.6,1.2,.529,1.5,7.0,8.5,11.5,1.5,0.0,4.1,3.9,12.0,95,100,
69,64,Stephon Marbury,23,NJN,PG,67,67,2557,11.5,26.1,.441,2.2,6.8,.328,9.3,19.3,.481,.484,7.4,9.4,.790,1.1,3.1,4.2,10.3,1.6,0.1,4.0,3.1,32.7,110,109,AS
70,65,Antonio McDyess,26,DEN,PF,70,70,2555,11.7,23.6,.495,0.0,0.0,,11.7,23.6,.495,.495,6.2,8.8,.700,4.9,12.3,17.1,3.0,0.9,2.1,3.3,4.5,29.6,107,103,AS
71,66,Steve Smith,31,POR,SG,81,36,2542,7.6,16.7,.456,1.7,4.9,.339,6.0,11.8,.504,.505,6.5,7.4,.890,1.8,3.9,5.8,4.5,1.0,0.5,2.9,4.3,23.4,116,106,6MOY-6
72,67,Ron Mercer,24,CHI,SG,61,61,2535,10.6,23.8,.446,0.3,1.0,.304,10.3,22.8,.452,.452,4.0,4.8,.825,1.5,3.5,5.0,4.3,1.7,0.6,2.7,3.1,25.5,99,110,
73,68,Bo Outlaw,29,ORL,PF,80,69,2534,4.6,7.5,.614,0.0,0.0,.500,4.6,7.4,.615,.615,2.6,4.6,.573,4.3,8.3,12.6,4.6,2.1,2.8,2.9,4.9,11.8,115,99,
74,69,Richard Hamilton,22,WAS,SF,78,42,2519,11.2,25.7,.438,0.8,3.0,.274,10.4,22.7,.460,.454,5.7,6.6,.868,1.5,3.4,4.9,4.6,1.5,0.2,4.1,4.2,29.0,100,111,
75,70,Bryant Stith,30,BOS,SG,78,74,2504,5.1,12.7,.401,1.9,5.0,.376,3.2,7.6,.417,.475,3.6,4.3,.845,1.3,4.5,5.9,3.5,1.9,0.3,1.9,3.8,15.7,109,106,
76,71,Bryon Russell,30,UTA,SF,78,46,2473,6.7,15.1,.440,2.1,5.0,.413,4.6,10.2,.453,.508,4.8,6.2,.779,2.0,5.1,7.1,3.5,2.1,0.4,2.4,5.0,20.2,112,104,
77,72,Raef LaFrentz,24,DEN,C,78,74,2457,8.2,17.1,.477,1.1,2.9,.367,7.1,14.2,.499,.508,3.9,5.5,.698,3.6,9.2,12.8,2.3,0.8,4.3,2.0,6.1,21.3,110,103,
78,73,Travis Best,28,IND,PG,77,21,2457,7.6,17.2,.440,0.8,2.1,.381,6.8,15.1,.449,.464,4.1,4.9,.827,0.8,4.0,4.9,10.3,2.4,0.2,2.8,5.4,20.1,110,104,6MOY-5
79,74,Howard Eisley,28,DAL,SG,82,40,2426,5.6,14.3,.393,2.3,5.7,.398,3.4,8.6,.389,.472,2.2,2.7,.825,0.5,3.7,4.2,6.3,2.1,0.3,2.2,4.6,15.7,105,105,
80,75,Vlade Divac,32,SAC,C,81,81,2420,7.6,15.9,.482,0.1,0.3,.286,7.6,15.6,.486,.485,5.1,7.4,.691,4.3,9.8,14.1,4.9,1.8,2.0,4.0,5.1,20.5,105,97,AS
81,76,John Stockton,38,UTA,PG,82,82,2397,7.3,14.5,.504,1.4,2.9,.462,6.0,11.6,.514,.551,5.1,6.2,.817,1.2,3.9,5.1,15.9,2.9,0.5,4.5,4.3,21.1,120,103,MVP-15
82,77,Shandon Anderson,27,HOU,SG,82,82,2396,5.8,13.1,.446,1.0,3.8,.271,4.8,9.3,.517,.485,3.1,4.2,.734,1.6,5.8,7.4,4.2,1.8,0.9,2.9,4.5,15.7,103,105,
83,78,Alvin Williams,26,TOR,SG,82,34,2394,7.3,16.9,.430,0.7,2.4,.306,6.5,14.5,.451,.452,2.4,3.2,.752,1.1,3.6,4.7,9.0,2.7,0.6,2.3,3.8,17.7,107,104,
84,79,Aaron McKie,28,PHI,SG,76,33,2394,7.5,15.8,.473,1.2,3.8,.312,6.3,12.0,.524,.511,3.3,4.3,.768,0.7,6.2,6.9,8.3,2.3,0.2,4.5,3.9,19.4,103,100,6MOY-1
85,80,Mike Miller,20,ORL,SF,82,62,2390,7.9,18.2,.436,3.2,7.8,.407,4.7,10.4,.457,.523,2.0,2.8,.711,1.4,5.6,7.0,3.0,1.1,0.4,2.1,4.3,21.0,108,105,ROY-1
86,81,Horace Grant,35,LAL,PF,77,77,2390,5.8,12.5,.462,0.0,0.1,.000,5.8,12.4,.465,.462,2.9,3.7,.775,4.8,7.1,11.9,2.6,1.1,1.3,1.1,4.0,14.4,119,106,
87,82,Steve Nash,26,DAL,PG,70,70,2387,8.3,17.1,.487,1.9,4.7,.406,6.4,12.4,.518,.544,5.0,5.6,.895,1.0,3.8,4.8,11.0,1.6,0.1,4.4,3.4,23.6,115,106,
88,83,David Robinson,35,SAS,C,80,80,2371,9.0,18.6,.486,0.0,0.0,.000,9.0,18.6,.487,.486,7.9,10.6,.747,4.7,10.9,15.6,2.6,1.8,4.5,2.8,4.8,26.0,114,92,"MVP-10,DPOY-5,AS,NBA3"
89,84,Chucky Atkins,26,DET,PG,81,75,2363,8.1,20.4,.399,2.6,7.3,.357,5.6,13.1,.423,.463,1.9,2.8,.692,0.6,3.1,3.7,7.1,1.4,0.1,3.2,3.9,20.8,99,106,
90,85,Tyrone Hill,32,PHI,PF,76,75,2363,6.2,13.2,.474,0.0,0.0,.000,6.2,13.1,.474,.474,3.9,6.1,.630,5.4,10.0,15.4,1.1,0.8,0.6,2.8,5.4,16.3,103,99,
91,86,Metta World Peace,21,CHI,SF,76,74,2363,7.4,18.5,.401,1.0,3.4,.291,6.5,15.2,.426,.428,4.8,6.4,.750,1.3,5.3,6.7,5.2,3.5,1.0,3.6,5.8,20.6,94,104,
92,87,Mookie Blaylock,33,GSW,PG,69,59,2352,6.9,17.4,.396,1.6,4.9,.324,5.3,12.5,.424,.441,1.1,1.6,.697,1.5,4.4,5.9,10.0,3.5,0.4,2.8,2.9,16.5,102,106,
93,88,Elden Campbell,32,CHH,PF,78,78,2337,8.4,19.2,.440,0.0,0.1,.000,8.4,19.0,.443,.440,6.6,9.3,.709,3.6,10.4,14.0,2.4,1.4,3.2,3.3,6.4,23.5,101,96,
94,89,Aaron Williams,29,NJN,PF,82,25,2336,6.6,14.5,.457,0.0,0.0,.000,6.6,14.5,.458,.457,5.5,6.9,.787,4.7,8.5,13.2,2.0,1.3,2.5,3.0,7.1,18.8,106,103,
95,90,Voshon Lenard,27,DEN,SG,80,58,2331,7.5,18.8,.397,3.3,8.5,.385,4.2,10.3,.407,.484,3.4,4.3,.797,1.0,4.1,5.1,4.2,1.4,0.4,2.3,3.8,21.6,105,109,
96,91,Donyell Marshall,27,UTA,SF,81,49,2326,9.8,19.5,.503,0.9,2.9,.320,8.9,16.6,.535,.527,4.7,6.3,.751,4.0,9.1,13.0,3.1,2.0,1.8,2.9,4.5,25.3,112,100,6MOY-9
97,92,Rick Fox,31,LAL,SF,82,77,2291,6.6,14.8,.444,2.7,6.9,.393,3.9,7.9,.488,.536,2.2,2.8,.779,1.8,5.6,7.4,6.0,1.6,0.7,3.1,5.1,18.0,110,106,
98,93,Jason Williams,25,SAC,PG,77,77,2290,6.2,15.3,.407,2.2,6.9,.315,4.1,8.4,.483,.478,1.3,1.7,.789,0.4,3.7,4.1,9.2,2.1,0.2,3.6,2.5,16.0,100,103,
99,94,Tony Delk,27,PHO,SG,82,11,2288,8.6,20.8,.415,1.2,3.8,.321,7.4,17.0,.436,.444,4.2,5.3,.787,1.7,4.2,5.9,3.6,1.7,0.4,2.3,3.9,22.6,100,101,6MOY-10
100,95,Eddie Jones,29,MIA,SG,63,58,2282,9.4,21.0,.445,2.2,5.7,.378,7.2,15.3,.471,.497,5.5,6.5,.844,1.8,5.2,7.1,4.1,2.7,1.4,3.3,4.4,26.4,106,97,
101,96,Kenyon Martin,23,NJN,PF,68,68,2272,8.0,17.9,.445,0.0,0.3,.091,7.9,17.6,.450,.446,2.8,4.4,.630,3.2,8.4,11.5,3.0,1.8,2.6,3.2,6.5,18.7,93,102,ROY-2
102,97,James Posey,24,DEN,SF,82,82,2255,5.6,13.6,.412,1.5,5.0,.300,4.1,8.6,.477,.467,2.6,3.2,.816,2.9,7.0,9.9,3.7,2.1,0.9,2.3,5.2,15.3,104,105,
103,98,Fred Hoiberg,28,CHI,SG,74,37,2247,5.2,11.8,.438,2.5,6.0,.412,2.7,5.9,.465,.542,3.3,3.8,.866,0.5,6.9,7.4,6.3,2.3,0.3,1.8,3.7,16.1,119,107,
104,99,Lamond Murray,27,CLE,SF,78,46,2225,9.2,21.9,.423,1.4,3.9,.370,7.8,18.0,.434,.456,3.7,5.0,.735,2.5,5.6,8.0,2.9,2.0,0.6,3.3,4.1,23.6,97,106,
105,100,Glen Rice,33,NYK,SF,75,25,2212,8.3,18.8,.440,2.1,5.3,.389,6.2,13.5,.460,.495,3.9,4.6,.852,1.5,6.2,7.7,2.2,1.0,0.3,2.4,4.5,22.5,105,101,
106,101,Rodney Rogers,29,PHO,SF,82,3,2183,8.9,20.7,.430,1.3,4.5,.296,7.6,16.2,.467,.462,4.4,5.8,.761,2.2,6.3,8.5,4.3,2.3,1.1,3.7,6.4,23.6,98,98,6MOY-6
107,102,Dale Davis,31,POR,C,81,43,2162,6.0,12.1,.497,0.0,0.1,.000,6.0,12.0,.501,.497,2.4,3.8,.632,5.8,9.3,15.1,2.6,1.1,1.9,1.7,5.0,14.4,115,101,
108,103,Eric Piatkowski,30,LAC,SG,81,40,2144,7.3,16.8,.433,3.0,7.4,.404,4.3,9.4,.456,.522,3.9,4.5,.873,1.3,4.7,6.0,2.4,1.1,0.5,1.9,3.1,21.5,115,108,
109,104,Darius Miles,19,LAC,SF,81,21,2133,8.0,15.8,.505,0.0,0.5,.053,8.0,15.3,.519,.506,3.1,6.0,.521,3.2,8.8,12.0,2.5,1.3,3.1,3.7,4.8,19.1,97,102,ROY-4
110,105,Scottie Pippen,35,POR,SF,64,60,2133,6.8,15.0,.451,1.6,4.7,.344,5.2,10.4,.500,.505,3.0,4.1,.739,1.8,6.6,8.4,7.4,2.4,0.9,3.9,4.0,18.2,104,101,
111,106,Vin Baker,29,SEA,PF,76,27,2129,8.5,20.2,.422,0.0,0.4,.063,8.5,19.8,.429,.423,5.7,7.9,.723,4.4,6.2,10.6,2.2,0.9,1.8,3.9,6.5,22.8,97,107,
112,107,Michael Olowokandi,25,LAC,C,82,82,2127,7.8,17.8,.435,0.0,0.0,,7.8,17.8,.435,.435,2.1,3.9,.545,4.2,9.0,13.2,1.2,0.8,2.7,4.3,6.3,17.6,85,103,
113,108,Marcus Camby,26,NYK,C,63,63,2127,7.9,15.1,.524,0.0,0.2,.125,7.9,14.9,.530,.525,3.9,5.9,.667,5.1,13.7,18.8,1.4,1.7,3.5,1.6,5.3,19.8,116,91,
114,109,Anthony Peeler,31,MIN,SG,75,41,2126,7.6,18.0,.421,2.5,6.3,.391,5.1,11.7,.437,.489,1.8,2.1,.862,1.1,3.6,4.7,4.7,2.2,0.4,2.6,4.1,19.4,102,106,
115,110,Kurt Thomas,28,NYK,PF,77,29,2125,8.2,16.0,.511,0.0,0.1,.333,8.2,15.9,.512,.512,4.5,5.5,.814,4.5,8.9,13.4,1.6,1.6,1.8,2.6,7.5,20.8,111,96,
116,111,John Starks,35,UTA,SG,75,64,2122,6.9,17.3,.398,1.6,4.6,.352,5.3,12.7,.415,.445,2.2,2.8,.802,0.7,3.1,3.9,4.5,1.8,0.3,2.4,5.5,17.6,98,106,
117,112,Patrick Ewing,38,SEA,C,79,79,2107,7.3,17.0,.430,0.0,0.0,.000,7.3,17.0,.431,.430,4.3,6.2,.685,3.1,11.5,14.6,2.3,1.3,2.3,3.8,5.7,18.9,93,102,
118,113,Larry Johnson,31,NYK,PF,65,65,2105,6.5,15.7,.411,1.3,4.3,.313,5.1,11.4,.448,.454,2.7,3.4,.797,2.4,7.2,9.5,3.3,1.0,0.8,2.6,5.5,17.0,99,99,
119,114,Tim Thomas,23,MIL,PF,76,16,2086,8.1,18.9,.430,2.7,6.5,.412,5.5,12.4,.440,.501,4.9,6.3,.771,2.0,5.8,7.8,3.4,1.9,1.1,2.8,4.8,23.8,109,105,6MOY-2
120,115,Lucious Harris,30,NJN,SG,73,50,2071,6.7,15.7,.425,1.2,3.3,.348,5.5,12.4,.445,.462,2.7,3.5,.770,1.8,5.5,7.3,3.4,1.9,0.4,1.6,3.2,17.2,104,107,
121,116,Antonio Daniels,25,SAS,PG,79,23,2060,7.2,15.3,.468,1.9,4.8,.404,5.2,10.5,.496,.531,3.1,4.1,.776,0.7,3.6,4.2,7.9,1.6,0.4,2.8,3.1,19.4,113,102,
122,117,Ruben Patterson,25,SEA,SF,76,22,2059,9.4,19.1,.494,0.1,0.9,.056,9.4,18.2,.516,.495,6.3,9.2,.681,4.7,5.1,9.7,4.1,2.6,1.1,3.9,4.5,25.2,107,105,6MOY-6
123,118,Johnny Newman,37,NJN,SG,82,17,2049,7.4,17.7,.419,1.5,4.5,.335,5.9,13.2,.447,.461,6.5,7.6,.855,0.9,3.6,4.5,2.9,1.6,0.3,2.7,5.8,22.8,106,109,
124,119,George McCloud,33,DEN,SF,76,8,2007,6.5,16.9,.382,2.0,6.0,.329,4.5,10.9,.411,.440,3.9,4.7,.840,1.4,4.4,5.8,7.2,1.4,0.7,3.0,4.3,18.8,103,109,
125,120,Lindsey Hunter,30,MIL,PG,82,5,2002,7.8,20.4,.381,4.0,10.6,.373,3.8,9.8,.388,.478,2.0,2.5,.802,0.8,3.6,4.4,5.8,2.7,0.3,1.8,4.5,21.5,108,106,
126,121,Shawn Bradley,28,DAL,C,82,35,2001,5.6,11.5,.490,0.0,0.2,.167,5.6,11.3,.494,.491,3.6,4.6,.787,4.1,11.5,15.6,1.0,0.9,5.9,2.3,6.6,14.9,109,96,
127,122,Bonzi Wells,24,POR,SF,75,46,1995,10.4,19.6,.533,0.5,1.3,.340,10.0,18.2,.547,.545,4.3,6.5,.663,3.2,6.7,9.9,5.6,2.5,0.5,4.6,5.5,25.6,106,101,
128,123,Lorenzen Wright,25,ATL,C,71,46,1988,9.5,21.3,.448,0.0,0.1,.000,9.5,21.2,.449,.448,4.1,5.7,.718,4.7,9.3,14.0,2.3,1.1,1.7,3.3,6.1,23.1,99,103,
129,124,Ervin Johnson,33,MIL,C,82,19,1981,2.8,5.2,.545,0.0,0.0,,2.8,5.2,.545,.545,1.3,2.4,.538,5.4,10.7,16.1,1.1,1.2,2.6,1.2,6.8,7.0,122,101,
130,125,Maurice Taylor,24,HOU,SF,69,69,1972,10.5,21.5,.489,0.0,0.1,.000,10.5,21.4,.492,.489,3.2,4.4,.735,2.9,7.2,10.2,2.8,0.8,1.0,3.4,5.6,24.2,101,106,
131,126,LaPhonso Ellis,30,MIN,PF,82,5,1948,8.0,17.2,.464,0.2,0.6,.318,7.8,16.6,.469,.470,4.5,5.7,.790,5.3,7.9,13.3,2.5,1.8,2.0,2.9,7.8,20.7,107,102,6MOY-3
132,127,Joe Smith,25,DET,PF,69,59,1941,8.0,20.0,.403,0.0,0.1,.000,8.0,19.8,.405,.403,6.0,7.5,.805,4.2,8.6,12.8,2.1,1.2,1.3,2.3,6.7,22.1,102,101,
133,128,Vitaly Potapenko,25,BOS,C,82,7,1901,6.8,14.2,.476,0.0,0.0,,6.8,14.2,.476,.476,3.1,4.3,.728,5.6,7.9,13.5,1.7,1.4,0.6,2.9,6.2,16.7,103,104,
134,129,Al Harrington,20,IND,PF,78,38,1892,6.8,15.4,.444,0.0,0.2,.143,6.8,15.2,.448,.445,2.9,4.5,.656,3.4,7.4,10.8,3.7,1.8,0.5,4.2,6.3,16.6,91,102,
135,130,Austin Croshere,25,IND,PF,81,23,1874,7.9,20.1,.394,2.0,5.9,.338,5.9,14.2,.417,.444,5.7,6.6,.866,3.5,7.6,11.1,2.6,1.0,1.4,3.9,5.2,23.6,99,103,6MOY-10
136,131,Chris Childs,33,2TM,PG,77,5,1859,4.0,9.8,.403,0.9,3.1,.302,3.0,6.7,.450,.451,1.8,2.1,.845,0.7,5.2,5.9,10.4,1.7,0.4,4.6,7.1,10.6,94,101,
137,131,Chris Childs,33,NYK,PG,51,5,1309,3.9,9.4,.419,0.8,2.7,.313,3.1,6.7,.462,.464,1.6,1.9,.848,0.6,5.2,5.8,10.0,1.6,0.3,4.1,6.8,10.4,96,100,
138,131,Chris Childs,33,TOR,PG,26,0,550,4.0,10.8,.372,1.2,4.0,.286,2.9,6.8,.423,.425,2.0,2.4,.840,1.0,5.2,6.1,11.4,2.1,0.8,5.6,7.9,11.2,90,104,
139,132,Larry Hughes,22,GSW,SG,50,45,1846,8.5,22.2,.383,0.4,2.1,.187,8.1,20.2,.403,.391,5.3,7.0,.766,2.1,5.5,7.6,6.2,2.7,0.8,4.2,4.1,22.7,93,107,
140,133,Brian Shaw,34,LAL,SG,80,28,1833,4.7,11.7,.399,1.2,3.9,.311,3.5,7.9,.442,.450,1.5,1.8,.797,1.4,7.3,8.7,7.4,1.4,0.8,2.8,4.5,12.0,102,105,
141,134,Bryant Reeves,27,VAN,C,75,48,1832,7.3,15.8,.460,0.0,0.1,.250,7.2,15.7,.462,.461,3.2,4.1,.796,3.8,9.1,12.9,2.3,1.2,1.5,2.6,6.9,17.8,101,104,
142,135,Kevin Willis,38,2TM,C,78,22,1830,8.7,19.7,.441,0.0,0.2,.167,8.6,19.5,.443,.441,3.2,4.2,.769,5.1,10.1,15.2,1.4,1.6,1.5,2.5,6.2,20.6,100,103,
143,135,Kevin Willis,38,TOR,C,35,9,771,8.5,18.4,.461,0.0,0.1,.000,8.5,18.3,.464,.461,4.2,5.5,.753,4.7,10.6,15.3,1.4,1.3,1.4,2.7,5.3,21.2,103,102,
144,135,Kevin Willis,38,DEN,C,43,13,1059,8.8,20.6,.428,0.0,0.2,.250,8.8,20.4,.429,.429,2.5,3.2,.788,5.3,9.8,15.1,1.4,1.9,1.5,2.3,6.8,20.2,97,103,
145,136,Kenny Thomas,23,HOU,PF,74,21,1820,6.0,13.6,.443,0.7,2.7,.272,5.3,10.9,.485,.470,2.7,3.7,.722,3.6,8.6,12.2,2.2,1.2,1.3,3.4,5.2,15.4,97,104,
146,137,Othella Harrington,27,2TM,C,74,45,1815,7.2,14.9,.487,0.0,0.1,.000,7.2,14.8,.490,.487,5.0,6.6,.763,4.1,7.3,11.4,1.6,1.0,1.3,4.3,7.0,19.5,98,104,
147,137,Othella Harrington,27,VAN,C,44,40,1267,7.4,16.0,.466,0.0,0.1,.000,7.4,15.8,.470,.466,5.0,6.4,.779,4.2,7.7,11.9,1.5,0.8,1.1,4.3,5.6,19.8,96,106,
148,137,Othella Harrington,27,NYK,C,30,5,548,6.8,12.2,.554,0.0,0.0,,6.8,12.2,.554,.554,5.2,7.1,.729,3.7,6.3,10.0,2.0,1.5,1.9,4.1,10.2,18.7,106,98,
149,138,Alan Henderson,28,ATL,PF,73,42,1810,8.6,19.4,.444,0.0,0.0,.000,8.6,19.3,.445,.444,5.0,7.8,.638,5.2,6.5,11.7,1.4,1.5,0.8,3.6,4.7,22.2,97,105,
150,139,Morris Peterson,23,TOR,SG,80,49,1809,8.5,19.6,.431,1.8,4.8,.382,6.6,14.8,.447,.478,3.0,4.2,.717,3.3,4.3,7.6,3.1,1.8,0.6,2.3,4.8,21.8,105,105,ROY-4
151,140,Theo Ratliff,27,PHI,C,50,50,1800,6.7,13.5,.499,0.0,0.0,,6.7,13.5,.499,.499,4.9,6.4,.760,3.7,8.5,12.2,1.7,0.9,5.5,3.7,4.9,18.3,103,96,"DPOY-7,AS"
152,141,Chauncey Billups,24,MIN,SG,77,33,1790,7.2,17.1,.422,2.1,5.7,.376,5.1,11.5,.445,.485,4.2,5.0,.842,0.9,3.7,4.6,7.6,1.5,0.3,3.2,5.2,20.8,107,107,
153,142,Brent Barry,29,SEA,SG,67,20,1778,5.8,11.8,.494,3.2,6.8,.476,2.6,5.1,.517,.630,2.5,3.0,.816,1.0,5.2,6.2,6.6,2.4,0.4,2.5,3.7,17.4,124,106,
154,143,Eric Williams,28,BOS,SF,81,11,1745,4.8,13.3,.362,1.4,4.1,.331,3.4,9.2,.375,.413,4.9,6.9,.714,1.9,4.2,6.2,3.3,1.9,0.4,2.3,5.3,15.9,100,106,
155,144,Eric Snow,27,PHI,PG,50,50,1740,5.5,13.2,.418,0.2,0.6,.263,5.4,12.7,.425,.424,3.7,4.7,.792,0.8,4.2,5.1,11.2,2.3,0.2,3.8,3.7,15.0,103,101,
156,145,Keith Van Horn,25,NJN,SF,49,47,1733,9.3,21.4,.435,2.0,5.1,.382,7.3,16.2,.452,.481,4.5,5.6,.806,2.4,8.1,10.5,2.5,1.2,0.6,3.1,4.5,25.1,102,106,
157,146,Keon Clark,25,2TM,PF,81,3,1720,7.6,15.8,.480,0.0,0.0,.000,7.6,15.8,.481,.480,4.3,7.3,.592,4.1,9.1,13.2,2.2,1.0,4.7,2.7,7.4,19.5,102,101,
158,146,Keon Clark,25,DEN,PF,35,3,752,5.6,13.7,.412,0.0,0.0,,5.6,13.7,.412,.412,4.3,7.2,.600,4.0,8.8,12.8,2.3,1.1,3.0,3.3,7.0,15.6,92,104,
159,146,Keon Clark,25,TOR,PF,46,0,968,9.1,17.4,.522,0.0,0.1,.000,9.1,17.4,.524,.522,4.3,7.4,.585,4.3,9.3,13.5,2.1,0.9,6.0,2.3,7.8,22.5,110,98,
160,147,John Amaechi,30,ORL,C,82,36,1710,7.1,17.8,.400,0.0,0.2,.000,7.1,17.6,.405,.400,5.3,8.4,.631,2.3,5.8,8.1,2.2,0.8,0.9,3.7,5.3,19.6,89,105,
161,148,Hubert Davis,30,2TM,PG,66,18,1692,6.0,13.2,.453,2.4,5.2,.456,3.6,8.0,.450,.543,1.6,1.9,.871,0.9,3.4,4.2,3.4,1.1,0.0,2.5,3.7,16.0,106,109,
162,148,Hubert Davis,30,DAL,PG,51,7,1261,5.7,12.8,.443,2.4,5.4,.436,3.3,7.4,.448,.535,1.4,1.7,.854,0.7,3.7,4.5,2.5,1.2,0.0,2.3,3.8,15.2,103,107,
163,148,Hubert Davis,30,WAS,PG,15,11,431,6.8,14.3,.479,2.4,4.6,.526,4.4,9.7,.457,.563,2.3,2.5,.905,1.2,2.4,3.6,5.9,0.7,0.0,3.0,3.5,18.4,113,113,
164,149,Jim Jackson,30,2TM,SF,56,40,1690,7.4,19.6,.378,0.8,2.5,.325,6.6,17.1,.386,.399,4.3,5.2,.822,1.6,5.3,7.0,5.1,1.6,0.3,4.0,4.3,20.0,91,107,
165,149,Jim Jackson,30,ATL,SF,17,14,550,7.3,20.6,.355,1.5,3.6,.421,5.8,17.0,.341,.392,6.9,8.1,.859,1.6,5.9,7.5,4.7,1.8,0.4,4.6,4.0,23.1,94,105,
166,149,Jim Jackson,30,CLE,SF,39,26,1140,7.5,19.2,.390,0.5,1.9,.238,7.0,17.2,.408,.402,3.0,3.9,.786,1.7,5.0,6.7,5.2,1.6,0.3,3.8,4.5,18.5,89,107,
167,150,Danny Ferry,34,SAS,SF,80,29,1688,5.7,11.9,.475,2.2,5.0,.449,3.4,7.0,.493,.568,0.7,1.0,.733,1.7,5.3,7.1,2.3,0.9,0.7,1.6,5.4,14.2,112,102,
168,151,Corliss Williamson,27,2TM,SF,69,40,1686,10.0,19.9,.502,0.0,0.1,.000,10.0,19.8,.504,.502,4.6,7.3,.637,3.4,6.5,9.9,1.9,1.5,0.6,3.4,5.7,24.6,102,104,
169,151,Corliss Williamson,27,TOR,SF,42,31,886,9.1,19.4,.471,0.0,0.1,.000,9.1,19.2,.474,.471,5.0,7.7,.646,3.4,5.7,9.1,2.0,0.9,0.8,3.9,5.8,23.2,97,106,
170,151,Corliss Williamson,27,DET,SF,27,9,800,10.9,20.4,.534,0.0,0.0,,10.9,20.4,.534,.534,4.2,6.8,.626,3.4,7.3,10.6,1.8,2.2,0.5,2.9,5.5,26.0,107,101,
171,152,Bob Sura,27,GSW,SG,53,42,1684,6.1,15.7,.390,1.4,5.2,.273,4.7,10.5,.448,.435,4.1,5.7,.714,1.6,5.2,6.9,7.3,1.6,0.2,4.8,3.8,17.7,93,109,
172,153,Terry Porter,37,SAS,PG,80,42,1678,6.3,14.1,.448,2.8,6.5,.424,3.5,7.5,.468,.547,2.9,3.7,.793,0.8,5.7,6.4,8.0,1.7,0.4,3.3,2.8,18.3,112,100,
173,154,Chris Gatling,33,CLE,PF,74,6,1670,10.4,23.1,.449,0.9,2.9,.304,9.5,20.2,.470,.468,4.9,7.2,.684,3.1,9.2,12.3,1.9,1.6,0.9,3.8,5.8,26.5,98,104,
174,155,Christian Laettner,31,2TM,C,78,48,1663,8.6,17.1,.503,0.1,0.4,.308,8.5,16.7,.507,.506,5.3,6.3,.833,3.7,7.7,11.3,3.8,2.2,1.4,4.3,7.5,22.6,106,102,
175,155,Christian Laettner,31,DAL,C,53,35,930,9.1,17.9,.511,0.1,0.2,.333,9.1,17.7,.513,.512,3.7,4.5,.817,4.2,7.6,11.7,3.7,2.2,1.5,3.9,8.8,22.0,105,100,
176,155,Christian Laettner,31,WAS,PF,25,13,733,7.9,16.1,.491,0.2,0.7,.300,7.7,15.4,.500,.498,7.3,8.6,.844,3.0,7.8,10.8,4.0,2.2,1.3,4.7,5.9,23.3,107,105,
177,156,Stephen Jackson,22,NJN,SF,77,40,1660,7.7,18.0,.425,1.6,4.9,.335,6.0,13.1,.458,.470,3.1,4.3,.719,1.3,5.3,6.5,4.4,2.7,0.4,4.1,5.2,20.0,93,105,
178,157,Scot Pollard,25,SAC,C,77,8,1658,5.7,12.1,.468,0.0,0.1,.000,5.7,12.1,.471,.468,3.9,5.2,.749,5.3,9.0,14.3,1.4,1.5,3.0,2.0,6.3,15.3,111,97,
179,158,Moochie Norris,27,HOU,PG,82,6,1654,5.9,13.3,.446,0.8,2.9,.281,5.1,10.4,.491,.476,4.8,6.2,.778,1.4,4.9,6.4,9.1,2.2,0.1,3.4,2.7,17.5,111,105,
180,159,Bobby Jackson,27,SAC,PG,79,7,1648,7.1,16.2,.439,1.2,3.2,.375,5.9,13.0,.455,.476,2.0,2.7,.739,2.3,5.3,7.6,5.0,2.7,0.2,3.2,4.3,17.5,99,100,6MOY-4
181,160,Anthony Carter,25,MIA,PG,72,6,1630,6.6,16.2,.406,0.2,1.4,.150,6.4,14.9,.430,.413,2.2,3.5,.631,1.6,4.5,6.1,9.1,2.5,0.3,4.0,5.2,15.6,91,99,
182,161,Jacque Vaughn,25,UTA,PG,82,0,1620,5.6,13.0,.433,1.0,2.6,.385,4.6,10.4,.444,.471,4.2,5.4,.780,0.6,4.4,5.0,10.7,1.6,0.1,4.3,4.8,16.4,105,106,
183,162,Olden Polynice,36,UTA,C,81,79,1619,6.8,13.7,.496,0.0,0.0,.000,6.8,13.7,.498,.496,0.6,2.1,.262,5.2,7.3,12.5,1.0,0.9,2.5,2.6,8.0,14.2,96,102,
184,163,Matt Harpring,24,CLE,SG,56,55,1615,7.8,17.1,.454,0.4,1.7,.250,7.3,15.4,.477,.467,4.4,5.4,.812,2.9,5.0,7.9,3.3,1.4,0.6,2.9,5.2,20.3,104,107,
185,164,Michael Smith,28,WAS,PF,79,29,1610,3.4,7.0,.486,0.0,0.0,.000,3.4,7.0,.488,.486,2.9,5.0,.578,5.5,12.5,18.1,3.2,1.8,1.2,2.0,5.0,9.7,113,103,
186,165,Jahidi White,24,WAS,C,68,56,1609,6.5,13.1,.498,0.0,0.0,.000,6.5,13.1,.499,.498,5.7,10.0,.567,5.7,11.0,16.8,0.6,1.0,3.6,4.4,6.8,18.8,97,103,
187,166,Toni Kukoč,32,2TM,SF,65,19,1597,9.1,19.2,.473,2.3,5.2,.446,6.8,14.0,.482,.533,3.3,5.3,.631,2.2,6.4,8.5,6.6,1.6,0.4,3.7,3.2,23.8,108,103,
188,166,Toni Kukoč,32,PHI,SF,48,5,979,8.2,17.9,.458,1.7,4.2,.410,6.4,13.6,.472,.506,2.8,4.8,.591,2.5,6.2,8.8,5.0,1.9,0.3,3.2,3.4,20.9,104,100,
189,166,Toni Kukoč,32,ATL,SF,17,14,618,10.5,21.3,.492,3.2,6.7,.481,7.3,14.6,.497,.567,4.1,6.1,.681,1.6,6.6,8.2,9.0,1.1,0.4,4.3,3.0,28.3,114,106,
190,167,Robert Horry,30,LAL,PF,79,1,1587,4.8,12.5,.387,1.8,5.1,.346,3.1,7.4,.415,.458,1.9,2.7,.711,3.1,6.7,9.8,4.2,1.8,1.8,2.6,6.9,13.4,103,104,
191,168,Walt Williams,30,HOU,SF,72,31,1583,6.8,17.2,.394,3.3,8.3,.395,3.5,8.9,.392,.489,3.3,4.2,.770,1.0,7.2,8.2,3.3,1.0,0.9,2.4,5.1,20.1,105,105,
192,169,Marcus Fizer,22,CHI,PF,72,13,1580,9.5,22.0,.430,0.3,1.3,.256,9.1,20.6,.442,.438,4.0,5.5,.727,2.6,8.1,10.6,2.6,1.0,0.6,4.2,6.0,23.2,89,108,
193,170,Pat Garrity,24,ORL,SF,76,1,1579,7.3,18.8,.387,3.2,7.3,.433,4.1,11.5,.358,.471,2.8,3.2,.867,1.7,5.2,6.9,1.7,1.3,0.5,2.2,7.9,20.5,101,104,
194,171,Felipe López,26,2TM,PG,70,48,1565,7.0,15.9,.441,0.6,1.7,.365,6.4,14.1,.451,.461,3.6,5.2,.699,1.8,5.9,7.8,3.6,2.1,1.0,2.8,5.2,18.2,100,106,
195,171,Felipe López,26,WAS,SG,47,38,1108,6.6,15.2,.436,0.3,1.4,.207,6.4,13.9,.458,.445,4.2,5.7,.732,1.4,6.1,7.5,3.4,1.9,0.8,2.6,5.1,17.8,100,108,
196,171,Felipe López,26,MIN,PG,23,10,457,7.9,17.4,.454,1.5,2.6,.565,6.4,14.8,.434,.497,2.2,3.8,.576,2.9,5.6,8.5,3.9,2.4,1.4,3.1,5.3,19.4,100,103,
197,172,Tyrone Nesby,25,2TM,SG,62,34,1556,6.3,17.8,.357,1.6,6.0,.272,4.7,11.7,.400,.403,2.8,3.6,.802,1.7,4.1,5.8,2.5,1.7,0.7,2.2,5.2,17.2,94,109,
198,172,Tyrone Nesby,25,LAC,SG,14,12,333,6.4,19.8,.325,1.6,7.4,.217,4.8,12.4,.390,.366,2.9,3.7,.783,2.6,4.2,6.8,1.8,1.6,0.6,1.6,4.5,17.4,91,107,
199,172,Tyrone Nesby,25,WAS,SF,48,22,1223,6.3,17.2,.366,1.7,5.7,.291,4.7,11.6,.403,.414,2.8,3.5,.807,1.5,4.1,5.5,2.8,1.7,0.7,2.3,5.4,17.1,94,109,
200,173,Sean Rooks,31,LAC,C,82,0,1553,5.8,13.6,.428,0.0,0.1,.500,5.8,13.5,.427,.429,3.7,4.9,.748,3.1,7.3,10.4,2.7,1.2,2.2,2.5,6.8,15.4,100,104,
201,174,Hakeem Olajuwon,38,HOU,C,58,55,1545,9.7,19.5,.498,0.0,0.0,.000,9.7,19.5,.499,.498,4.2,6.8,.621,4.3,10.6,14.8,2.5,2.4,3.0,2.8,4.8,23.7,106,98,
202,175,Chris Whitney,29,WAS,PG,59,31,1532,6.2,15.9,.387,3.1,8.4,.375,3.0,7.5,.401,.486,3.4,3.8,.894,0.4,3.2,3.6,8.4,1.9,0.1,3.5,5.1,18.9,107,110,
203,176,Desmond Mason,23,SEA,SF,78,14,1522,6.5,15.1,.431,0.6,2.3,.269,5.9,12.8,.460,.451,2.3,3.1,.736,2.5,6.1,8.6,2.2,1.3,0.7,1.8,5.0,15.9,101,107,
204,177,Grant Long,34,VAN,PF,66,27,1507,4.9,11.1,.439,0.1,0.5,.267,4.7,10.6,.447,.445,3.9,5.5,.713,2.6,6.9,9.5,2.9,2.5,0.5,2.2,5.6,13.8,103,104,
205,178,Mario Elie,37,PHO,SG,68,67,1506,3.6,8.4,.423,1.2,3.4,.360,2.3,5.0,.466,.496,1.9,2.4,.797,1.3,4.0,5.3,4.5,2.0,0.4,2.1,3.8,10.2,105,101,
206,179,Vonteego Cummings,24,GSW,PG,66,11,1495,6.1,17.6,.344,1.6,4.9,.336,4.4,12.8,.348,.391,2.7,4.0,.681,1.6,3.1,4.7,7.7,2.3,0.5,3.1,5.5,16.5,94,109,
207,180,Charlie Ward,30,NYK,PG,61,33,1492,5.8,13.8,.416,2.5,6.5,.383,3.3,7.3,.444,.505,2.1,2.6,.800,1.2,4.7,5.9,10.1,2.6,0.4,4.2,4.9,16.1,103,98,
208,181,Greg Ostertag,27,UTA,C,81,3,1491,5.0,10.1,.495,0.0,0.1,.500,4.9,10.0,.495,.496,3.0,5.4,.556,5.9,9.0,14.9,0.8,0.8,5.1,2.3,7.7,13.0,106,99,
209,182,Michael Curry,32,DET,SG,68,58,1485,4.9,10.9,.455,0.1,0.3,.444,4.8,10.6,.455,.461,2.1,2.5,.849,0.7,3.4,4.1,4.5,0.9,0.1,2.1,5.9,12.1,102,107,
210,183,Jason Caffey,27,MIL,PF,70,33,1460,6.4,13.1,.488,0.0,0.0,,6.4,13.1,.488,.488,5.1,7.5,.673,4.8,7.8,12.6,1.9,1.4,0.9,2.7,6.6,17.8,109,105,
211,184,Adonal Foyle,25,GSW,C,58,37,1457,5.5,13.1,.416,0.0,0.0,,5.5,13.1,.416,.416,1.1,2.4,.441,5.5,8.7,14.2,1.7,1.1,5.5,2.8,4.8,12.0,89,103,
212,185,Brevin Knight,25,2TM,PG,53,43,1457,5.0,13.3,.375,0.0,0.4,.100,4.9,12.9,.382,.376,1.9,2.4,.818,0.8,5.2,6.0,11.1,3.6,0.1,3.3,5.6,11.9,95,102,
213,185,Brevin Knight,25,CLE,PG,6,0,93,1.1,8.5,.133,0.0,0.0,,1.1,8.5,.133,.133,2.8,3.4,.833,0.6,3.4,4.0,14.1,3.4,0.6,4.0,9.6,5.1,78,104,
214,185,Brevin Knight,25,ATL,PG,47,43,1364,5.2,13.6,.385,0.0,0.4,.100,5.2,13.2,.393,.386,1.9,2.3,.817,0.8,5.3,6.2,10.9,3.6,0.1,3.2,5.3,12.4,96,102,
215,186,Brad Miller,24,CHI,C,57,45,1434,6.3,14.5,.435,0.0,0.2,.200,6.3,14.3,.438,.437,6.3,8.5,.743,5.4,10.3,15.7,4.0,1.2,1.4,2.7,6.6,18.9,109,105,
216,187,Damon Jones,24,VAN,PG,71,10,1415,6.3,15.4,.409,3.1,8.5,.364,3.2,6.8,.465,.510,1.4,1.9,.712,0.6,4.0,4.6,8.3,1.3,0.0,2.8,2.1,17.1,104,109,
217,188,A.C. Green,37,MIA,PF,82,1,1411,5.6,12.7,.444,0.0,0.2,.000,5.6,12.4,.453,.444,3.1,4.3,.712,4.2,8.0,12.2,1.5,1.2,0.3,1.8,4.6,14.3,104,99,
218,189,Marc Jackson,26,GSW,C,48,35,1410,8.6,18.4,.467,0.2,0.8,.217,8.4,17.5,.478,.471,5.6,6.9,.802,4.3,8.8,13.1,2.1,1.2,1.0,3.4,5.0,22.9,105,107,ROY-3
219,190,Matt Maloney,29,ATL,PG,55,27,1403,5.4,12.9,.420,1.9,5.3,.359,3.5,7.7,.461,.493,1.0,1.3,.765,0.5,3.8,4.4,5.7,2.1,0.2,2.6,3.5,13.7,100,107,
220,191,Michael Doleac,23,ORL,C,77,21,1398,8.1,19.4,.417,0.0,0.1,.000,8.1,19.3,.420,.417,1.8,2.2,.847,2.6,7.5,10.1,2.4,1.4,1.5,2.2,8.8,18.1,93,102,
221,192,Courtney Alexander,23,2TM,PG,65,24,1382,8.9,21.4,.417,0.6,1.7,.370,8.3,19.7,.421,.432,4.6,5.6,.820,1.6,3.8,5.3,2.3,1.7,0.2,2.8,5.2,23.1,96,109,
222,192,Courtney Alexander,23,DAL,PG,38,6,472,6.8,19.4,.348,0.3,1.1,.300,6.4,18.3,.351,.357,3.6,4.9,.733,2.2,4.7,6.9,2.3,1.7,0.3,2.3,8.3,17.5,86,104,
223,192,Courtney Alexander,23,WAS,PG,27,18,910,10.1,22.5,.448,0.8,2.0,.389,9.3,20.4,.454,.466,5.1,6.0,.857,1.3,3.3,4.6,2.3,1.7,0.1,3.1,3.6,26.1,101,111,
224,193,Rod Strickland,34,2TM,PG,54,28,1371,6.9,16.4,.424,0.2,0.6,.235,6.8,15.7,.432,.429,5.0,6.6,.751,1.4,4.0,5.3,11.6,2.0,0.2,4.1,2.9,19.0,104,108,
225,193,Rod Strickland,34,WAS,PG,33,28,1020,7.2,16.8,.426,0.2,0.8,.250,7.0,16.0,.435,.432,5.8,7.5,.782,1.3,4.1,5.3,11.7,2.2,0.2,4.2,2.8,20.4,105,109,
226,193,Rod Strickland,34,POR,PG,21,0,351,6.3,15.0,.418,0.0,0.2,.000,6.3,14.9,.423,.418,2.3,4.0,.577,1.7,3.7,5.4,11.0,1.5,0.2,3.7,3.2,14.9,98,106,
227,194,Corey Maggette,21,LAC,SF,69,9,1359,8.9,19.2,.462,0.7,2.2,.304,8.2,17.0,.483,.479,8.8,11.3,.774,3.5,8.0,11.5,3.2,1.4,0.4,4.2,5.5,27.2,108,105,
228,195,Quentin Richardson,20,LAC,SG,76,28,1358,9.1,20.7,.442,2.0,6.0,.331,7.2,14.7,.487,.490,3.9,6.2,.627,4.1,6.0,10.1,2.4,1.7,0.3,2.5,3.9,24.2,106,106,
229,196,Evan Eschmeyer,25,NJN,C,74,51,1331,3.6,7.9,.460,0.0,0.0,,3.6,7.9,.460,.460,2.6,4.0,.657,5.3,9.1,14.4,1.6,1.6,2.3,2.1,8.6,9.9,106,103,
230,197,DerMarr Johnson,20,ATL,SF,78,21,1313,5.8,15.5,.374,1.6,5.0,.323,4.2,10.5,.399,.427,2.5,3.5,.736,2.2,4.9,7.1,2.5,1.7,1.2,3.7,5.3,15.8,88,106,
231,198,Stromile Swift,21,VAN,PF,80,6,1312,6.1,13.5,.451,0.0,0.2,.000,6.1,13.4,.457,.451,3.4,5.6,.603,4.3,7.0,11.3,1.1,2.5,3.3,2.6,6.4,15.6,97,101,
232,199,Dan Majerle,35,MIA,SG,53,19,1306,3.7,10.9,.336,2.4,7.6,.315,1.3,3.3,.385,.446,1.5,1.9,.818,0.8,6.2,7.0,3.7,2.2,0.6,1.5,4.1,11.3,100,98,
233,200,Danny Manning,34,UTA,PF,82,0,1305,10.1,20.5,.494,0.3,1.1,.250,9.8,19.3,.508,.501,4.2,5.7,.729,2.7,6.1,8.8,3.8,1.9,1.2,3.9,9.0,24.7,101,102,
234,201,Bryce Drew,26,CHI,PG,48,41,1305,5.1,13.5,.379,1.6,4.3,.381,3.5,9.1,.378,.440,0.6,0.8,.737,0.5,2.3,2.8,7.6,1.3,0.1,2.8,4.1,12.4,92,112,
235,202,Corie Blount,32,2TM,PF,68,6,1305,5.1,11.5,.442,0.1,0.3,.250,5.0,11.2,.448,.446,2.0,3.3,.614,7.1,8.6,15.7,2.3,1.6,0.9,2.9,6.5,12.3,99,104,
236,202,Corie Blount,32,PHO,PF,30,6,387,3.1,6.3,.489,0.0,0.0,,3.1,6.3,.489,.489,1.1,2.0,.533,4.7,6.7,11.3,1.1,1.7,0.7,2.4,10.0,7.2,96,99,
237,202,Corie Blount,32,GSW,PF,38,0,918,5.9,13.7,.433,0.1,0.4,.250,5.8,13.3,.439,.437,2.4,3.8,.632,8.1,9.4,17.5,2.8,1.6,0.9,3.1,5.0,14.4,100,106,
238,203,Arvydas Sabonis,36,POR,C,61,42,1299,10.2,21.4,.479,0.0,0.6,.067,10.2,20.8,.491,.480,5.0,6.5,.776,2.1,11.6,13.7,3.8,1.7,2.6,3.5,5.7,25.5,103,97,
239,204,Emanual Davis,32,SEA,SG,62,39,1290,5.4,12.9,.418,2.0,5.2,.394,3.4,7.8,.435,.497,1.8,2.2,.818,1.1,5.1,6.3,5.6,2.6,0.5,3.1,4.1,14.7,102,105,
240,205,Avery Johnson,35,SAS,PG,55,20,1290,5.6,12.5,.447,0.0,0.2,.167,5.5,12.2,.452,.448,1.7,2.5,.683,0.9,2.7,3.5,9.8,1.4,0.2,2.5,3.7,12.9,105,103,
241,206,Scott Williams,32,MIL,C,66,31,1272,7.0,14.8,.474,0.0,0.2,.250,7.0,14.6,.476,.475,2.5,2.9,.857,4.0,10.9,14.9,1.4,2.0,1.3,1.7,7.3,16.5,109,101,
242,207,Mateen Cleaves,23,DET,PG,78,8,1268,6.4,16.0,.400,0.2,0.7,.294,6.2,15.3,.405,.406,3.9,5.5,.708,1.0,4.2,5.3,8.3,2.0,0.0,5.6,6.1,16.9,87,104,
243,208,Robert Pack,31,DEN,PG,74,11,1260,7.4,17.5,.425,0.5,1.3,.387,6.9,16.2,.428,.439,4.3,5.6,.766,1.2,4.4,5.6,12.0,2.7,0.0,5.6,4.7,19.7,97,107,
244,209,Hedo Türkoğlu,21,SAC,SF,74,7,1245,5.6,13.7,.412,1.1,3.5,.326,4.5,10.2,.442,.454,3.6,4.6,.777,2.0,6.6,8.6,2.8,2.1,1.0,2.2,5.7,16.0,103,100,
245,210,Shammond Williams,25,SEA,PG,69,6,1238,6.8,15.6,.438,2.6,5.6,.459,4.2,10.0,.426,.520,3.6,4.1,.875,1.4,4.1,5.6,8.0,1.3,0.2,3.5,3.5,19.8,113,109,
246,211,Randy Brown,32,BOS,PG,54,35,1238,4.2,9.9,.422,0.0,0.1,.000,4.2,9.8,.427,.422,1.0,1.7,.575,1.0,3.2,4.1,6.4,2.6,0.4,2.3,5.5,9.3,94,105,
247,212,Keyon Dooling,20,LAC,PG,76,1,1237,6.4,15.7,.409,1.2,3.5,.350,5.2,12.2,.426,.448,5.4,7.7,.698,0.3,3.5,3.9,7.7,1.8,0.5,4.1,4.6,19.4,100,107,
248,213,Rasho Nesterović,24,MIN,C,73,39,1233,6.2,13.5,.461,0.0,0.0,.000,6.2,13.5,.462,.461,1.4,2.8,.523,4.2,7.9,12.1,1.9,1.1,2.7,2.3,8.0,13.9,97,103,
249,214,Sean Elliott,32,SAS,SF,52,34,1229,6.4,14.8,.434,2.4,5.6,.426,4.0,9.2,.438,.515,2.6,3.7,.714,0.7,6.7,7.4,3.5,1.0,1.1,2.2,3.5,17.8,106,100,
250,215,Malik Rose,26,SAS,PF,57,9,1219,7.0,16.2,.435,0.1,0.7,.176,6.9,15.4,.447,.439,5.0,7.0,.713,4.2,9.4,13.5,2.1,2.6,1.8,3.3,6.5,19.2,99,94,
251,216,Mitch Richmond,35,WAS,SG,37,30,1216,8.7,21.5,.407,1.9,5.7,.338,6.8,15.8,.431,.451,6.1,6.8,.894,0.6,4.0,4.6,4.7,1.8,0.3,3.6,3.7,25.5,103,110,
252,217,Robert Traylor,23,CLE,C,70,7,1212,7.0,14.1,.497,0.0,0.1,.000,7.0,14.0,.500,.497,3.5,6.1,.567,5.4,7.6,13.0,2.7,2.1,3.3,4.3,8.9,17.5,97,101,
253,218,Monty Williams,29,ORL,SF,82,0,1211,6.9,15.5,.445,0.0,0.6,.077,6.9,14.9,.459,.446,3.6,5.7,.639,3.7,6.7,10.3,3.4,1.2,0.7,3.6,5.8,17.4,96,103,
254,219,Isaiah Rider,29,LAL,SG,67,6,1206,8.7,20.5,.426,1.5,4.0,.370,7.2,16.5,.439,.462,3.1,3.6,.855,1.9,4.9,6.8,4.8,1.2,0.3,4.3,4.6,22.0,97,108,
255,220,Eddie Robinson,24,CHH,SF,67,6,1201,9.7,18.2,.531,0.1,0.2,.500,9.6,18.0,.531,.533,2.9,3.9,.727,2.7,6.2,8.8,2.6,2.2,1.4,1.9,2.9,22.3,111,99,
256,221,Stacey Augmon,32,POR,SG,66,23,1182,5.8,12.1,.477,0.0,0.2,.000,5.8,11.9,.485,.477,2.6,4.0,.655,2.7,4.5,7.2,4.5,2.2,1.0,2.2,4.8,14.2,107,103,
257,222,Jerome Williams,27,2TM,PF,59,2,1182,5.9,12.8,.463,0.0,0.1,.000,5.9,12.6,.467,.463,4.3,5.9,.741,5.8,10.8,16.6,2.0,2.5,0.9,2.7,5.4,16.2,107,98,
258,222,Jerome Williams,27,DET,PF,33,2,804,5.5,12.7,.438,0.0,0.1,.000,5.5,12.5,.442,.438,4.1,5.7,.722,6.2,11.3,17.5,2.0,2.5,0.6,3.0,5.1,15.2,103,97,
259,222,Jerome Williams,27,TOR,PF,26,0,378,6.7,13.0,.516,0.0,0.1,.000,6.7,12.8,.522,.516,4.9,6.3,.778,4.9,9.6,14.5,1.8,2.5,1.4,2.2,6.0,18.3,117,100,
260,223,Chris Mihm,21,CLE,C,59,43,1166,7.8,17.6,.442,0.0,0.0,.000,7.8,17.6,.444,.442,4.5,5.7,.794,4.8,7.9,12.6,0.7,0.9,2.4,3.6,7.0,20.1,97,105,
261,224,Tom Gugliotta,31,PHO,PF,57,2,1159,6.6,16.9,.392,0.1,0.5,.250,6.5,16.4,.397,.396,2.7,3.4,.792,3.4,8.0,11.3,2.4,2.1,0.9,2.3,4.9,16.1,93,97,
262,225,Mikki Moore,25,DET,C,81,2,1154,5.8,11.8,.493,0.0,0.0,.000,5.8,11.7,.494,.493,4.2,5.7,.731,5.3,8.6,13.9,1.4,1.1,2.7,3.2,8.9,15.8,105,100,
263,226,Jeff Foster,24,IND,C,71,9,1152,4.7,9.9,.469,0.1,0.3,.286,4.6,9.6,.476,.474,2.2,4.2,.516,6.7,11.4,18.1,1.5,1.8,1.3,2.4,7.1,11.6,103,98,
264,227,Chris Porter,22,GSW,SF,51,35,1147,7.7,19.8,.389,0.0,0.2,.000,7.7,19.6,.393,.389,4.2,6.3,.667,4.0,4.4,8.4,2.7,2.0,0.3,2.6,4.9,19.6,94,109,
265,228,Jelani McCoy,23,SEA,C,70,44,1143,6.3,12.1,.523,0.0,0.0,,6.3,12.1,.523,.523,1.9,4.3,.441,4.2,7.3,11.5,2.6,0.8,2.2,3.4,6.5,14.5,97,106,
266,229,Milt Palacio,22,BOS,PG,58,6,1141,5.7,12.1,.472,0.5,1.6,.333,5.2,10.5,.494,.494,3.5,4.2,.848,1.1,3.5,4.6,6.9,2.2,0.0,3.6,3.8,15.5,104,106,
267,230,Ron Harper,37,LAL,PG,47,46,1139,5.8,12.4,.469,0.9,3.3,.264,5.0,9.1,.543,.504,1.6,2.2,.708,2.1,5.5,7.6,5.2,1.8,1.1,2.8,3.2,14.1,104,105,
268,231,Trajan Langdon,24,CLE,SG,65,5,1116,6.4,14.8,.431,2.4,5.8,.411,4.0,8.9,.444,.513,3.2,3.6,.895,0.6,3.6,4.2,3.8,1.8,0.4,2.5,5.4,18.3,109,108,
269,232,Mark Blount,25,BOS,C,64,50,1098,4.8,9.4,.505,0.0,0.0,,4.8,9.4,.505,.505,2.2,3.1,.697,4.6,6.3,10.9,1.5,1.8,3.6,2.9,8.6,11.7,101,101,
270,233,Jamaal Magloire,22,CHH,C,74,0,1095,6.0,13.3,.450,0.0,0.1,.000,6.0,13.2,.454,.450,4.7,7.1,.655,5.0,9.4,14.5,1.3,0.9,3.8,3.0,6.8,16.6,100,97,
271,234,Sherman Douglas,34,NJN,PG,59,7,1094,5.8,14.5,.403,0.4,1.9,.200,5.4,12.6,.433,.416,4.1,5.5,.748,1.0,2.5,3.5,6.9,1.7,0.2,3.8,4.4,16.1,94,109,
272,235,Shawn Kemp,31,POR,PF,68,3,1083,8.4,20.5,.407,0.2,0.5,.364,8.2,20.0,.408,.412,5.0,6.5,.771,3.1,9.7,12.9,3.2,2.2,1.1,4.9,9.1,21.9,90,99,
273,236,Dana Barros,33,DET,PG,60,0,1079,8.6,19.3,.444,2.1,4.9,.419,6.5,14.4,.453,.498,3.2,3.8,.850,0.3,4.1,4.4,5.2,1.4,0.1,2.8,3.0,22.4,106,105,
274,237,Cherokee Parks,28,2TM,C,65,31,1054,6.8,13.8,.489,0.0,0.3,.000,6.8,13.5,.500,.489,1.6,2.2,.705,3.6,8.0,11.6,2.3,1.3,1.8,2.1,6.2,15.1,104,104,
275,237,Cherokee Parks,28,WAS,C,13,0,178,5.2,11.1,.474,0.0,0.0,,5.2,11.1,.474,.474,3.5,4.9,.706,3.8,7.9,11.6,2.0,1.7,3.2,2.9,5.8,14.0,102,104,
276,237,Cherokee Parks,28,LAC,C,52,31,876,7.1,14.4,.492,0.0,0.4,.000,7.1,14.1,.504,.492,1.2,1.7,.704,3.5,8.0,11.6,2.4,1.2,1.5,1.9,6.2,15.3,105,104,
277,238,Jamal Crawford,20,CHI,PG,61,8,1050,5.5,15.6,.352,2.1,6.0,.350,3.4,9.6,.353,.419,1.4,1.7,.794,0.5,4.1,4.6,7.2,2.2,0.7,4.4,3.5,14.4,84,108,
278,239,Erick Dampier,25,GSW,C,43,26,1038,6.2,15.4,.401,0.0,0.1,.000,6.2,15.3,.404,.401,3.3,6.2,.532,4.8,7.5,12.3,2.9,0.8,2.9,4.0,6.0,15.7,86,107,
279,240,Jon Barry,31,SAC,SG,62,2,1010,5.2,12.8,.404,2.3,6.6,.348,2.9,6.2,.463,.494,3.2,3.7,.877,0.8,3.9,4.7,6.5,1.4,0.3,2.7,3.3,15.9,110,104,
280,241,Troy Hudson,24,ORL,PG,75,7,1008,6.4,19.0,.336,1.1,5.6,.202,5.3,13.4,.392,.366,4.3,5.3,.817,1.9,3.4,5.4,8.3,1.9,0.2,4.7,4.2,18.2,90,105,
281,242,Matt Bullard,33,HOU,PF,61,5,1000,6.8,16.2,.423,4.6,11.3,.404,2.3,4.9,.467,.564,0.5,0.7,.714,1.2,5.7,6.9,2.2,0.5,0.5,0.6,4.0,18.8,120,108,
282,243,Sam Perkins,39,IND,PF,64,41,999,4.6,12.1,.381,2.0,5.9,.345,2.6,6.2,.414,.465,1.7,2.0,.842,1.7,7.3,9.0,2.2,1.8,1.0,1.0,3.3,13.0,107,102,
283,244,Hanno Möttölä,24,ATL,SF,73,3,989,6.5,14.6,.444,0.0,0.2,.000,6.5,14.5,.449,.444,3.9,4.8,.811,2.6,6.6,9.2,1.3,0.6,0.5,3.5,8.6,16.8,93,107,
284,245,Derrick McKey,34,IND,SF,66,20,987,3.3,7.4,.441,0.2,1.1,.200,3.0,6.3,.483,.456,1.1,1.5,.778,2.7,6.9,9.6,4.0,2.6,0.7,2.6,7.4,7.9,97,101,
285,246,Sam Mitchell,37,MIN,SF,82,4,983,6.3,15.4,.408,0.5,2.3,.209,5.8,13.1,.443,.424,2.1,2.9,.727,1.5,5.1,6.5,3.0,1.4,0.5,1.9,6.2,15.2,95,106,
286,247,Samaki Walker,24,SAS,PF,61,1,963,6.7,14.0,.480,0.1,0.2,.333,6.7,13.9,.482,.482,4.3,6.9,.629,3.7,9.8,13.5,1.6,0.6,2.3,3.8,5.7,17.9,97,98,
287,248,Cedric Henderson,25,CLE,SF,55,10,961,5.6,14.3,.389,0.1,0.4,.125,5.5,13.9,.398,.391,1.6,2.5,.652,1.0,3.9,4.9,4.3,1.6,1.3,3.5,5.5,12.9,82,107,
288,249,Wesley Person,29,CLE,SG,44,22,958,7.0,16.0,.438,1.9,4.6,.405,5.2,11.4,.452,.497,1.3,1.6,.800,0.6,6.5,7.1,3.5,1.5,0.6,2.2,3.4,17.2,101,106,
289,250,Dell Curry,36,TOR,SG,71,1,956,8.9,21.1,.424,3.4,8.0,.428,5.5,13.1,.422,.505,2.4,2.8,.843,0.9,3.8,4.7,4.1,1.5,0.4,2.2,3.6,23.7,108,107,
290,251,Jake Tsakalidis,21,PHO,C,57,39,947,5.5,11.7,.470,0.0,0.0,,5.5,11.7,.470,.470,2.9,5.0,.593,4.5,8.7,13.2,1.0,0.5,3.0,3.6,7.5,13.9,92,98,
291,252,Mark Pope,28,MIL,PF,63,45,942,3.4,7.9,.437,0.3,1.3,.208,3.2,6.5,.483,.454,1.2,1.9,.629,3.1,5.0,8.1,2.1,0.9,1.4,0.9,7.7,8.4,111,107,
292,253,Khalid El-Amin,21,CHI,PG,50,14,936,6.6,17.9,.370,1.6,4.8,.333,5.0,13.0,.383,.415,3.2,4.1,.778,1.2,3.4,4.7,8.3,2.8,0.1,3.1,5.7,18.0,97,108,
293,254,Calvin Booth,24,2TM,C,55,29,933,6.6,14.0,.476,0.0,0.0,,6.6,14.0,.476,.476,2.9,4.3,.679,4.3,9.4,13.6,2.3,1.6,6.2,2.9,8.1,16.2,101,99,
294,254,Calvin Booth,24,WAS,C,40,22,640,6.0,13.6,.440,0.0,0.0,,6.0,13.6,.440,.440,2.7,3.6,.733,4.3,9.8,14.1,1.9,1.4,6.6,2.9,7.4,14.6,97,100,
295,254,Calvin Booth,24,DAL,C,15,7,293,8.1,14.8,.548,0.0,0.0,,8.1,14.8,.548,.548,3.5,5.8,.606,4.2,8.4,12.7,3.3,2.1,5.3,3.0,9.7,19.7,110,96,
296,255,Dion Glover,22,ATL,SG,57,7,929,7.9,18.9,.420,0.5,2.6,.196,7.4,16.3,.455,.433,2.6,3.9,.681,2.2,5.2,7.4,3.9,2.8,0.6,3.0,5.2,19.0,94,104,
297,256,Kevin Ollie,28,2TM,PG,70,4,925,4.3,11.0,.396,0.1,0.2,.333,4.3,10.8,.397,.398,3.6,5.1,.708,0.9,4.5,5.4,8.3,1.7,0.1,2.8,4.8,12.3,100,103,
298,256,Kevin Ollie,28,NJN,PG,19,0,161,1.6,8.8,.185,0.0,0.0,,1.6,8.8,.185,.185,3.9,6.2,.632,1.0,6.5,7.5,8.1,1.6,0.0,2.9,4.5,7.1,78,107,
299,256,Kevin Ollie,28,PHI,PG,51,4,764,4.9,11.4,.430,0.1,0.2,.333,4.9,11.2,.432,.433,3.5,4.9,.729,0.9,4.1,5.0,8.4,1.7,0.1,2.8,4.9,13.5,105,102,
300,257,Roshown McLeod,25,2TM,SF,35,25,922,8.2,18.8,.437,0.1,1.2,.091,8.1,17.6,.461,.440,2.5,2.9,.882,2.2,4.6,6.8,3.3,1.3,0.5,3.3,5.1,19.1,94,107,
301,257,Roshown McLeod,25,ATL,SF,34,25,907,8.3,19.0,.436,0.1,1.2,.095,8.2,17.8,.460,.439,2.6,2.9,.882,2.1,4.7,6.8,3.3,1.3,0.5,3.3,5.1,19.3,94,107,
302,257,Roshown McLeod,25,PHI,SF,1,0,15,3.5,7.1,.500,0.0,3.5,.000,3.5,3.5,1.000,.500,0.0,0.0,,3.5,3.5,7.1,0.0,0.0,0.0,3.5,7.1,7.1,78,106,
303,258,Vinny Del Negro,34,2TM,PG,65,1,922,5.9,13.0,.453,0.1,0.7,.077,5.8,12.3,.475,.455,2.3,2.4,.932,0.7,3.9,4.6,7.0,1.4,0.2,1.9,4.3,14.1,107,106,
304,258,Vinny Del Negro,34,GSW,PG,29,1,396,3.9,11.6,.333,0.1,1.2,.111,3.7,10.4,.358,.339,2.1,2.1,1.000,0.5,3.5,4.0,8.0,0.8,0.0,1.9,4.6,9.9,96,113,
305,258,Vinny Del Negro,34,PHO,PG,36,0,526,7.4,14.1,.528,0.0,0.4,.000,7.4,13.7,.543,.528,2.4,2.7,.893,0.8,4.2,5.0,6.3,2.0,0.3,1.9,4.1,17.3,115,101,
306,259,Nazr Mohammed,23,2TM,C,58,22,912,10.1,21.2,.477,0.0,0.1,.000,10.1,21.1,.478,.477,5.1,7.2,.706,6.6,11.0,17.6,1.1,1.7,2.0,3.7,6.5,25.3,103,99,
307,259,Nazr Mohammed,23,PHI,C,30,3,196,11.1,23.8,.466,0.0,0.0,,11.1,23.8,.466,.466,3.8,7.6,.500,4.9,10.0,14.9,0.5,1.6,1.9,2.4,10.8,26.0,98,96,
308,259,Nazr Mohammed,23,ATL,C,28,19,716,9.8,20.5,.480,0.0,0.1,.000,9.8,20.4,.482,.480,5.5,7.1,.765,7.1,11.3,18.4,1.2,1.7,2.0,4.0,5.3,25.2,104,100,
309,260,Andrew DeClercq,27,ORL,C,67,51,903,6.1,11.0,.554,0.0,0.0,,6.1,11.0,.554,.554,2.7,4.7,.573,5.2,8.3,13.5,1.8,2.3,1.9,2.9,11.3,14.9,107,98,
310,261,Chris Crawford,25,ATL,PF,47,22,901,7.1,15.6,.452,0.3,1.3,.273,6.7,14.4,.468,.463,3.9,4.8,.819,1.6,4.8,6.4,2.1,1.2,0.9,3.6,6.8,18.4,96,107,
311,262,Kendall Gill,32,NJN,SG,31,26,892,6.3,18.9,.331,0.2,0.8,.286,6.0,18.1,.333,.337,3.8,5.3,.722,1.9,5.8,7.7,5.1,2.8,0.4,2.8,3.8,16.6,85,105,
312,263,Michael Ruffin,24,CHI,PF,45,16,879,2.4,5.5,.444,0.0,0.0,,2.4,5.5,.444,.444,2.4,4.7,.506,6.2,9.8,16.0,2.4,1.8,2.3,2.8,8.0,7.3,97,103,
313,264,Jumaine Jones,21,PHI,SF,65,0,866,7.5,16.8,.444,1.2,3.7,.333,6.2,13.2,.474,.480,2.4,3.2,.755,3.9,7.7,11.6,2.0,1.8,0.9,2.4,4.2,18.6,104,99,
314,265,Corey Benjamin,22,CHI,PG,65,5,857,7.2,18.9,.381,1.3,5.1,.259,5.9,13.9,.425,.416,3.5,5.2,.675,2.4,3.9,6.3,4.3,1.8,1.0,4.0,8.0,19.3,88,109,
315,266,Greg Anthony,33,POR,PG,58,0,856,6.1,15.9,.383,4.1,10.0,.409,2.0,5.9,.340,.512,1.4,2.2,.657,1.3,2.5,3.8,5.2,2.5,0.2,2.7,4.0,17.7,105,104,
316,267,Mike Penberthy,26,LAL,PG,53,0,851,5.7,13.6,.414,3.4,8.5,.396,2.3,5.1,.446,.538,1.7,1.9,.903,0.6,3.3,3.9,4.4,1.4,0.1,2.1,3.5,16.4,113,109,
317,268,Kenny Anderson,30,BOS,PG,33,28,849,5.4,13.9,.388,0.7,2.0,.333,4.7,11.8,.397,.412,3.6,4.3,.831,1.0,3.5,4.5,8.2,2.7,0.1,3.2,3.8,15.0,100,105,
318,269,Isaac Austin,31,VAN,C,52,16,845,5.9,16.7,.356,0.4,1.5,.250,5.6,15.2,.366,.367,1.7,2.5,.700,3.1,10.7,13.8,3.6,1.2,1.4,3.3,5.8,14.0,81,103,
319,270,Tony Battie,24,BOS,C,40,25,845,6.6,12.3,.537,0.0,0.2,.000,6.6,12.1,.545,.537,2.7,4.2,.638,4.5,9.8,14.3,1.0,1.7,3.7,2.3,7.7,16.0,108,99,
320,271,Adam Keefe,30,GSW,PF,67,13,836,3.9,9.7,.403,0.1,0.2,.333,3.8,9.5,.404,.406,2.4,3.8,.619,5.5,7.3,12.8,2.2,1.7,1.2,2.4,6.2,10.3,96,107,
321,272,Dean Garrett,34,MIN,C,70,21,831,4.7,9.8,.481,0.0,0.0,,4.7,9.8,.481,.481,1.7,2.5,.692,4.1,9.6,13.6,1.5,1.6,3.1,1.6,5.8,11.1,107,100,
322,273,Erick Strickland,27,2TM,PG,50,0,830,5.3,17.3,.303,1.9,6.2,.316,3.3,11.2,.297,.360,4.4,5.1,.861,1.2,7.1,8.3,6.2,2.9,0.1,3.1,5.7,16.9,91,100,
323,273,Erick Strickland,27,NYK,PG,28,0,421,5.3,17.2,.305,2.1,6.2,.340,3.2,11.0,.286,.366,3.2,3.7,.857,1.2,5.7,6.8,3.8,2.9,0.1,2.8,6.0,15.8,87,97,
324,273,Erick Strickland,27,VAN,PG,22,0,409,5.2,17.4,.301,1.8,6.1,.292,3.5,11.3,.307,.353,5.6,6.5,.863,1.2,8.6,9.7,8.4,2.8,0.1,3.5,5.4,17.9,95,102,
325,274,Tony Massenburg,33,VAN,PF,52,20,823,5.9,12.7,.462,0.0,0.0,,5.9,12.7,.462,.462,3.1,4.5,.700,4.8,8.6,13.4,0.6,0.6,1.8,3.1,7.8,14.8,96,105,
326,275,Greg Buckner,24,DAL,SG,37,9,820,5.3,12.1,.438,0.1,0.4,.286,5.1,11.6,.443,.443,3.7,5.1,.728,3.8,6.1,9.9,3.1,2.1,0.6,1.7,7.4,14.4,110,103,
327,276,Bimbo Coles,32,CLE,PG,47,0,804,6.0,15.6,.381,0.1,1.0,.125,5.8,14.6,.399,.385,3.1,3.7,.857,0.6,2.6,3.1,9.0,1.8,0.4,3.9,5.7,15.2,92,108,
328,277,Billy Owens,31,DET,PF,45,14,793,5.6,14.7,.383,0.2,1.3,.150,5.4,13.4,.405,.389,1.2,2.6,.475,5.4,7.7,13.1,3.5,2.0,0.8,2.5,5.9,12.7,91,101,
329,278,Žan Tabak,30,IND,C,55,14,777,6.8,12.9,.527,0.0,0.0,,6.8,12.9,.527,.527,1.4,3.2,.426,4.5,10.2,14.7,2.3,0.7,2.1,3.9,8.6,14.9,93,101,
330,279,Don Reid,27,ORL,PF,65,7,764,5.5,9.8,.566,0.0,0.0,,5.5,9.8,.566,.566,3.1,5.1,.613,5.7,10.7,16.3,1.4,1.6,3.6,3.2,12.8,14.2,107,97,
331,280,Jud Buechler,32,DET,SF,57,3,737,5.2,11.3,.463,2.2,5.3,.416,3.0,6.0,.506,.561,0.6,0.8,.750,1.4,5.1,6.5,2.7,1.4,0.7,1.7,5.7,13.3,110,104,
332,281,Mark Strickland,30,2TM,SF,55,2,719,7.4,17.3,.431,0.1,0.1,.500,7.4,17.1,.430,.433,3.3,5.1,.643,3.9,7.7,11.6,1.7,1.2,1.6,2.5,5.2,18.2,96,106,
333,281,Mark Strickland,30,DEN,SF,46,2,517,8.2,18.5,.443,0.0,0.1,.000,8.2,18.4,.446,.443,3.7,5.9,.627,4.3,7.7,12.0,1.7,1.2,1.9,2.4,5.8,20.1,98,106,
334,281,Mark Strickland,30,NJN,SF,9,0,202,5.4,14.0,.389,0.3,0.3,1.000,5.2,13.7,.377,.398,2.1,2.8,.727,2.8,7.8,10.6,1.8,1.0,0.8,2.6,3.6,13.2,87,106,
335,282,Derek Fisher,26,LAL,PG,20,20,709,5.7,13.8,.412,1.8,4.6,.397,3.8,9.2,.419,.479,3.7,4.6,.806,0.4,4.0,4.4,6.4,2.9,0.1,2.1,3.7,16.9,113,105,
336,283,Gerard King,28,WAS,SF,45,3,706,6.6,12.9,.511,0.0,0.0,,6.6,12.9,.511,.511,2.6,3.3,.800,2.9,6.6,9.5,2.3,1.0,0.8,3.4,6.9,15.8,100,109,
337,284,Lawrence Funderburke,30,SAC,PF,59,2,698,8.7,17.6,.496,0.0,0.0,,8.7,17.6,.496,.496,3.5,5.6,.623,5.4,8.9,14.3,1.2,0.7,0.9,2.3,3.2,21.0,107,101,
338,285,Ryan Bowen,25,DEN,SF,57,0,696,6.0,10.7,.556,0.3,0.8,.364,5.7,9.9,.571,.569,2.0,3.3,.614,4.6,3.8,8.4,2.2,2.8,0.9,1.8,7.1,14.2,117,106,
339,286,Reggie Slater,30,MIN,PF,55,16,686,6.9,13.3,.514,0.0,0.0,,6.9,13.3,.514,.514,5.6,8.4,.673,5.9,8.2,14.2,2.0,1.4,0.7,3.3,9.6,19.4,110,104,
340,287,Derrick Coleman,33,CHH,PF,34,3,683,7.6,20.0,.380,1.6,4.0,.392,6.1,16.0,.377,.420,5.0,7.2,.685,3.6,10.8,14.5,3.1,0.8,1.7,3.3,4.2,21.8,96,99,
341,288,Hersey Hawkins,34,CHH,SG,59,0,681,4.4,10.8,.409,1.3,3.6,.370,3.1,7.2,.429,.471,4.3,5.0,.857,1.3,5.0,6.3,5.7,2.6,0.7,1.5,3.5,14.4,120,100,
342,289,Vernon Maxwell,35,2TM,PG,43,6,660,5.8,17.7,.327,2.7,8.8,.306,3.1,8.9,.348,.404,1.7,2.5,.656,0.3,4.9,5.2,3.9,1.7,0.2,2.8,5.1,15.9,86,103,
343,289,Vernon Maxwell,35,PHI,PG,24,6,375,5.9,17.7,.336,3.0,9.0,.328,3.0,8.6,.344,.420,2.1,3.1,.682,0.4,4.8,5.2,4.1,1.7,0.0,2.5,4.7,17.0,93,102,
344,289,Vernon Maxwell,35,DAL,PG,19,0,285,5.6,17.7,.316,2.3,8.5,.277,3.3,9.2,.353,.383,1.1,1.8,.600,0.2,5.1,5.2,3.6,1.6,0.5,3.1,5.6,14.6,78,104,
345,290,Steve Kerr,35,SAS,PG,55,1,650,5.5,13.1,.421,2.7,6.3,.429,2.8,6.8,.415,.525,1.2,1.2,.933,0.5,2.4,2.9,4.7,1.3,0.1,1.7,2.5,14.9,110,104,
346,291,Eric Montross,29,2TM,C,54,21,649,4.4,10.8,.406,0.0,0.0,,4.4,10.8,.406,.406,0.6,2.4,.258,4.1,9.5,13.6,1.5,0.9,2.0,3.2,9.0,9.4,79,101,
347,291,Eric Montross,29,DET,C,42,20,568,4.5,10.8,.413,0.0,0.0,,4.5,10.8,.413,.413,0.6,2.3,.269,3.8,9.0,12.8,1.3,0.7,2.1,3.3,8.9,9.5,78,101,
348,291,Eric Montross,29,TOR,C,12,1,81,3.9,11.1,.353,0.0,0.0,,3.9,11.1,.353,.353,0.7,3.3,.200,5.9,13.0,18.9,2.6,2.0,2.0,2.6,9.8,8.5,82,98,
349,292,Otis Thorpe,38,CHH,PF,49,4,647,4.9,10.9,.450,0.0,0.0,,4.9,10.9,.450,.450,1.7,2.0,.833,4.1,7.9,12.0,2.4,1.0,0.6,2.7,9.0,11.4,97,101,
350,293,Mark Madsen,25,LAL,PF,70,3,641,4.5,9.2,.487,0.1,0.1,1.000,4.4,9.1,.482,.491,2.1,3.0,.703,6.0,6.4,12.4,2.0,0.7,0.7,2.2,9.1,11.2,112,107,
351,294,Popeye Jones,30,WAS,PF,45,1,638,4.9,12.4,.392,0.1,0.5,.167,4.8,11.9,.401,.395,3.3,4.5,.745,6.7,11.1,17.9,2.5,1.5,0.6,1.7,7.7,13.2,108,105,
352,295,Kevin Edwards,35,VAN,SG,46,5,634,4.6,14.0,.329,0.4,1.6,.263,4.2,12.5,.338,.344,3.6,4.4,.811,1.9,4.9,6.8,4.3,2.4,0.7,3.1,3.8,13.2,86,106,
353,296,Larry Robinson,33,2TM,PG,34,1,632,5.5,15.2,.364,3.6,9.6,.379,1.9,5.6,.338,.484,1.7,2.0,.875,1.9,5.3,7.2,3.0,2.3,0.2,2.1,3.8,16.4,105,105,
354,296,Larry Robinson,33,CLE,SG,1,0,1,0.0,0.0,,0.0,0.0,,0.0,0.0,,,0.0,0.0,,0.0,0.0,0.0,0.0,0.0,0.0,52.6,0.0,0.0,0,115,
355,296,Larry Robinson,33,ATL,PG,33,1,631,5.5,15.2,.364,3.6,9.6,.379,1.9,5.6,.338,.484,1.7,2.0,.875,1.9,5.3,7.2,3.0,2.3,0.2,2.0,3.8,16.5,105,105,
356,297,A.J. Guyton,22,CHI,PG,33,8,630,6.7,16.4,.406,2.3,5.9,.391,4.4,10.5,.415,.477,1.3,1.5,.833,0.9,2.2,3.1,5.5,0.8,0.4,2.0,3.0,16.9,101,113,
357,298,Kelvin Cato,26,HOU,C,35,13,624,5.4,9.4,.577,0.0,0.0,,5.4,9.4,.577,.577,3.1,4.9,.649,4.0,8.0,12.0,0.9,1.1,2.6,2.1,7.6,14.0,115,103,
358,299,Zydrunas Ilgauskas,25,CLE,C,24,24,616,9.7,20.0,.487,0.0,0.2,.000,9.7,19.8,.491,.487,4.5,6.7,.679,5.6,8.1,13.7,1.5,1.3,3.2,5.1,6.7,24.0,96,103,
359,300,Chris Dudley,35,PHO,C,53,33,613,2.4,6.1,.397,0.0,0.0,,2.4,6.1,.397,.397,1.2,3.0,.389,5.4,10.0,15.4,1.5,1.2,2.4,2.2,9.3,6.1,90,96,
360,301,Laron Profit,23,WAS,PG,35,12,605,4.8,12.2,.394,0.6,2.2,.269,4.2,9.9,.422,.419,2.8,3.9,.733,1.5,3.9,5.5,7.6,3.1,0.9,3.9,3.7,13.0,94,107,
361,302,Dragan Tarlać,27,CHI,C,43,12,598,3.5,8.9,.394,0.0,0.0,,3.5,8.9,.394,.394,2.2,3.0,.758,3.3,7.6,11.0,2.8,0.6,1.7,3.4,8.5,9.3,85,108,
362,303,Todd MacCulloch,25,PHI,C,63,3,597,9.7,16.4,.589,0.0,0.0,,9.7,16.4,.589,.589,3.7,5.9,.636,6.1,8.8,14.9,0.9,0.6,1.7,2.4,8.5,23.1,119,100,
363,304,Paul McPherson,22,2TM,PG,55,0,595,9.4,18.6,.505,0.2,1.0,.167,9.2,17.6,.525,.509,3.6,5.0,.724,3.4,3.4,6.8,3.3,2.2,0.3,4.1,6.9,22.6,100,105,
364,304,Paul McPherson,22,PHO,PG,33,0,308,7.9,16.1,.490,0.0,1.0,.000,7.9,15.1,.522,.490,3.0,4.0,.750,3.3,4.7,8.0,2.7,2.0,0.5,3.8,8.0,18.7,96,100,
365,304,Paul McPherson,22,GSW,PG,22,0,287,11.0,21.3,.517,0.4,1.1,.333,10.7,20.3,.526,.525,4.3,6.0,.706,3.6,2.0,5.5,3.9,2.3,0.2,4.3,5.7,26.7,104,110,
366,305,Devean George,23,LAL,SF,59,1,593,5.6,18.3,.309,1.3,6.0,.221,4.3,12.3,.353,.345,3.4,4.9,.709,3.1,6.6,9.7,1.7,1.3,1.3,3.0,7.7,16.1,85,105,
367,306,Tracy Murray,29,2TM,SF,51,1,588,8.4,22.2,.379,3.2,9.2,.350,5.2,13.0,.400,.452,2.9,3.8,.786,2.0,5.3,7.2,2.1,1.1,0.6,2.3,4.7,23.0,98,107,
368,306,Tracy Murray,29,DEN,SF,13,0,135,6.5,21.1,.309,2.7,8.8,.304,3.8,12.3,.313,.373,3.5,3.8,.900,1.5,6.9,8.4,3.5,1.5,0.4,2.3,3.1,19.2,90,107,
369,306,Tracy Murray,29,TOR,SF,38,1,453,9.0,22.5,.399,3.4,9.3,.363,5.6,13.2,.425,.474,2.8,3.7,.750,2.1,4.8,6.9,1.6,0.9,0.7,2.3,5.2,24.1,100,107,
370,307,Brian Skinner,24,LAC,PF,39,23,584,5.9,14.8,.398,0.0,0.0,,5.9,14.8,.398,.398,2.9,5.4,.542,5.0,10.4,15.4,1.7,1.3,1.0,2.9,5.6,14.7,90,103,
371,308,Daniel Santiago,24,PHO,C,54,2,581,5.7,11.9,.478,0.0,0.0,,5.7,11.9,.478,.478,3.7,5.4,.689,3.1,5.9,9.0,1.0,1.5,1.9,4.2,9.0,15.1,90,99,
372,309,Jonathan Bender,20,IND,SF,59,7,574,6.2,17.4,.355,1.0,3.8,.268,5.1,13.6,.379,.384,4.7,6.4,.735,1.3,5.6,6.9,3.0,0.7,2.6,3.9,6.8,18.1,85,104,
373,310,Rodney Buford,23,PHI,SF,47,0,573,9.6,22.3,.432,1.5,3.5,.421,8.1,18.8,.433,.465,2.2,2.7,.828,1.5,5.4,6.8,1.6,1.6,0.6,2.7,6.3,22.9,96,101,
374,311,Cedric Ceballos,31,2TM,SF,40,0,559,9.7,22.0,.441,2.1,7.0,.301,7.6,15.0,.506,.489,3.6,4.1,.860,3.3,6.9,10.2,1.9,1.5,0.7,3.1,5.9,25.1,102,100,
375,311,Cedric Ceballos,31,DET,SF,13,0,166,8.5,21.7,.394,3.4,12.2,.275,5.2,9.5,.548,.472,2.4,3.1,.800,2.1,5.8,7.9,2.1,1.8,0.9,2.7,5.8,22.9,99,102,
376,311,Cedric Ceballos,31,MIA,SF,27,0,393,10.2,22.2,.462,1.5,4.6,.333,8.7,17.5,.496,.497,4.1,4.6,.879,3.8,7.4,11.2,1.8,1.4,0.6,3.2,5.9,26.1,103,99,
377,312,Eddie House,22,MIA,PG,50,0,550,10.4,24.8,.421,1.9,5.5,.345,8.5,19.2,.443,.460,2.4,3.5,.686,0.5,3.7,4.2,5.2,1.3,0.0,3.5,5.8,25.2,92,102,
378,313,Loy Vaught,32,2TM,PF,51,1,549,7.5,15.9,.473,0.0,0.0,,7.5,15.9,.473,.473,0.8,0.9,.800,4.8,11.5,16.3,2.2,2.0,0.7,2.4,7.0,15.8,100,100,
379,313,Loy Vaught,32,DAL,PF,37,1,392,7.2,15.9,.455,0.0,0.0,,7.2,15.9,.455,.455,0.5,0.8,.667,4.6,11.6,16.2,2.1,2.0,0.7,2.4,8.0,15.0,97,99,
380,313,Loy Vaught,32,WAS,PF,14,0,157,8.2,15.8,.521,0.0,0.0,,8.2,15.8,.521,.521,1.3,1.3,1.000,5.3,11.2,16.5,2.3,2.0,0.7,2.6,4.3,17.8,108,104,
381,314,Carlos Rogers,29,HOU,C,39,0,544,7.3,10.7,.682,0.0,0.1,.000,7.3,10.6,.688,.682,2.8,5.1,.558,4.7,8.9,13.6,0.9,1.0,1.8,1.7,3.2,17.5,129,103,
382,315,Matt Geiger,31,PHI,C,35,4,542,8.6,21.9,.393,0.0,0.2,.000,8.6,21.7,.396,.393,3.6,5.3,.685,4.9,8.7,13.6,1.4,1.2,0.8,2.4,7.1,20.8,94,99,
383,316,Darvin Ham,27,MIL,SF,29,13,540,3.8,7.7,.488,0.2,0.3,.667,3.6,7.4,.481,.500,2.8,4.7,.592,5.4,6.3,11.7,2.4,1.6,2.0,3.2,8.2,10.5,104,104,
384,317,John Wallace,26,DET,SF,40,0,527,9.6,22.7,.424,0.2,1.4,.133,9.4,21.2,.443,.428,3.4,4.3,.778,2.4,5.6,8.0,2.2,1.2,1.5,3.5,6.9,22.8,91,103,
385,318,Anthony Johnson,26,2TM,PG,53,0,511,5.4,15.6,.349,0.1,0.5,.200,5.3,15.1,.354,.352,2.4,3.4,.697,1.0,3.5,4.5,8.0,2.4,0.6,3.5,6.4,13.3,86,106,
386,318,Anthony Johnson,26,ATL,PG,25,0,279,4.9,13.3,.366,0.0,0.6,.000,4.9,12.7,.382,.366,2.2,3.2,.706,0.6,3.7,4.3,6.4,3.2,0.9,3.7,7.7,12.0,83,103,
387,318,Anthony Johnson,26,CLE,PG,28,0,232,6.1,18.4,.333,0.2,0.5,.500,5.9,17.9,.329,.340,2.5,3.6,.688,1.6,3.2,4.8,10.0,1.4,0.2,3.2,4.8,15.0,89,109,
388,319,Elliot Perry,31,2TM,PG,49,6,499,6.7,14.5,.464,0.1,0.5,.200,6.6,13.9,.474,.468,1.7,2.3,.727,0.9,3.8,4.8,8.2,2.3,0.1,3.9,3.0,15.2,95,101,
389,319,Elliot Perry,31,ORL,PG,6,0,39,6.6,14.5,.455,0.0,1.3,.000,6.6,13.2,.500,.455,0.0,0.0,,1.3,4.0,5.3,6.6,4.0,0.0,7.9,1.3,13.2,71,101,
390,319,Elliot Perry,31,PHO,PG,43,6,460,6.7,14.5,.465,0.1,0.4,.250,6.6,14.0,.472,.469,1.8,2.5,.727,0.9,3.8,4.7,8.3,2.1,0.1,3.6,3.1,15.4,97,101,
391,320,Chris Mills,31,GSW,SF,15,8,493,7.3,19.8,.372,0.7,2.6,.280,6.6,17.2,.386,.390,3.2,3.7,.861,2.5,7.1,9.6,1.9,0.9,0.5,2.1,4.4,18.6,94,109,
392,321,Derek Strong,32,LAC,PF,28,8,491,4.9,12.8,.385,0.0,0.1,.000,4.9,12.6,.388,.385,3.1,4.0,.757,3.7,8.1,11.8,0.8,1.5,0.1,2.4,3.3,12.9,92,105,
393,322,Mahmoud Abdul-Rauf,31,VAN,PG,41,0,486,12.9,26.5,.488,0.4,1.5,.286,12.5,25.0,.500,.496,2.4,3.1,.759,0.5,2.2,2.7,8.2,1.0,0.1,2.8,5.4,28.7,104,111,
394,323,Walter McCarty,26,BOS,PF,60,3,478,4.9,13.7,.357,2.1,6.1,.339,2.8,7.6,.371,.433,2.4,3.0,.786,2.6,6.2,8.8,4.2,1.5,0.8,2.2,8.9,14.2,101,105,
395,324,Doug Overton,31,3TM,PG,21,10,475,5.7,15.3,.374,1.2,4.0,.306,4.5,11.3,.398,.414,1.1,1.8,.625,0.4,3.8,4.3,7.9,0.9,0.0,3.4,4.1,13.7,88,110,
396,324,Doug Overton,31,BOS,PG,7,1,144,5.4,15.8,.341,0.4,1.4,.250,5.0,14.4,.350,.352,2.5,4.0,.636,1.1,4.3,5.4,6.8,1.4,0.0,4.7,5.4,13.7,78,107,
397,324,Doug Overton,31,CHH,PG,2,0,15,7.2,7.2,1.000,0.0,0.0,,7.2,7.2,1.000,1.000,0.0,0.0,,0.0,0.0,0.0,0.0,3.6,0.0,10.7,7.2,14.3,53,102,
398,324,Doug Overton,31,NJN,PG,12,9,316,5.8,15.4,.376,1.7,5.3,.313,4.1,10.1,.410,.430,0.5,0.8,.600,0.2,3.8,4.0,8.8,0.5,0.0,2.5,3.3,13.7,95,111,
399,325,Lee Nailon,25,CHH,SF,42,0,469,7.6,15.6,.485,0.0,0.1,.000,7.6,15.5,.489,.485,3.7,4.9,.744,3.3,7.2,10.5,2.7,1.0,0.6,3.1,6.9,18.8,102,102,
400,326,Tyronn Lue,23,LAL,PG,38,1,468,5.6,13.1,.427,1.2,3.8,.324,4.4,9.3,.470,.474,2.1,2.7,.792,0.6,3.0,3.6,5.0,2.1,0.0,3.0,6.0,14.5,99,108,
401,327,William Avery,21,MIN,PG,55,0,463,6.2,16.3,.382,1.8,6.7,.271,4.4,9.6,.459,.438,3.2,4.1,.778,0.6,2.7,3.3,8.5,1.5,0.5,5.1,5.4,17.4,91,108,
402,328,Greg Foster,32,LAL,C,62,8,451,6.5,15.4,.421,0.3,1.0,.333,6.1,14.4,.427,.432,1.2,1.6,.714,3.4,9.6,13.0,3.7,1.0,1.4,2.9,8.8,14.5,94,104,
403,329,David Benoit,32,UTA,SF,49,2,446,8.5,17.6,.483,0.6,1.6,.385,7.9,16.1,.493,.500,3.7,4.7,.795,2.4,7.3,9.7,2.6,0.7,0.7,3.4,9.0,21.3,102,105,
404,330,Eduardo Nájera,24,DAL,PF,40,4,431,6.9,13.3,.523,0.1,0.4,.333,6.8,12.9,.528,.527,1.7,3.9,.424,4.9,6.5,11.4,3.2,1.6,1.0,2.0,5.7,15.7,110,103,
405,331,Tariq Abdul-Wahad,26,DEN,SG,29,12,420,5.3,13.7,.387,0.5,1.2,.400,4.8,12.5,.386,.405,2.6,4.4,.583,1.7,5.6,7.3,2.7,1.7,1.6,4.2,6.7,13.7,79,106,
406,332,David Vanterpool,27,WAS,PG,22,0,411,5.8,13.9,.418,0.0,0.8,.000,5.8,13.1,.442,.418,3.8,6.3,.600,1.9,2.8,4.7,8.3,2.9,0.4,4.7,5.5,15.4,92,108,
407,333,Chris Herren,25,BOS,PG,25,7,408,3.7,12.2,.302,2.0,7.0,.291,1.7,5.2,.317,.385,1.1,1.5,.750,0.5,2.2,2.7,7.1,1.8,0.0,2.5,5.5,10.5,90,108,
408,334,Eldridge Recasner,33,CHH,PG,43,0,403,5.1,15.2,.333,1.7,5.2,.333,3.3,10.0,.333,.390,1.9,2.4,.778,1.7,4.9,6.7,5.2,0.8,0.1,3.6,4.0,13.7,86,104,
409,335,Quincy Lewis,23,UTA,SF,35,2,402,6.7,16.4,.407,1.2,3.3,.360,5.5,13.0,.418,.443,2.0,2.8,.714,1.9,4.4,6.3,2.4,1.3,1.3,2.3,10.4,16.5,95,105,
410,336,Detlef Schrempf,38,POR,SF,26,0,397,5.3,12.9,.411,0.4,1.1,.375,4.9,11.8,.414,.426,3.1,3.7,.852,2.3,8.3,10.6,6.0,0.9,0.4,3.8,5.8,14.1,97,103,
411,337,Duane Causwell,32,MIA,C,31,14,384,4.6,12.2,.376,0.0,0.0,,4.6,12.2,.376,.376,1.7,3.6,.480,3.3,8.6,11.9,0.7,1.1,2.6,3.3,9.6,10.9,76,97,
412,338,Adrian Griffin,26,BOS,SF,44,0,377,4.5,13.3,.340,1.2,3.6,.346,3.3,9.8,.338,.387,2.5,3.3,.750,3.7,8.3,12.0,3.7,2.5,0.7,2.5,6.2,12.8,94,102,
413,339,Cal Bowdler,23,ATL,SF,44,0,375,7.4,15.9,.465,0.1,0.7,.200,7.2,15.2,.477,.469,4.6,5.6,.825,4.2,6.5,10.7,0.6,1.4,2.9,1.5,6.3,19.5,112,103,
414,340,Chris Mullin,37,GSW,SF,20,8,374,4.9,14.5,.340,2.6,7.1,.365,2.3,7.4,.315,.429,3.3,3.8,.857,1.4,4.2,5.6,2.6,2.2,1.4,2.6,3.8,15.7,98,108,
415,341,Todd Day,31,MIN,SG,31,0,345,6.7,17.9,.373,3.9,10.5,.377,2.7,7.4,.367,.483,2.7,3.5,.783,1.5,4.1,5.6,4.2,1.5,1.1,3.6,7.9,20.0,98,106,
416,342,Chucky Brown,32,2TM,SF,26,2,339,6.2,14.6,.421,0.0,0.5,.000,6.2,14.2,.435,.421,3.4,5.2,.647,1.2,7.1,8.3,1.7,1.4,1.1,1.2,5.7,15.7,99,106,
417,342,Chucky Brown,32,GSW,SF,6,0,74,6.2,13.8,.450,0.0,1.4,.000,6.2,12.4,.500,.450,4.1,6.9,.600,2.1,10.3,12.4,3.4,2.1,0.7,1.4,6.9,16.5,107,104,
418,342,Chucky Brown,32,CLE,SF,20,2,265,6.2,14.9,.413,0.0,0.2,.000,6.2,14.7,.419,.413,3.2,4.8,.667,1.0,6.2,7.1,1.2,1.2,1.2,1.2,5.4,15.5,96,106,
419,343,Gary Trent,26,DAL,PF,33,4,319,9.2,21.0,.438,0.0,0.2,.000,9.2,20.8,.442,.438,3.1,5.8,.528,6.3,8.6,14.9,1.6,2.1,1.3,3.6,8.4,21.5,93,100,
420,344,Chris Carr,26,BOS,SG,35,0,309,8.9,18.8,.473,2.9,6.2,.459,6.0,12.6,.480,.549,7.7,10.1,.767,1.8,5.5,7.4,1.8,0.7,0.5,3.2,7.6,28.4,113,107,
421,345,Alonzo Mourning,30,MIA,C,13,3,306,13.2,25.4,.518,0.0,0.2,.000,13.2,25.2,.521,.518,5.6,9.9,.564,6.3,11.9,18.2,2.2,0.7,5.6,5.0,4.3,31.9,99,93,AS
422,346,Rubén Wolkowyski,27,SEA,PF,34,1,305,4.3,13.6,.316,0.0,0.3,.000,4.3,13.2,.325,.316,4.3,5.8,.735,2.1,5.8,7.9,0.5,1.0,3.1,2.1,6.5,12.9,85,106,
423,347,Luc Longley,32,NYK,C,25,2,301,3.3,9.9,.333,0.0,0.0,,3.3,9.9,.333,.333,2.4,3.1,.765,4.8,7.4,12.1,1.3,0.6,1.7,4.0,9.4,9.0,78,99,
424,348,DeShawn Stevenson,19,UTA,SG,40,2,293,5.7,16.6,.341,0.2,2.2,.083,5.5,14.4,.380,.346,4.7,6.9,.684,1.6,3.5,5.1,3.3,1.8,0.4,5.1,5.3,16.2,78,105,
425,349,Rafer Alston,24,MIL,PG,37,2,288,5.4,15.2,.357,1.4,5.4,.267,4.0,9.8,.407,.405,1.6,2.4,.692,0.7,4.9,5.6,12.3,2.4,0.0,3.6,4.9,13.9,98,106,
426,350,Obinna Ekezie,25,2TM,PF,33,0,281,5.9,14.9,.395,0.0,0.0,,5.9,14.9,.395,.395,6.8,9.8,.698,5.7,8.7,14.4,1.7,0.9,0.9,2.6,8.8,18.6,103,108,
427,350,Obinna Ekezie,25,WAS,PF,29,0,273,6.1,14.6,.416,0.0,0.0,,6.1,14.6,.416,.416,7.0,10.1,.698,5.9,8.5,14.4,1.7,0.9,0.9,2.7,8.7,19.2,106,108,
428,350,Obinna Ekezie,25,DAL,PF,4,0,8,0.0,25.7,.000,0.0,0.0,,0.0,25.7,.000,.000,0.0,0.0,,0.0,12.9,12.9,0.0,0.0,0.0,0.0,12.9,0.0,0,102,
429,351,Vladimir Stepania,24,NJN,C,29,0,280,5.2,16.4,.318,0.2,0.7,.250,5.0,15.7,.321,.324,4.7,6.3,.735,6.5,13.8,20.3,3.0,1.9,2.1,3.5,8.8,15.3,88,99,
430,352,Joel Przybilla,21,MIL,C,33,13,270,2.3,6.8,.343,0.0,0.0,,2.3,6.8,.343,.343,0.6,2.1,.273,5.6,8.1,13.7,0.4,0.6,5.8,2.5,10.8,5.2,81,101,
431,353,John Crotty,31,UTA,PG,31,0,264,4.5,13.2,.338,0.8,1.4,.571,3.6,11.7,.310,.369,3.4,3.8,.895,2.6,3.0,5.7,6.9,1.2,0.0,3.8,6.5,13.2,94,107,
432,354,Tyus Edney,27,IND,PG,24,0,263,7.1,18.6,.385,0.2,1.2,.167,6.9,17.4,.400,.390,7.1,8.0,.897,1.0,3.9,4.9,11.0,3.5,0.0,5.1,3.5,21.6,99,102,
433,355,Dalibor Bagarić,20,CHI,C,35,0,259,3.5,13.5,.262,0.0,0.2,.000,3.5,13.3,.266,.262,2.7,5.8,.464,4.6,7.1,11.6,2.1,1.9,3.3,4.4,9.1,9.8,65,104,
434,356,Travis Knight,26,NYK,C,45,0,256,2.2,11.5,.189,0.0,0.2,.000,2.2,11.2,.192,.189,1.9,3.9,.500,4.1,7.4,11.5,1.1,1.1,2.4,2.2,10.2,6.3,63,97,
435,357,Jerome Kersey,38,MIL,SF,22,2,243,6.9,14.8,.464,0.0,0.2,.000,6.9,14.6,.471,.464,1.7,3.4,.500,1.7,7.9,9.6,3.2,3.0,1.7,1.3,7.7,15.4,102,100,
436,358,Dan Langhi,23,HOU,SF,33,0,241,8.2,21.8,.374,0.0,0.2,.000,8.2,21.6,.378,.374,3.5,6.4,.552,2.9,6.2,9.0,0.9,1.5,0.2,1.8,3.5,19.8,87,106,
437,359,Terry Davis,33,DEN,PF,19,1,228,2.7,5.7,.480,0.0,0.0,,2.7,5.7,.480,.480,2.0,5.0,.409,5.5,6.6,12.0,1.6,0.2,0.2,1.1,7.7,7.5,111,110,
438,360,Cory Alexander,27,ORL,PG,26,0,227,4.1,12.7,.321,0.9,3.6,.250,3.2,9.1,.350,.357,2.7,4.1,.667,0.0,5.7,5.7,8.2,3.6,0.0,5.7,6.6,11.8,77,100,
439,361,Soumaila Samake,22,NJN,C,34,0,226,4.2,11.1,.375,0.0,0.0,,4.2,11.1,.375,.375,2.3,5.6,.417,5.1,7.2,12.3,0.2,0.5,3.2,0.9,5.3,10.6,93,106,
440,362,Jason Collier,23,HOU,C,23,0,222,6.5,17.0,.380,0.0,0.2,.000,6.5,16.7,.386,.380,4.1,5.7,.708,2.9,6.0,8.8,1.4,0.5,0.7,2.6,6.5,17.0,90,107,
441,363,Olumide Oyedeji,19,SEA,C,30,1,221,4.3,8.8,.486,0.0,0.0,,4.3,8.8,.486,.486,2.1,2.8,.750,5.7,10.2,15.9,0.5,1.7,2.4,2.6,9.5,10.7,104,102,
442,364,Kornél Dávid,29,2TM,SF,27,0,209,6.2,12.7,.490,0.0,0.0,,6.2,12.7,.490,.490,3.0,3.2,.923,3.7,9.2,13.0,1.7,1.5,1.0,2.7,7.0,15.4,105,102,
443,364,Kornél Dávid,29,TOR,SF,17,0,140,5.7,10.9,.517,0.0,0.0,,5.7,10.9,.517,.517,4.5,4.9,.923,3.4,9.0,12.4,1.5,0.8,1.1,2.6,7.5,15.8,113,104,
444,364,Kornél Dávid,29,DET,SF,10,0,69,7.3,16.2,.455,0.0,0.0,,7.3,16.2,.455,.455,0.0,0.0,,4.4,9.5,14.0,2.2,2.9,0.7,2.9,5.9,14.7,92,97,
445,365,Rick Brunson,28,2TM,PG,22,0,208,4.6,13.7,.333,0.5,3.6,.143,4.1,10.2,.400,.352,2.0,3.8,.533,1.3,4.1,5.3,7.9,2.0,0.3,4.3,5.3,11.7,80,104,
446,365,Rick Brunson,28,BOS,PG,7,0,142,3.7,12.8,.286,0.7,4.0,.182,2.9,8.8,.333,.314,1.5,3.3,.444,0.7,2.6,3.3,8.8,2.6,0.4,3.3,5.8,9.5,79,106,
447,365,Rick Brunson,28,NYK,PG,15,0,66,6.7,15.9,.421,0.0,2.5,.000,6.7,13.4,.500,.421,3.4,5.0,.667,2.5,7.6,10.1,5.9,0.8,0.0,6.7,4.2,16.8,81,100,
448,366,Derrick Dial,25,SAS,SG,33,0,207,9.3,21.5,.434,0.5,2.6,.200,8.8,18.9,.466,.446,3.1,5.4,.571,3.1,6.7,9.8,5.4,1.0,1.6,3.1,5.7,22.3,97,99,
449,367,Danny Fortson,24,GSW,PF,6,6,203,7.3,12.6,.580,0.0,0.0,,7.3,12.6,.580,.580,10.6,13.6,.778,7.3,17.3,24.6,1.3,0.5,0.0,2.5,5.5,25.1,134,104,
450,368,Anthony Goldwire,29,DEN,PG,20,0,201,7.7,20.6,.375,2.3,8.8,.265,5.4,11.9,.457,.431,3.4,4.4,.765,0.3,2.8,3.1,8.8,2.3,0.0,3.9,3.4,21.1,96,109,
451,369,Tim James,24,CHH,SF,30,0,197,4.4,14.2,.308,0.3,0.8,.333,4.1,13.4,.306,.317,3.3,3.8,.857,4.1,5.4,9.5,2.2,0.5,1.4,2.2,7.4,12.3,89,103,
452,370,Jim McIlvaine,28,NJN,C,18,3,193,2.7,7.6,.357,0.0,0.0,,2.7,7.6,.357,.357,2.2,3.2,.667,2.2,7.3,9.5,1.1,1.9,4.1,2.4,9.5,7.6,81,101,
453,371,Bill Curley,28,2TM,PF,20,2,192,6.6,12.5,.532,0.3,0.5,.500,6.4,12.0,.533,.543,3.2,5.1,.632,5.6,4.3,9.8,0.8,1.9,2.4,4.3,12.0,16.7,97,107,
454,371,Bill Curley,28,DAL,PF,5,0,15,3.4,13.7,.250,0.0,3.4,.000,3.4,10.3,.333,.250,3.4,13.7,.250,0.0,0.0,0.0,0.0,3.4,3.4,6.9,13.7,10.3,40,101,
455,371,Bill Curley,28,GSW,PF,15,2,177,6.9,12.4,.558,0.3,0.3,1.000,6.6,12.1,.548,.570,3.2,4.3,.733,6.1,4.6,10.7,0.9,1.7,2.3,4.0,11.8,17.3,104,107,
456,372,Ira Newble,26,SAS,SF,27,6,184,6.1,16.0,.382,1.2,2.6,.444,5.0,13.4,.370,.418,2.3,4.7,.500,3.8,6.4,10.2,1.7,0.6,1.2,2.0,5.2,15.7,93,101,
457,373,Mike Smith,24,WAS,SF,17,0,180,5.5,17.0,.322,0.9,5.2,.167,4.6,11.8,.390,.347,2.9,4.6,.625,2.9,3.5,6.3,2.9,1.4,0.9,2.0,2.3,14.7,88,110,
458,374,Darrick Martin,29,SAC,PG,31,0,176,8.4,22.0,.382,4.0,7.8,.519,4.3,14.2,.306,.474,9.0,10.1,.886,0.6,4.0,4.6,4.0,2.0,0.0,2.9,7.8,29.8,113,103,
459,375,Doug West,33,VAN,SG,15,6,171,3.4,11.6,.289,0.0,0.6,.000,3.4,11.0,.306,.289,1.8,2.1,.857,1.2,3.4,4.6,4.3,0.9,1.2,1.2,6.4,8.6,83,109,
460,376,Lavor Postell,22,NYK,SG,26,0,169,5.6,17.7,.315,1.0,3.6,.273,4.6,14.1,.326,.343,7.2,8.8,.815,2.6,5.6,8.2,1.6,1.3,0.7,5.6,3.9,19.3,82,100,
461,377,Nick Anderson,33,SAC,SG,21,0,169,4.2,17.2,.246,3.0,11.7,.256,1.2,5.4,.222,.333,0.0,0.0,,0.9,6.6,7.5,3.9,3.0,1.2,2.1,3.9,11.4,76,98,
462,378,Dee Brown,32,ORL,PG,7,0,155,5.3,14.6,.364,4.0,10.6,.375,1.3,4.0,.333,.500,1.3,1.7,.800,0.0,3.7,3.7,4.0,1.3,0.0,2.3,3.3,16.0,102,106,
463,379,Calbert Cheaney,29,DEN,SG,9,5,153,3.4,10.2,.333,0.0,0.0,,3.4,10.2,.333,.333,0.3,0.7,.500,1.7,5.1,6.8,3.0,1.4,0.7,1.7,4.7,7.1,79,109,
464,380,Eddie Gill,22,NJN,PG,8,0,152,5.5,14.1,.390,1.0,3.1,.333,4.5,11.0,.406,.427,1.4,1.7,.800,0.0,3.1,3.1,8.3,1.4,0.3,3.4,3.1,13.4,91,109,
465,381,Pepe Sánchez,23,2TM,PG,29,0,150,3.2,9.9,.321,0.0,0.4,.000,3.2,9.5,.333,.321,0.7,0.7,1.000,1.1,4.2,5.3,14.4,3.9,0.4,2.1,7.4,7.0,102,98,
466,381,Pepe Sánchez,23,ATL,PG,5,0,34,0.0,10.7,.000,0.0,0.0,,0.0,10.7,.000,.000,0.0,0.0,,1.5,0.0,1.5,7.7,3.1,0.0,4.6,4.6,0.0,30,107,
467,381,Pepe Sánchez,23,PHI,PG,24,0,116,4.1,9.6,.429,0.0,0.5,.000,4.1,9.1,.450,.429,0.9,0.9,1.000,0.9,5.5,6.4,16.4,4.1,0.5,1.4,8.2,9.1,125,96,
468,382,Earl Boykins,24,LAC,PG,10,0,149,9.0,22.6,.397,0.4,2.9,.125,8.6,19.8,.436,.405,5.0,6.1,.824,1.4,2.5,4.0,11.5,1.8,0.0,3.2,3.2,23.4,104,108,
469,383,Chris Garner,25,GSW,PG,8,0,149,2.4,12.7,.189,0.0,2.4,.000,2.4,10.3,.233,.189,1.7,2.1,.833,0.7,3.4,4.1,6.2,2.4,0.3,3.1,6.2,6.5,62,109,
470,384,Jamie Feick,26,NJN,C,6,0,149,2.8,8.1,.348,0.0,0.0,,2.8,8.1,.348,.348,2.1,4.2,.500,4.2,15.4,19.6,1.8,2.8,1.1,2.5,5.3,7.7,84,97,
471,385,Shawnelle Scott,28,SAS,C,27,1,144,6.3,15.3,.415,0.0,0.0,,6.3,15.3,.415,.415,3.3,8.2,.409,8.6,10.0,18.6,1.5,1.9,2.2,4.1,8.6,16.0,90,95,
472,386,Jake Voskuhl,23,CHI,C,16,2,143,4.1,9.4,.440,0.0,0.0,,4.1,9.4,.440,.440,3.0,5.3,.571,4.5,8.3,12.8,1.9,1.9,2.3,4.5,14.3,11.3,84,104,
473,387,Jérôme Moïso,22,BOS,C,24,0,135,4.6,11.5,.400,0.0,0.4,.000,4.6,11.1,.414,.400,4.2,10.0,.423,4.6,11.5,16.1,1.2,1.2,1.5,6.9,11.1,13.4,70,101,
474,388,Steve Goodrich,24,CHI,PF,12,0,133,2.8,7.3,.389,0.4,1.2,.333,2.4,6.1,.400,.417,1.6,2.8,.571,2.8,5.7,8.5,2.4,0.8,0.4,3.2,5.7,7.7,82,110,
475,389,Grant Hill,28,ORL,SF,4,4,133,7.4,16.7,.442,0.4,0.4,1.000,7.0,16.3,.429,.453,6.2,10.1,.615,3.1,6.6,9.7,9.7,1.9,0.8,4.3,3.5,21.3,105,102,AS
476,390,Scott Padgett,24,UTA,PF,27,0,127,7.6,18.1,.419,2.1,3.8,.556,5.5,14.3,.382,.477,6.3,8.4,.750,8.0,8.4,16.4,2.1,2.5,1.3,4.2,8.8,23.6,107,99,
477,391,Brian Cardinal,23,DET,PF,15,0,126,4.0,12.5,.323,0.0,2.0,.000,4.0,10.5,.385,.323,4.4,7.2,.611,3.2,6.0,9.2,1.2,2.8,0.8,3.6,10.9,12.5,79,100,
478,392,Michael Stewart,25,TOR,C,26,0,123,4.7,14.6,.324,0.0,0.0,,4.7,14.6,.324,.324,4.7,7.7,.611,6.9,5.6,12.4,0.9,1.7,1.3,2.1,8.2,14.2,93,104,
479,393,Bruno Šundov,20,IND,C,11,4,120,8.9,18.3,.488,0.0,1.8,.000,8.9,16.6,.541,.488,1.3,2.2,.600,1.8,8.5,10.3,0.9,0.9,1.8,1.3,9.4,19.2,99,102,
480,394,Tyrone Corbin,38,TOR,SF,15,1,117,4.1,17.1,.237,0.0,2.3,.000,4.1,14.9,.273,.237,0.9,1.8,.500,1.4,4.5,5.9,1.8,0.9,0.0,1.4,8.1,9.0,62,108,
481,395,Jaren Jackson,33,SAS,SG,16,0,114,7.5,18.8,.400,3.3,8.5,.389,4.2,10.3,.409,.488,0.0,0.9,.000,0.5,5.2,5.6,3.3,2.4,0.0,1.4,6.1,18.3,98,99,
482,396,Felton Spencer,33,NYK,C,18,0,113,5.9,9.8,.600,0.0,0.0,,5.9,9.8,.600,.600,7.3,12.2,.600,7.8,9.3,17.1,1.0,1.0,1.0,5.4,11.8,19.1,106,97,
483,397,Terry Mills,33,IND,PF,14,0,113,5.2,16.2,.324,1.4,8.1,.176,3.8,8.1,.471,.368,0.0,0.0,,1.9,8.1,10.0,2.4,1.4,0.5,4.8,9.5,11.9,67,102,
484,398,Anfernee Hardaway,29,PHO,SG,4,4,112,6.9,16.6,.417,0.9,3.7,.250,6.0,12.9,.464,.444,3.2,5.1,.636,2.3,6.0,8.3,6.9,2.8,0.5,1.4,2.8,17.9,109,98,
485,399,Mark Bryant,35,DAL,PF,18,1,101,4.1,10.2,.400,0.0,0.0,,4.1,10.2,.400,.400,1.5,2.5,.600,2.0,8.7,10.7,1.5,0.5,1.0,2.5,14.8,9.7,83,103,
486,400,Tony Smith,32,ATL,SG,6,0,78,5.4,15.4,.348,0.0,1.3,.000,5.4,14.1,.381,.348,0.7,1.3,.500,1.3,0.7,2.0,6.7,4.7,0.0,6.0,8.0,11.4,68,103,
487,401,Todd Fuller,26,MIA,C,10,0,77,7.2,25.1,.286,0.0,0.0,,7.2,25.1,.286,.286,5.7,5.7,1.000,5.0,7.9,12.9,0.7,2.1,1.4,2.1,7.2,20.0,83,96,
488,402,Michael Hawkins,28,CLE,PG,10,0,76,2.1,6.2,.333,1.4,2.8,.500,0.7,3.5,.200,.444,0.0,0.0,,1.4,2.1,3.5,9.0,1.4,0.0,4.2,9.0,5.5,85,110,
489,403,Don MacLean,31,MIA,SF,8,1,76,7.3,14.5,.500,1.5,1.5,1.000,5.8,13.1,.444,.550,6.5,8.7,.750,5.1,8.0,13.1,2.9,3.6,0.7,7.3,6.5,22.5,97,94,
490,404,Rubén Garcés,27,2TM,PF,13,0,73,4.9,15.5,.318,0.0,0.0,,4.9,15.5,.318,.318,1.4,5.6,.250,11.3,9.2,20.4,3.5,2.1,1.4,3.5,9.9,11.3,82,97,
491,404,Rubén Garcés,27,PHO,PF,10,0,62,5.8,12.5,.467,0.0,0.0,,5.8,12.5,.467,.467,1.7,6.7,.250,10.0,8.3,18.3,3.3,1.7,0.8,4.2,11.6,13.3,92,98,
492,404,Rubén Garcés,27,GSW,PF,3,0,11,0.0,32.5,.000,0.0,0.0,,0.0,32.5,.000,.000,0.0,0.0,,18.5,13.9,32.5,4.6,4.6,4.6,0.0,0.0,0.0,40,93,
493,405,Antonio Harvey,30,POR,PF,12,0,72,9.7,20.9,.464,0.0,0.0,,9.7,20.9,.464,.464,3.7,4.5,.833,3.7,6.7,10.5,3.0,0.7,4.5,2.2,7.5,23.2,106,101,
494,406,Jamal Robinson,27,MIA,SF,6,0,72,2.3,16.8,.136,0.0,1.5,.000,2.3,15.3,.150,.136,0.0,0.0,,2.3,6.1,8.4,1.5,4.6,0.0,2.3,5.4,4.6,39,94,
495,407,Ricky Davis,21,MIA,SG,7,0,70,9.5,22.8,.414,0.8,0.8,1.000,8.7,22.1,.393,.431,5.5,6.3,.875,0.8,4.7,5.5,8.7,3.9,1.6,3.9,5.5,25.2,100,95,
496,408,Jabari Smith,23,SAC,C,9,0,66,8.5,16.9,.500,0.0,0.0,,8.5,16.9,.500,.500,3.1,4.6,.667,0.8,5.4,6.2,4.6,3.1,0.0,2.3,5.4,20.0,105,100,
497,409,Donnell Harvey,20,DAL,PF,18,0,65,6.3,11.1,.571,0.0,0.0,,6.3,11.1,.571,.571,4.8,12.7,.375,4.8,11.1,15.8,1.6,2.4,0.8,5.5,11.9,17.4,88,98,
498,410,Sam Jacobson,25,MIN,PG,14,0,59,8.0,15.9,.500,0.0,0.0,,8.0,15.9,.500,.500,1.8,2.7,.667,2.7,2.7,5.3,3.5,2.7,0.0,0.0,16.8,17.7,120,105,
499,411,Will Perdue,35,POR,C,13,0,58,5.6,8.4,.667,0.0,0.0,,5.6,8.4,.667,.667,1.9,3.7,.500,5.6,11.1,16.7,1.9,2.8,1.9,0.0,7.4,13.0,150,96,
500,412,Dan McClintock,23,DEN,C,6,1,58,8.0,16.1,.500,0.0,0.0,,8.0,16.1,.500,.500,0.0,4.5,.000,8.9,6.3,15.2,0.9,0.0,1.8,2.7,9.8,16.1,94,109,
501,413,Jamel Thomas,27,NJN,SF,5,0,56,5.6,17.7,.316,0.9,2.8,.333,4.7,14.9,.313,.342,0.0,0.0,,3.7,4.7,8.4,0.0,2.8,0.0,5.6,5.6,12.1,61,106,
502,414,James Robinson,30,ORL,PG,6,0,50,4.1,11.3,.364,2.1,5.2,.400,2.1,6.2,.333,.455,0.0,0.0,,0.0,8.2,8.2,0.0,4.1,1.0,4.1,5.2,10.3,65,96,
503,415,Sean Colson,25,2TM,PG,13,0,44,7.2,28.8,.250,1.2,6.0,.200,6.0,22.8,.263,.271,2.4,4.8,.500,2.4,4.8,7.2,12.0,1.2,0.0,2.4,7.2,18.0,80,107,
504,415,Sean Colson,25,ATL,PG,3,0,14,0.0,18.6,.000,0.0,3.7,.000,0.0,14.9,.000,.000,0.0,0.0,,0.0,11.2,11.2,11.2,0.0,0.0,7.5,0.0,0.0,22,106,
505,415,Sean Colson,25,HOU,PG,10,0,30,10.6,33.6,.316,1.8,7.1,.250,8.8,26.5,.333,.342,3.5,7.1,.500,3.5,1.8,5.3,12.4,1.8,0.0,0.0,10.6,26.5,99,108,
506,416,Scott Burrell,30,CHH,SF,4,0,41,9.2,19.6,.467,2.6,7.9,.333,6.5,11.8,.556,.533,1.3,5.2,.250,1.3,2.6,3.9,1.3,3.9,0.0,0.0,10.5,22.3,107,99,
507,417,Pervis Ellison,33,SEA,C,9,0,40,2.6,9.2,.286,0.0,0.0,,2.6,9.2,.286,.286,2.6,2.6,1.000,2.6,13.1,15.7,3.9,0.0,2.6,3.9,17.0,7.9,78,102,
508,418,Stanislav Medvedenko,21,LAL,PF,7,0,39,16.1,33.5,.480,1.3,1.3,1.000,14.8,32.2,.458,.500,9.4,16.1,.583,1.3,10.7,12.1,2.7,1.3,1.3,4.0,12.1,42.9,102,102,
509,419,J.R. Reid,32,CLE,PF,6,0,39,2.7,6.7,.400,0.0,0.0,,2.7,6.7,.400,.400,8.1,10.8,.750,6.7,4.0,10.8,1.3,2.7,1.3,1.3,5.4,13.5,131,105,
510,420,Erick Barkley,22,POR,PG,8,0,38,11.3,31.2,.364,4.3,11.3,.375,7.1,19.8,.357,.432,0.0,0.0,,0.0,4.3,4.3,8.5,2.8,0.0,7.1,2.8,26.9,82,103,
511,421,Wang Zhizhi,23,DAL,C,5,0,38,10.8,25.7,.421,0.0,2.7,.000,10.8,23.0,.471,.421,10.8,13.6,.800,1.4,8.1,9.5,0.0,0.0,0.0,1.4,10.8,32.5,106,106,
512,422,Michael Redd,21,MIL,SG,6,0,35,7.4,28.3,.263,0.0,4.5,.000,7.4,23.8,.313,.263,4.5,8.9,.500,4.5,1.5,6.0,1.5,1.5,0.0,1.5,3.0,19.3,74,110,
513,423,Muggsy Bogues,36,TOR,PG,3,0,34,0.0,3.1,.000,0.0,1.6,.000,0.0,1.6,.000,.000,0.0,0.0,,0.0,4.7,4.7,7.8,3.1,0.0,6.2,4.7,0.0,36,103,
514,424,John Coker,29,GSW,C,6,0,32,1.6,12.8,.125,0.0,0.0,,1.6,12.8,.125,.125,0.0,0.0,,4.8,3.2,8.0,3.2,1.6,0.0,3.2,6.4,3.2,47,111,
515,425,Tom Hammonds,33,MIN,PF,7,0,30,5.2,17.4,.300,0.0,0.0,,5.2,17.4,.300,.300,1.7,3.5,.500,3.5,3.5,7.0,1.7,0.0,0.0,5.2,13.9,12.2,64,110,
516,426,Brent Price,32,VAN,PG,6,0,30,5.2,19.2,.273,1.7,7.0,.250,3.5,12.2,.286,.318,10.5,12.2,.857,1.7,5.2,7.0,8.7,3.5,0.0,7.0,14.0,22.7,89,103,
517,427,Raja Bell,24,PHI,SG,5,0,30,3.5,12.4,.286,1.8,5.3,.333,1.8,7.1,.250,.357,0.0,0.0,,0.0,1.8,1.8,0.0,1.8,0.0,3.5,1.8,8.8,59,104,
518,428,Art Long,28,SAC,PF,9,0,20,0.0,10.2,.000,0.0,0.0,,0.0,10.2,.000,.000,0.0,5.1,.000,5.1,15.3,20.3,2.5,0.0,7.6,5.1,12.7,0.0,27,91,
519,429,Etdrick Bohannon,27,CLE,PF,6,0,19,5.5,11.1,.500,0.0,0.0,,5.5,11.1,.500,.500,11.1,11.1,1.000,8.3,11.1,19.4,0.0,0.0,5.5,2.8,11.1,22.2,136,101,
520,430,Ira Bowman,27,ATL,PG,3,0,19,0.0,5.5,.000,0.0,0.0,,0.0,5.5,.000,.000,0.0,0.0,,2.7,2.7,5.5,19.2,0.0,0.0,2.7,0.0,0.0,89,112,
521,431,Zendon Hamilton,25,LAC,C,3,0,19,5.6,25.4,.222,0.0,0.0,,5.6,25.4,.222,.222,14.1,22.5,.625,8.5,14.1,22.5,0.0,0.0,0.0,5.6,11.3,25.4,79,103,
522,432,Gary Grant,35,POR,PG,4,0,17,15.8,22.2,.714,0.0,0.0,,15.8,22.2,.714,.714,0.0,0.0,,0.0,0.0,0.0,3.2,0.0,0.0,0.0,3.2,31.7,142,112,
523,433,Garth Joseph,27,2TM,C,4,0,16,3.3,16.3,.200,0.0,0.0,,3.3,16.3,.200,.200,0.0,6.5,.000,6.5,0.0,6.5,3.3,0.0,3.3,6.5,3.3,6.5,45,111,
524,433,Garth Joseph,27,TOR,C,2,0,8,6.6,13.2,.500,0.0,0.0,,6.6,13.2,.500,.500,0.0,0.0,,13.2,0.0,13.2,6.6,0.0,0.0,6.6,6.6,13.2,99,113,
525,433,Garth Joseph,27,DEN,C,2,0,8,0.0,19.4,.000,0.0,0.0,,0.0,19.4,.000,.000,0.0,13.0,.000,0.0,0.0,0.0,0.0,0.0,6.5,6.5,0.0,0.0,0,109,
526,434,Terrance Roberson,24,CHH,SF,3,0,13,0.0,8.3,.000,0.0,4.1,.000,0.0,4.1,.000,.000,0.0,0.0,,0.0,4.1,4.1,4.1,0.0,0.0,8.3,12.4,0.0,13,106,
527,435,Anthony Miller,29,3TM,PF,4,0,11,4.8,9.6,.500,0.0,0.0,,4.8,9.6,.500,.500,0.0,0.0,,0.0,9.6,9.6,0.0,0.0,0.0,4.8,4.8,9.6,62,106,
528,435,Anthony Miller,29,ATL,PF,2,0,6,8.7,17.4,.500,0.0,0.0,,8.7,17.4,.500,.500,0.0,0.0,,0.0,17.4,17.4,0.0,0.0,0.0,8.7,0.0,17.4,62,101,
529,435,Anthony Miller,29,HOU,PF,1,0,3,0.0,0.0,,0.0,0.0,,0.0,0.0,,,0.0,0.0,,0.0,0.0,0.0,0.0,0.0,0.0,0.0,17.7,0.0,,112,
530,435,Anthony Miller,29,PHI,PF,1,0,2,0.0,0.0,,0.0,0.0,,0.0,0.0,,,0.0,0.0,,0.0,0.0,0.0,0.0,0.0,0.0,0.0,0.0,0.0,,109,
531,436,Mamadou N'Diaye,25,TOR,C,3,0,10,5.3,21.1,.250,0.0,0.0,,5.3,21.1,.250,.250,10.6,10.6,1.000,5.3,5.3,10.6,0.0,0.0,0.0,0.0,15.8,21.1,106,109,
532,437,Jason Hart,22,MIL,PG,1,0,10,5.2,5.2,1.000,0.0,0.0,,5.2,5.2,1.000,1.000,0.0,0.0,,0.0,0.0,0.0,5.2,0.0,0.0,10.4,0.0,10.4,64,114,
533,438,David Wingate,37,SEA,SG,1,0,9,17.5,17.5,1.000,0.0,0.0,,17.5,17.5,1.000,1.000,0.0,0.0,,0.0,0.0,0.0,11.6,0.0,0.0,0.0,5.8,34.9,203,115,
534,439,Lari Ketner,23,IND,PF,3,0,7,0.0,0.0,,0.0,0.0,,0.0,0.0,,,0.0,0.0,,0.0,0.0,0.0,7.7,0.0,0.0,15.3,0.0,0.0,21,112,
535,440,Randy Livingston,25,GSW,PG,2,0,7,0.0,14.6,.000,0.0,7.3,.000,0.0,7.3,.000,.000,0.0,0.0,,0.0,7.3,7.3,7.3,0.0,0.0,0.0,0.0,0.0,28,112,
536,441,Andy Panko,23,ATL,SF,1,0,1,0.0,0.0,,0.0,0.0,,0.0,0.0,,,0.0,0.0,,0.0,0.0,0.0,0.0,0.0,0.0,0.0,0.0,0.0,,114,
537,,League Average,,,,,,,,,.443,,,.354,,,.461,.473,,,.748,,,,,,,,,,,,
