,Rk,Player,Age,Team,Pos,G,GS,MP,PER,TS%,3PAr,FTr,ORB%,DRB%,TRB%,AST%,STL%,BLK%,TOV%,USG%,OWS,DWS,WS,WS/48,OBPM,DBPM,BPM,VORP,Awards
0,1,Amen Thompson,23,HOU,PG,79,79,2953,18.9,.594,.111,.374,8.9,14.0,11.5,20.4,2.0,1.5,13.5,20.0,6.5,3.8,10.3,.167,1.6,1.0,2.6,3.4,DPOY-8
1,2,Kevin Durant,37,HOU,SF,78,78,2840,21.1,.641,.327,.339,1.6,14.8,8.3,20.7,1.1,2.3,13.5,27.1,7.5,3.2,10.7,.180,4.4,0.1,4.5,4.7,"CPOY-9,AS"
2,3,Desmond Bane,27,ORL,SG,82,82,2756,16.9,.607,.354,.287,3.9,9.8,6.8,19.3,1.5,1.2,10.8,23.3,4.8,2.6,7.4,.129,1.6,-0.2,1.4,2.3,
3,4,Toumani Camara,25,POR,PF,82,82,2731,11.3,.578,.664,.154,5.0,11.7,8.4,10.4,1.6,1.1,13.1,16.3,2.1,2.7,4.8,.084,-1.0,0.0,-1.0,0.7,
4,5,Jabari Smith Jr.,22,HOU,PF,77,77,2705,13.5,.570,.501,.215,4.5,17.0,10.8,7.3,1.0,2.4,9.0,18.2,3.4,3.3,6.6,.118,-0.5,-0.2,-0.7,0.9,
5,6,Mikal Bridges,29,NYK,SF,82,82,2692,15.3,.587,.436,.102,3.3,9.7,6.5,15.9,2.0,2.4,7.6,17.3,4.7,3.3,8.0,.143,1.3,1.4,2.7,3.2,
6,7,Scottie Barnes,24,TOR,PF,80,80,2681,19.2,.577,.199,.264,6.3,19.3,12.7,26.3,2.1,4.2,14.3,23.4,3.3,4.5,7.8,.140,1.9,2.3,4.2,4.2,"DPOY-5,AS"
7,8,Tyrese Maxey,25,PHI,PG,70,70,2661,21.9,.588,.399,.278,1.0,11.0,5.9,28.9,2.4,1.9,9.2,29.4,5.9,2.8,8.7,.156,5.0,0.5,5.4,4.9,"CPOY-7,AS"
8,9,Jamal Murray,28,DEN,PG,75,75,2652,21.8,.622,.414,.287,1.4,12.0,7.0,31.1,1.2,1.0,10.0,27.9,7.8,1.7,9.5,.173,5.5,-1.4,4.1,4.1,"CPOY-2,AS"
9,10,Derrick White,31,BOS,SG,77,77,2625,16.0,.529,.578,.184,3.7,10.4,7.1,22.2,1.7,3.8,10.1,22.0,3.5,3.5,7.0,.129,2.2,1.0,3.2,3.5,DPOY-6
10,11,VJ Edgecombe,20,PHI,SG,75,75,2623,14.0,.540,.409,.176,5.0,12.7,8.8,17.4,2.0,1.4,11.0,20.1,1.9,2.5,4.4,.081,-0.4,-0.1,-0.5,1.0,ROY-3
11,12,Julius Randle,31,MIN,PF,79,79,2610,18.4,.585,.287,.411,5.7,16.5,11.2,23.1,1.6,0.6,13.2,26.5,4.3,3.1,7.4,.135,1.5,0.0,1.5,2.3,
12,13,Brandon Ingram,28,TOR,SF,77,77,2604,16.3,.573,.274,.276,2.7,16.1,9.4,16.8,1.1,2.0,11.5,26.9,1.5,3.1,4.6,.084,1.0,-0.5,0.5,1.7,AS
13,14,Nickeil Alexander-Walker,27,ATL,SG,78,71,2603,16.5,.610,.526,.257,2.1,9.1,5.6,15.8,1.9,1.5,10.9,23.9,3.6,2.7,6.3,.116,1.6,-0.4,1.2,2.1,MIP-1
14,15,Jalen Brunson,29,NYK,PG,74,74,2590,20.1,.580,.358,.285,1.3,9.4,5.3,31.3,1.1,0.3,9.5,30.4,6.5,2.2,8.8,.163,4.0,-0.9,3.1,3.3,"CPOY-5,AS"
15,16,Payton Pritchard,28,BOS,PG,79,50,2556,17.1,.584,.515,.125,3.0,10.2,6.7,23.5,1.1,0.4,8.7,21.4,6.1,2.4,8.5,.160,2.6,-0.3,2.3,2.8,
16,17,Kon Knueppel,20,CHO,SF,81,80,2551,17.1,.633,.592,.208,4.4,14.6,9.6,16.6,1.1,0.7,12.0,22.3,5.6,2.5,8.0,.151,3.1,-0.4,2.8,3.1,ROY-2
17,18,Jalen Johnson,24,ATL,SF,72,72,2532,20.4,.581,.278,.311,4.3,27.8,15.9,33.5,1.7,1.1,14.9,27.0,3.6,3.9,7.5,.141,2.8,1.4,4.2,4.0,AS
18,19,Dyson Daniels,22,ATL,SG,76,76,2520,15.5,.542,.151,.157,7.8,14.7,11.2,23.9,2.8,1.1,14.0,16.0,3.1,3.6,6.6,.126,-0.6,1.8,1.3,2.1,DPOY-9
19,20,Paolo Banchero,23,ORL,PF,72,72,2502,17.6,.566,.239,.512,3.8,23.4,13.5,23.4,1.0,1.4,13.6,27.6,2.0,3.0,5.0,.095,1.4,0.0,1.4,2.1,
20,21,Donte DiVincenzo,29,MIN,SG,82,82,2494,12.5,.567,.771,.126,3.0,11.6,7.4,16.8,2.0,1.2,11.8,16.9,2.3,2.9,5.2,.100,0.0,0.7,0.8,1.7,
21,22,Jaylen Brown,29,BOS,SF,71,71,2443,22.0,.573,.262,.347,3.7,18.1,11.1,25.9,1.5,1.1,12.7,36.2,3.5,3.4,6.9,.135,3.5,-0.1,3.3,3.3,AS
22,23,James Harden,36,2TM,PG,70,70,2438,20.7,.610,.510,.467,1.9,13.6,7.9,34.7,1.6,1.1,15.3,28.6,5.6,2.1,7.7,.151,4.6,-0.8,3.9,3.6,
23,23,James Harden,36,LAC,PG,44,44,1559,21.7,.598,.505,.485,2.1,13.4,7.9,36.3,1.8,1.0,14.8,31.2,3.5,1.3,4.8,.148,4.8,-1.0,3.8,2.3,
24,23,James Harden,36,CLE,PG,26,26,879,18.9,.639,.523,.426,1.6,13.8,7.8,31.8,1.2,1.3,16.6,24.0,2.1,0.8,2.9,.158,4.4,-0.4,4.0,1.3,
25,24,DeMar DeRozan,36,SAC,PF,77,77,2406,17.8,.594,.146,.429,1.6,9.1,5.3,20.0,1.6,0.9,7.4,22.8,5.2,0.4,5.6,.112,0.9,-1.0,-0.1,1.1,
26,25,Alperen Şengün,23,HOU,C,72,72,2398,21.4,.569,.117,.335,10.1,19.4,14.8,28.9,1.8,3.0,15.0,26.6,4.4,3.6,8.0,.161,2.7,1.5,4.2,3.7,AS
27,26,Miles Bridges,27,CHO,PF,77,77,2387,16.0,.570,.427,.243,3.6,17.4,10.6,15.9,1.0,1.3,8.5,22.3,4.0,2.5,6.5,.130,1.2,-0.1,1.1,1.9,
28,27,Rudy Gobert,33,MIN,C,76,76,2380,17.5,.664,.010,.615,14.1,25.9,20.1,7.2,1.2,4.5,14.5,12.9,4.8,4.0,8.7,.176,0.0,0.9,1.0,1.8,DPOY-4
29,28,Ryan Rollins,23,MIL,PG,74,67,2376,16.2,.583,.440,.152,2.6,13.4,8.0,27.1,2.3,1.3,15.5,24.2,1.7,1.8,3.4,.069,0.7,-0.5,0.2,1.3,
30,29,Bam Adebayo,28,MIA,C,73,73,2365,18.7,.551,.349,.369,6.5,25.7,16.1,14.1,1.7,1.8,8.3,25.0,2.8,3.6,6.4,.129,1.5,0.4,2.0,2.4,DPOY-11
31,30,Cooper Flagg,19,DAL,SF,70,70,2344,17.9,.548,.204,.286,3.9,17.0,10.5,21.5,1.7,2.3,10.7,26.9,1.3,2.5,3.8,.078,1.0,0.4,1.4,2.0,ROY-1
32,31,Donovan Mitchell,29,CLE,SG,70,70,2342,22.9,.613,.439,.306,2.4,12.4,7.4,27.9,2.1,0.8,11.1,32.2,5.8,2.4,8.2,.169,5.2,-0.2,5.1,4.2,AS
33,32,Trey Murphy III,25,NOP,SF,66,66,2341,18.3,.613,.538,.234,2.9,14.6,8.7,16.2,2.0,1.0,9.4,22.7,4.5,1.6,6.0,.123,3.0,-0.6,2.4,2.6,
34,33,Brandin Podziemski,22,GSW,SG,82,43,2333,15.0,.583,.476,.278,3.4,16.9,10.0,19.2,1.8,0.6,11.9,20.1,2.8,2.3,5.1,.105,0.3,-0.1,0.2,1.3,
35,34,Karl-Anthony Towns,30,NYK,C,75,75,2322,22.0,.619,.297,.403,11.2,31.7,21.4,14.7,1.4,1.8,13.3,25.9,5.5,4.0,9.5,.197,2.7,0.6,3.3,3.1,AS
36,35,Jaden McDaniels,25,MIN,PF,73,73,2316,14.0,.611,.309,.218,3.7,10.9,7.4,12.2,1.7,2.7,12.9,18.5,2.5,2.7,5.2,.109,-0.9,0.6,-0.3,1.0,
37,36,Onyeka Okongwu,25,ATL,C,74,63,2297,15.9,.592,.445,.235,6.5,20.3,13.3,13.9,1.7,3.1,11.8,19.5,2.6,3.3,6.0,.125,-0.1,0.8,0.7,1.6,
38,37,Luka Dončić,26,LAL,PG,64,64,2289,27.9,.616,.476,.443,2.2,22.5,12.7,40.5,2.2,1.4,12.8,38.1,6.6,2.9,9.5,.199,8.0,1.3,9.3,6.6,"CPOY-8,AS"
39,38,Wendell Carter Jr.,26,ORL,C,78,78,2288,14.1,.617,.355,.392,7.8,20.5,14.1,9.5,1.3,1.9,11.8,15.6,3.4,2.8,6.2,.131,-1.0,0.5,-0.6,0.8,
40,39,Collin Gillespie,26,PHO,PG,80,58,2282,15.3,.575,.686,.103,4.2,12.0,8.0,23.3,2.1,0.7,12.4,18.7,3.6,2.5,6.2,.130,1.9,0.6,2.5,2.6,
41,40,Bub Carrington,20,WAS,PG,82,48,2271,9.9,.556,.559,.150,1.5,11.7,6.5,23.0,1.1,0.7,19.5,18.0,-0.3,-0.1,-0.4,-0.009,-2.2,-2.5,-4.7,-1.6,
42,41,A.J. Green,26,MIL,SG,78,68,2270,9.4,.627,.896,.100,1.5,9.1,5.3,9.2,0.8,0.4,10.4,14.0,2.0,0.4,2.4,.050,-1.5,-1.8,-3.3,-0.8,
43,42,Julian Champagnie,24,SAS,SF,82,68,2266,13.1,.609,.743,.196,3.6,18.4,11.2,7.3,1.3,1.5,8.4,15.2,2.8,3.4,6.2,.132,0.5,0.8,1.4,1.9,
44,43,Nikola Jokić,30,DEN,C,65,65,2265,32.3,.670,.261,.424,10.0,30.4,20.7,50.3,2.0,2.2,15.3,30.4,11.5,3.4,14.9,.316,10.1,4.1,14.2,9.2,"CPOY-6,AS"
45,44,CJ McCollum,34,2TM,PG,76,60,2264,15.9,.566,.442,.205,2.9,9.2,6.0,19.7,1.3,1.4,9.7,25.7,1.9,1.0,3.0,.063,1.4,-1.7,-0.3,1.0,
46,44,CJ McCollum,34,WAS,SG,35,35,1082,15.2,.573,.461,.193,2.2,10.2,6.2,18.0,1.1,0.7,9.2,24.4,1.1,-0.1,0.9,.042,1.2,-2.7,-1.5,0.1,
47,44,CJ McCollum,34,ATL,PG,41,25,1182,16.5,.560,.426,.216,3.5,8.3,5.9,21.3,1.6,2.0,10.1,26.9,0.9,1.2,2.0,.082,1.6,-0.7,0.9,0.9,
48,45,Shai Gilgeous-Alexander,27,OKC,PG,68,68,2259,30.8,.665,.226,.465,1.9,11.7,7.0,35.0,2.0,2.3,8.7,33.4,11.1,4.1,15.2,.323,8.7,3.0,11.7,7.8,"CPOY-1,AS"
49,46,Matas Buzelis,21,CHI,PF,77,77,2248,14.8,.586,.514,.247,3.7,17.3,10.6,10.3,1.1,4.5,13.0,22.8,0.4,2.1,2.6,.055,-0.6,-0.4,-1.0,0.5,
50,47,Saddiq Bey,26,NOP,SF,72,64,2246,17.1,.579,.426,.305,5.7,13.5,9.6,11.9,1.4,0.3,5.8,21.6,4.5,1.0,5.4,.116,2.3,-1.8,0.5,1.4,
51,48,Max Christie,22,DAL,SG,77,68,2244,11.0,.601,.615,.192,0.7,10.9,5.9,9.3,1.0,1.0,10.9,16.5,1.3,1.4,2.7,.058,-1.0,-0.6,-1.5,0.3,
52,49,De'Aaron Fox,28,SAS,PG,72,72,2231,17.6,.578,.377,.235,2.1,10.7,6.5,29.6,1.9,0.8,12.4,24.9,3.4,3.0,6.4,.138,1.5,0.6,2.2,2.4,AS
53,50,Immanuel Quickley,26,TOR,PG,70,70,2231,16.6,.577,.526,.229,1.9,12.5,7.2,26.4,2.0,0.2,9.3,21.1,3.9,2.6,6.5,.140,1.9,0.6,2.4,2.5,
54,51,Kris Dunn,31,LAC,PG,82,68,2230,11.3,.581,.449,.170,3.1,10.8,7.1,17.9,2.9,0.6,17.8,12.4,1.7,2.3,4.0,.085,-2.3,1.5,-0.8,0.6,
55,52,OG Anunoby,28,NYK,PF,67,67,2224,15.8,.620,.506,.275,4.3,13.4,8.8,9.2,2.3,2.2,12.0,19.7,3.1,3.2,6.3,.135,0.9,1.1,2.0,2.3,DPOY-10
56,53,Royce O'Neale,32,PHO,SF,78,67,2213,11.6,.596,.832,.061,2.9,16.3,9.3,12.8,1.9,1.4,13.8,14.3,1.9,2.7,4.6,.100,-0.3,1.0,0.7,1.5,
57,54,Quentin Grimes,25,PHI,SG,75,19,2206,12.9,.585,.503,.314,2.2,11.4,6.7,15.7,1.4,1.2,13.4,19.0,1.9,1.7,3.6,.078,-0.9,-0.6,-1.6,0.2,
58,55,Deni Avdija,25,POR,SF,66,66,2199,20.3,.600,.369,.573,3.6,19.0,11.2,32.2,1.1,1.7,16.0,29.3,4.5,2.4,7.0,.152,3.7,0.6,4.3,3.5,AS
59,56,Naji Marshall,28,DAL,SF,74,47,2184,15.4,.592,.259,.365,3.2,13.6,8.4,16.4,1.8,0.2,11.1,20.5,2.5,1.8,4.3,.095,-0.7,0.1,-0.6,0.8,
60,57,Cade Cunningham,24,DET,PG,64,64,2172,21.6,.564,.308,.321,2.9,15.2,9.2,45.2,2.0,2.5,14.8,30.5,4.2,3.6,7.9,.174,4.8,1.5,6.3,4.6,"CPOY-4,AS"
61,58,Reed Sheppard,21,HOU,SG,82,21,2147,15.7,.564,.609,.091,1.5,10.7,6.1,18.6,2.8,2.3,11.1,21.7,2.7,3.1,5.9,.131,1.2,1.5,2.7,2.5,6MOY-6
62,59,Devin Booker,29,PHO,SG,64,64,2146,20.4,.585,.309,.434,2.4,10.7,6.4,30.2,1.2,0.8,12.3,32.2,4.7,1.8,6.5,.145,3.2,-1.0,2.2,2.3,AS
63,60,Anthony Edwards,24,MIN,SG,61,60,2137,21.8,.617,.418,.355,1.9,13.4,7.8,17.6,1.9,2.0,10.9,31.5,3.9,2.7,6.5,.147,4.7,-0.1,4.5,3.5,"CPOY-3,AS"
64,61,Tim Hardaway Jr.,33,DEN,SG,80,6,2127,13.5,.624,.706,.252,0.9,9.5,5.4,6.9,1.0,0.4,4.7,18.5,3.5,1.0,4.4,.100,1.3,-1.9,-0.7,0.7,6MOY-3
65,62,Jaime Jaquez Jr.,24,MIA,SF,75,1,2121,15.7,.570,.200,.236,4.7,13.7,9.2,24.0,1.1,0.9,13.1,22.3,2.2,2.0,4.2,.094,0.3,-0.1,0.1,1.1,6MOY-2
66,63,Duncan Robinson,31,DET,SG,77,77,2113,12.4,.629,.768,.158,1.6,9.2,5.4,10.1,1.0,1.0,6.7,15.8,3.8,2.3,6.1,.139,0.8,-0.1,0.8,1.5,
67,64,Jeremiah Fears,19,NOP,PG,82,49,2112,13.8,.525,.304,.245,3.0,12.4,7.7,19.9,2.2,1.3,13.8,25.5,-0.8,1.4,0.6,.015,-1.4,-1.3,-2.7,-0.4,
68,65,Donovan Clingan,21,POR,C,77,77,2094,20.9,.604,.360,.297,17.7,28.6,23.1,11.4,1.0,5.5,10.9,16.9,5.1,3.5,8.6,.197,2.4,0.6,3.0,2.6,
69,66,Kawhi Leonard,34,LAC,SF,65,65,2085,27.9,.629,.354,.331,4.1,18.6,11.5,21.0,2.9,1.2,8.4,33.5,6.5,2.7,9.2,.212,7.4,0.6,8.0,5.3,"CPOY-10,AS"
70,67,Evan Mobley,24,CLE,PF,65,63,2074,20.0,.596,.243,.346,8.3,22.7,15.5,16.8,1.1,5.2,11.0,22.6,3.6,2.9,6.5,.150,1.8,1.2,3.0,2.6,
71,68,Andrew Wiggins,30,MIA,SF,68,68,2063,15.1,.586,.406,.197,5.7,10.8,8.3,12.3,1.7,3.0,10.3,19.7,2.2,2.3,4.6,.106,0.7,0.5,1.2,1.7,
72,69,Jake LaRavia,24,LAL,PF,82,43,2061,11.9,.571,.465,.291,6.8,11.5,9.3,9.3,2.5,1.7,12.9,14.4,1.7,2.1,3.8,.089,-1.6,0.5,-1.2,0.4,
73,70,Pascal Siakam,31,IND,PF,62,62,2057,18.6,.562,.254,.327,4.6,17.4,10.9,19.9,1.6,1.0,9.5,30.1,1.1,1.5,2.6,.062,1.8,-1.0,0.7,1.4,AS
74,71,Cason Wallace,22,OKC,SG,77,58,2046,12.1,.538,.493,.116,3.5,8.9,6.3,12.7,3.5,1.3,10.6,14.5,1.0,4.2,5.2,.122,-2.1,3.3,1.2,1.7,DPOY-7
75,72,Devin Vassell,25,SAS,SG,67,65,2044,13.0,.574,.572,.172,2.1,11.8,7.1,11.0,1.3,1.1,6.9,18.0,2.3,2.6,4.9,.115,0.1,0.3,0.5,1.3,
76,73,Stephon Castle,21,SAS,PG,68,67,2038,17.4,.575,.299,.470,5.3,13.5,9.5,34.5,1.8,0.8,18.0,24.9,2.8,2.9,5.8,.136,1.0,0.9,1.9,2.0,
77,74,Derik Queen,21,NOP,C,81,48,2023,15.9,.546,.118,.365,7.2,23.5,15.2,21.1,2.0,3.5,18.0,21.8,0.4,2.3,2.7,.063,-1.5,0.7,-0.8,0.6,
78,75,LaMelo Ball,24,CHO,PG,72,69,2017,19.7,.546,.595,.144,3.7,15.5,9.7,42.6,2.1,0.8,13.2,32.0,3.6,2.6,6.2,.147,4.8,-0.1,4.7,3.4,
79,76,Naz Reid,26,MIN,C,77,3,2007,15.4,.565,.514,.141,5.0,20.8,13.1,12.4,1.8,3.4,12.0,22.1,0.9,3.2,4.0,.097,-0.1,1.0,0.9,1.5,6MOY-4
80,77,Davion Mitchell,27,MIA,PG,70,70,2000,12.1,.582,.428,.122,1.6,8.0,4.8,29.1,1.6,0.5,16.1,13.6,2.6,1.7,4.3,.104,-1.3,0.4,-0.9,0.6,
81,78,Bruce Brown,29,DEN,SG,82,4,1998,10.8,.562,.284,.241,5.0,12.5,8.9,11.3,2.1,0.9,13.6,14.5,1.2,1.8,2.9,.071,-2.5,0.1,-2.4,-0.2,
82,79,Chet Holmgren,23,OKC,PF,69,69,1997,21.6,.653,.312,.365,7.4,25.3,16.7,8.6,1.0,6.4,10.6,21.9,4.4,4.7,9.1,.219,2.4,1.9,4.2,3.1,"DPOY-2,AS"
83,80,Josh Hart,30,NYK,SF,66,52,1994,15.7,.612,.409,.211,5.2,22.1,13.6,21.6,1.9,0.9,16.5,16.7,3.1,3.0,6.1,.147,1.0,2.0,3.0,2.5,
84,81,LeBron James,41,LAL,SF,60,60,1989,20.8,.594,.264,.344,2.6,18.3,10.7,34.1,1.8,1.6,14.5,27.2,3.4,2.1,5.4,.131,3.3,0.2,3.5,2.8,AS
85,82,Ace Bailey,19,UTA,SF,72,61,1988,11.6,.533,.446,.099,5.5,11.0,8.2,9.7,1.4,2.4,10.3,21.4,-0.4,0.3,-0.1,-0.001,-1.9,-2.5,-4.4,-1.2,
86,83,Harrison Barnes,33,SAS,PF,77,52,1986,11.8,.608,.623,.214,3.5,7.9,5.8,9.7,1.2,0.5,8.8,14.6,2.7,2.1,4.8,.117,-0.2,0.1,-0.1,1.0,
87,84,Jalen Duren,22,DET,C,70,70,1976,26.1,.688,.000,.535,15.3,26.4,20.9,11.0,1.4,3.0,11.6,23.6,7.2,3.8,11.0,.266,4.4,0.5,5.0,3.5,"DPOY-11,AS"
88,85,Brandon Miller,23,CHO,SF,65,65,1968,16.8,.574,.511,.214,4.1,14.0,9.2,17.8,1.7,2.1,12.5,28.1,2.1,2.4,4.5,.109,1.7,-0.1,1.6,1.8,
89,86,Maxime Raynaud,22,SAC,C,74,56,1964,16.0,.619,.110,.250,7.9,24.3,15.8,7.6,0.9,1.8,11.2,18.2,2.6,1.0,3.6,.088,-0.9,-1.6,-2.4,-0.2,
90,87,Deandre Ayton,27,LAL,C,72,72,1958,18.2,.676,.000,.235,11.5,22.6,17.2,4.5,1.0,3.3,11.1,16.7,4.0,2.2,6.2,.152,0.0,-0.9,-0.9,0.6,
91,88,Jarace Walker,22,IND,PF,76,41,1953,11.5,.543,.486,.250,2.7,19.5,10.9,14.3,1.5,1.1,14.6,20.7,-1.0,1.5,0.5,.013,-1.8,-0.7,-2.4,-0.2,
92,89,Sam Hauser,28,BOS,PF,78,49,1934,11.9,.590,.839,.033,3.3,13.6,8.5,7.9,1.0,1.2,5.4,14.5,2.9,2.1,5.0,.124,0.6,0.0,0.6,1.3,
93,90,Rui Hachimura,27,LAL,PF,68,41,1927,11.6,.620,.439,.121,2.6,10.9,6.9,4.1,1.0,1.0,6.3,15.2,2.1,1.1,3.2,.080,-0.8,-1.5,-2.2,-0.1,
94,91,Neemias Queta,26,BOS,C,76,75,1926,20.3,.674,.016,.351,13.4,22.7,18.1,9.3,1.6,5.2,11.5,14.7,5.4,3.6,9.0,.224,0.9,2.0,2.8,2.4,
95,92,Nic Claxton,26,BRK,C,69,68,1920,17.6,.592,.033,.393,9.6,19.9,14.5,21.8,1.2,3.7,12.3,17.7,3.3,1.5,4.8,.121,0.3,0.6,0.9,1.4,
96,93,Myles Turner,29,MIL,C,71,71,1912,14.2,.584,.594,.274,4.5,17.8,11.2,7.7,1.3,6.0,10.3,18.6,1.2,1.8,3.0,.076,-0.9,0.0,-0.9,0.5,
97,94,Keldon Johnson,26,SAS,SF,82,0,1911,17.3,.613,.343,.243,7.9,16.6,12.4,8.5,1.2,0.5,7.4,21.0,3.9,2.6,6.4,.161,1.2,-0.3,0.9,1.4,6MOY-1
98,95,Anthony Black,22,ORL,PG,64,40,1910,13.7,.549,.389,.299,2.7,11.6,7.1,18.5,2.3,2.1,13.1,22.2,0.3,2.4,2.6,.067,-1.2,0.7,-0.6,0.7,
99,96,Tristan Da Silva,24,ORL,SF,77,34,1899,12.0,.576,.518,.153,3.4,13.4,8.3,9.3,1.7,1.2,9.4,16.2,1.3,2.1,3.3,.084,-0.7,0.1,-0.6,0.7,
100,97,Moussa Diabaté,24,CHO,C,73,47,1899,17.2,.653,.006,.485,16.5,21.1,18.9,10.2,1.5,3.5,14.2,11.4,4.7,2.8,7.4,.188,0.4,1.2,1.7,1.8,
101,98,Ausar Thompson,23,DET,SF,73,72,1896,16.2,.545,.042,.331,9.0,15.6,12.4,16.3,3.7,3.6,14.3,16.9,1.5,4.1,5.7,.144,-0.6,3.6,3.1,2.4,DPOY-3
102,99,Nique Clifford,23,SAC,SG,75,28,1882,9.0,.505,.388,.163,3.8,13.3,8.4,13.0,1.7,1.2,15.4,17.0,-1.2,0.6,-0.6,-0.014,-3.7,-1.2,-4.9,-1.4,
103,100,Ayo Dosunmu,26,2TM,SG,69,19,1881,16.5,.630,.375,.194,2.7,10.7,6.8,19.6,1.5,0.8,10.6,20.2,3.5,1.3,4.9,.124,1.3,-0.3,1.0,1.4,6MOY-9
104,100,Ayo Dosunmu,26,CHI,SG,45,10,1187,17.0,.636,.397,.216,3.0,9.1,6.1,20.6,1.3,0.9,10.3,20.8,2.4,0.6,3.0,.120,1.6,-0.9,0.8,0.8,
105,100,Ayo Dosunmu,26,MIN,SG,24,9,694,15.6,.619,.333,.153,2.3,13.5,8.0,17.8,1.7,0.7,11.2,19.0,1.1,0.8,1.9,.132,0.7,0.8,1.5,0.6,
106,101,John Collins,28,LAC,PF,69,56,1872,16.3,.643,.332,.234,7.0,15.6,11.4,5.8,1.6,2.6,11.6,19.5,2.7,1.8,4.6,.117,0.0,-0.5,-0.5,0.7,
107,102,Draymond Green,35,GSW,PF,68,68,1869,10.4,.540,.631,.171,3.2,19.5,11.2,27.3,1.6,2.1,25.5,16.1,-0.4,2.1,1.7,.044,-2.4,1.0,-1.4,0.3,DPOY-11
108,103,Victor Wembanyama,22,SAS,C,64,55,1866,29.9,.626,.324,.417,7.7,33.9,21.2,17.6,1.7,9.4,10.8,32.4,5.0,5.0,10.0,.257,6.5,4.2,10.7,6.0,"DPOY-1,AS"
109,104,Russell Westbrook,37,SAC,SF,64,58,1853,15.1,.528,.452,.218,4.7,16.6,10.5,34.3,2.2,0.6,18.5,25.9,-0.6,0.9,0.4,.009,0.6,-1.0,-0.4,0.7,
110,105,Jamal Shead,23,TOR,PG,82,12,1852,10.5,.491,.520,.230,1.6,7.2,4.4,30.6,2.0,0.8,16.8,15.5,0.8,2.0,2.7,.070,-2.3,0.0,-2.3,-0.1,6MOY-12
111,106,Pelle Larsson,24,MIA,SG,70,54,1849,13.1,.605,.343,.413,3.8,9.9,6.8,16.8,1.2,0.8,13.3,16.8,2.6,1.5,4.1,.106,-1.2,0.0,-1.2,0.4,
112,107,Luguentz Dort,26,OKC,SF,69,69,1849,8.3,.524,.710,.111,3.4,10.7,7.2,5.9,1.6,1.4,8.9,14.1,0.0,3.0,3.0,.078,-2.8,0.8,-2.0,0.0,
113,108,Sion James,23,CHO,SG,82,19,1843,8.3,.531,.634,.263,3.1,14.3,8.8,11.4,1.4,1.0,13.5,11.0,1.1,1.9,3.1,.080,-3.0,1.1,-2.0,0.0,
114,109,Zion Williamson,25,NOP,PF,62,55,1841,22.6,.644,.005,.576,7.2,13.5,10.3,17.7,1.6,1.7,11.1,25.7,5.0,1.0,6.1,.159,3.5,-0.6,2.9,2.3,
115,110,Jaylen Wells,22,MEM,SG,69,69,1821,11.5,.559,.523,.245,3.6,9.6,6.5,8.8,1.6,0.5,8.7,19.3,0.9,0.7,1.6,.042,-1.8,-1.4,-3.1,-0.5,
116,111,Nikola Vučević,35,2TM,C,64,49,1818,17.7,.574,.339,.116,7.5,23.9,15.8,17.7,1.0,2.0,9.2,21.4,2.5,1.9,4.4,.116,1.4,0.1,1.5,1.6,
117,111,Nikola Vučević,35,CHI,C,48,48,1480,18.2,.585,.330,.112,7.3,23.4,15.5,18.7,1.0,1.8,9.1,21.5,2.2,1.3,3.5,.115,1.9,-0.1,1.8,1.4,
118,111,Nikola Vučević,35,BOS,C,16,1,338,15.8,.526,.381,.137,8.3,25.8,17.2,13.6,1.0,3.0,9.8,21.0,0.3,0.6,0.9,.124,-0.8,1.0,0.2,0.2,
119,112,Oso Ighodaro,23,PHO,PF,82,24,1808,13.8,.636,.003,.320,8.2,17.8,12.8,14.2,2.0,3.0,19.5,12.2,2.1,2.6,4.7,.125,-2.2,2.3,0.1,0.9,
120,113,Kyle Kuzma,30,MIL,PF,69,43,1806,14.1,.581,.347,.270,3.6,15.9,9.8,15.5,1.3,1.5,13.4,21.8,0.9,1.0,1.9,.051,-1.0,-1.3,-2.3,-0.1,
121,114,Kyle Filipowski,22,UTA,C,77,41,1801,16.0,.586,.347,.323,8.4,25.1,16.6,15.7,1.9,2.1,14.3,20.0,1.8,1.3,3.1,.082,-0.6,-0.5,-1.1,0.4,
122,115,Andrew Nembhard,26,IND,PG,57,57,1786,15.7,.564,.393,.311,1.5,8.4,4.9,37.0,1.4,0.4,13.8,23.6,2.2,0.7,2.8,.077,1.1,-1.9,-0.8,0.6,
123,116,Keyonte George,22,UTA,PG,54,54,1786,18.5,.609,.410,.429,1.4,10.9,6.0,28.4,1.5,0.8,13.7,27.9,3.1,0.1,3.3,.088,3.0,-2.1,0.9,1.3,
124,117,Noah Clowney,21,BRK,PF,66,60,1780,11.2,.554,.621,.355,3.2,15.3,8.9,9.5,1.4,2.3,12.3,20.4,-0.1,1.2,1.1,.029,-2.3,-1.1,-3.4,-0.6,
125,118,Jaylon Tyson,23,CLE,SG,66,42,1777,14.8,.608,.445,.160,7.3,13.6,10.5,11.6,1.5,1.5,12.1,19.3,2.3,1.7,4.0,.108,0.6,-0.5,0.1,0.9,
126,119,Marcus Smart,31,LAL,SG,62,54,1769,9.9,.543,.616,.271,2.5,8.7,5.7,13.6,2.4,1.2,14.7,15.4,0.4,1.6,2.0,.054,-2.9,0.6,-2.2,-0.1,
127,120,Brice Sensabaugh,22,UTA,SF,75,22,1762,14.4,.590,.516,.235,3.4,11.0,7.1,12.4,1.4,0.7,11.6,24.9,1.0,0.1,1.1,.029,0.4,-3.0,-2.6,-0.3,
128,121,Austin Reaves,27,LAL,SG,51,45,1762,20.2,.641,.430,.487,2.3,13.3,8.0,24.0,1.6,1.1,14.0,26.7,4.2,1.4,5.6,.153,3.4,-0.6,2.8,2.1,
129,122,Tre Jones,26,CHI,PG,65,41,1752,18.7,.637,.211,.368,2.3,9.9,6.2,29.2,2.0,0.5,11.4,19.2,4.6,1.1,5.7,.157,1.2,0.1,1.3,1.5,
130,123,Sandro Mamukelashvili,26,TOR,C,80,13,1751,18.1,.637,.469,.250,6.9,18.8,12.8,12.4,1.8,2.3,8.7,18.8,3.6,2.5,6.2,.169,2.1,0.7,2.8,2.1,6MOY-10
131,124,Tobias Harris,33,DET,PF,63,63,1746,15.0,.574,.338,.238,3.6,16.9,10.4,12.5,1.6,1.5,8.0,18.8,2.6,2.7,5.3,.145,0.6,0.8,1.4,1.5,
132,125,Precious Achiuwa,26,SAC,C,73,57,1745,16.2,.558,.162,.232,11.0,20.8,15.8,8.5,1.8,2.6,9.0,17.6,1.8,1.2,2.9,.081,-0.5,-1.1,-1.6,0.2,
133,126,P.J. Washington,27,DAL,PF,56,53,1736,13.1,.537,.356,.277,5.2,18.7,12.0,8.1,1.5,2.9,11.3,20.1,-0.3,2.0,1.7,.046,-1.7,0.1,-1.6,0.2,
134,127,Josh Giddey,23,CHI,PG,54,51,1731,18.0,.562,.395,.318,4.2,23.1,13.7,41.1,1.5,1.4,19.3,24.4,1.6,1.7,3.2,.090,2.3,0.4,2.7,2.0,
135,128,RJ Barrett,25,TOR,SF,57,57,1726,17.0,.585,.347,.342,3.6,16.3,9.9,16.8,1.2,1.1,9.5,25.8,2.0,2.0,4.0,.111,1.0,-0.7,0.2,1.0,
136,129,Jay Huff,27,IND,C,82,47,1719,15.2,.598,.610,.162,4.5,16.2,10.3,10.4,1.1,7.6,10.4,18.0,1.3,1.9,3.2,.089,-0.9,1.3,0.4,1.1,
137,130,Norman Powell,32,MIA,SG,58,52,1717,17.5,.609,.458,.355,1.3,11.0,6.1,12.5,1.7,0.7,9.7,27.2,2.3,1.7,4.0,.112,1.8,-0.3,1.6,1.5,AS
138,131,Cam Spencer,25,MEM,SG,72,20,1714,17.2,.649,.585,.241,2.5,9.2,5.8,33.1,1.4,0.6,13.1,17.2,4.7,0.6,5.3,.149,3.0,-0.8,2.2,1.8,
139,132,Kel'el Ware,21,MIA,C,77,34,1704,20.0,.616,.359,.148,13.1,29.2,21.1,4.6,1.6,4.4,8.2,18.0,3.2,3.0,6.2,.175,2.1,0.1,2.1,1.8,
140,133,Dillon Brooks,30,PHO,SF,56,56,1702,14.1,.540,.385,.211,2.7,10.8,6.6,9.6,1.7,0.5,8.6,28.6,0.4,1.6,2.1,.058,-1.0,-1.3,-2.3,-0.1,
141,134,Dennis Schröder,32,2TM,PG,70,17,1697,12.9,.526,.362,.326,2.1,10.5,6.2,27.7,1.6,0.6,14.7,21.0,0.8,0.7,1.5,.043,-0.9,-1.3,-2.2,-0.1,
142,134,Dennis Schröder,32,SAC,PG,40,14,1056,13.6,.531,.393,.315,2.3,10.9,6.5,28.6,1.5,0.5,14.1,22.5,0.5,0.2,0.7,.030,0.0,-1.8,-1.9,0.0,
143,134,Dennis Schröder,32,CLE,PG,30,3,641,11.8,.515,.300,.348,1.9,9.7,5.8,26.3,1.7,0.7,15.9,18.6,0.3,0.5,0.9,.066,-2.3,-0.5,-2.8,-0.1,
144,135,Isaac Okoro,25,CHI,SG,63,62,1695,9.8,.574,.481,.244,4.4,6.4,5.4,7.8,1.3,1.5,8.3,13.6,1.4,0.7,2.2,.061,-3.0,-0.8,-3.8,-0.8,
145,136,Jerami Grant,31,POR,PF,57,38,1695,15.4,.608,.479,.441,3.5,9.3,6.3,11.0,1.2,1.9,12.0,23.8,2.6,1.4,4.0,.114,0.9,-0.9,0.0,0.9,
146,137,Dominick Barlow,22,PHI,PF,71,59,1689,13.2,.597,.206,.328,8.5,13.5,11.0,7.0,1.8,2.9,10.9,12.8,2.2,1.8,3.9,.112,-1.5,0.4,-1.1,0.4,
147,138,Michael Porter Jr.,27,BRK,SF,52,52,1689,19.9,.595,.506,.237,4.5,21.7,12.6,18.2,1.6,0.7,10.3,30.5,1.7,1.3,2.9,.083,4.2,-1.2,3.0,2.1,
148,139,Luke Kennard,29,2TM,SG,78,6,1681,13.5,.689,.553,.156,2.1,10.0,6.1,13.8,1.6,0.4,11.2,13.5,3.2,1.4,4.5,.130,0.1,0.1,0.1,0.9,
149,139,Luke Kennard,29,ATL,SG,46,0,944,13.5,.713,.621,.146,2.2,9.3,5.7,13.2,1.7,0.5,11.1,12.7,1.9,0.9,2.7,.139,0.2,0.3,0.5,0.6,
150,139,Luke Kennard,29,LAL,SG,32,6,737,13.4,.661,.473,.167,2.1,10.8,6.6,14.5,1.5,0.4,11.4,14.6,1.3,0.5,1.8,.118,-0.1,-0.3,-0.4,0.3,
151,140,Cameron Johnson,29,DEN,SF,54,54,1647,12.8,.629,.539,.236,3.1,10.6,7.0,10.6,1.2,1.2,8.2,15.1,2.7,1.0,3.7,.108,0.3,-0.9,-0.6,0.6,
152,141,Brook Lopez,37,LAC,C,75,40,1635,12.3,.552,.585,.137,3.4,15.7,9.7,8.5,1.4,5.0,9.6,17.2,0.5,1.8,2.3,.068,-1.3,0.4,-0.9,0.5,
153,142,Will Riley,19,WAS,SF,74,18,1633,12.1,.548,.400,.291,3.6,10.4,7.0,12.7,1.6,0.5,11.9,20.2,0.4,0.0,0.4,.012,-1.9,-2.6,-4.5,-1.0,
154,143,Cody Williams,21,UTA,SG,67,41,1631,9.6,.524,.257,.234,3.9,9.3,6.6,11.4,1.5,1.5,11.5,16.0,0.0,0.1,0.1,.004,-3.6,-1.9,-5.5,-1.5,
155,144,Bennedict Mathurin,23,2TM,SF,54,25,1620,14.7,.575,.352,.496,3.9,16.5,10.2,12.0,1.3,0.7,12.5,25.2,1.0,1.1,2.1,.062,-1.1,-1.4,-2.5,-0.2,
156,144,Bennedict Mathurin,23,IND,SF,28,24,891,12.6,.589,.436,.408,2.6,16.1,9.2,10.5,0.9,0.4,13.2,23.2,0.3,0.4,0.7,.038,-1.1,-1.7,-2.8,-0.2,
157,144,Bennedict Mathurin,23,LAC,SF,26,1,729,17.2,.561,.257,.596,5.4,16.9,11.3,13.9,1.8,1.2,11.8,27.8,0.7,0.7,1.4,.092,-1.0,-1.0,-2.1,0.0,
158,145,Bobby Portis,30,MIL,PF,67,9,1619,17.1,.587,.395,.091,6.3,23.5,14.9,10.5,1.2,0.7,7.8,23.1,1.6,1.2,2.8,.083,1.5,-1.6,0.0,0.8,
159,146,Collin Sexton,27,2TM,SG,68,22,1614,17.4,.615,.376,.344,2.8,7.6,5.3,21.7,2.3,0.6,14.2,25.9,2.5,1.4,3.9,.117,1.1,-0.5,0.6,1.1,
160,146,Collin Sexton,27,CHO,SG,42,12,938,17.7,.619,.350,.372,2.2,7.3,4.8,26.4,1.9,0.7,15.6,25.7,1.9,0.9,2.8,.141,1.6,-0.4,1.2,0.7,
161,146,Collin Sexton,27,CHI,SG,26,10,676,17.0,.609,.409,.308,3.7,8.1,5.9,15.1,2.8,0.4,12.3,26.2,0.7,0.5,1.2,.084,0.3,-0.5,-0.2,0.3,
162,147,Cedric Coward,22,MEM,SG,62,47,1598,15.3,.585,.424,.256,5.5,19.4,12.3,16.0,1.2,1.6,12.7,21.5,1.4,1.1,2.5,.076,0.4,-0.6,-0.2,0.7,ROY-5
163,148,Peyton Watson,23,DEN,SF,54,40,1598,14.3,.594,.339,.325,3.6,14.4,9.3,9.7,1.5,3.6,12.3,20.6,1.0,1.6,2.6,.078,-0.8,-0.5,-1.2,0.3,
164,149,Herbert Jones,27,NOP,SF,56,56,1588,9.1,.491,.542,.130,3.2,9.8,6.4,12.9,2.7,1.6,12.6,15.2,-0.4,1.1,0.7,.022,-3.7,0.6,-3.1,-0.5,
165,150,Jalen Suggs,24,ORL,PG,57,56,1574,15.6,.561,.555,.180,2.5,13.2,7.8,29.6,3.2,2.3,17.8,22.9,0.3,2.4,2.7,.083,0.7,1.8,2.5,1.8,
166,151,Kelly Oubre Jr.,30,PHI,SF,50,41,1574,13.0,.580,.439,.267,3.4,14.2,8.7,7.3,2.1,1.4,10.2,18.2,1.1,1.6,2.7,.083,-1.3,-0.1,-1.4,0.2,
167,152,Jordan Goodwin,27,PHO,PG,70,10,1572,14.7,.525,.544,.101,9.4,14.8,12.0,13.6,3.3,0.9,10.5,17.5,1.5,2.4,3.9,.118,0.3,1.5,1.8,1.5,
168,153,Jrue Holiday,35,POR,PG,53,51,1560,16.4,.573,.511,.148,4.9,12.3,8.5,32.1,1.7,0.3,16.2,23.5,2.1,1.5,3.6,.109,2.4,-0.5,1.9,1.6,
169,154,Dylan Harper,19,SAS,SG,69,4,1558,16.2,.574,.271,.181,3.8,12.1,8.1,24.7,1.7,1.4,12.3,21.8,2.0,2.2,4.2,.130,0.3,1.1,1.4,1.3,"ROY-4,6MOY-11"
170,155,Ron Holland,20,DET,SF,78,5,1551,11.7,.525,.364,.274,6.1,16.5,11.4,8.2,2.9,1.7,13.6,18.9,-0.1,2.9,2.8,.087,-3.3,1.4,-2.0,0.0,
171,156,Tari Eason,24,HOU,PF,60,34,1549,12.9,.514,.448,.116,9.0,17.8,13.5,8.0,2.3,1.7,11.7,18.7,0.6,2.3,2.9,.091,-1.8,0.2,-1.6,0.2,
172,157,Kevin Huerter,27,2TM,SF,69,14,1549,13.2,.552,.545,.119,2.4,14.2,8.4,16.1,1.9,1.9,10.3,18.8,0.8,1.7,2.5,.078,-1.1,0.5,-0.6,0.6,
173,157,Kevin Huerter,27,CHI,SF,44,11,1037,13.2,.559,.552,.139,2.4,14.8,8.7,15.9,1.6,2.2,10.3,19.2,0.5,0.8,1.3,.060,-1.1,0.1,-1.0,0.3,
174,157,Kevin Huerter,27,DET,SG,25,3,512,13.4,.539,.531,.078,2.5,12.9,7.8,16.5,2.6,1.4,10.4,18.0,0.4,0.9,1.2,.114,-1.1,1.4,0.3,0.3,
175,158,Moses Moody,23,GSW,SG,60,49,1540,13.5,.600,.677,.203,3.6,11.0,7.2,9.2,1.8,2.0,8.6,18.3,1.7,1.4,3.1,.096,0.2,-0.3,-0.1,0.7,
176,159,Terance Mann,29,BRK,SG,63,51,1529,10.2,.564,.418,.217,5.0,10.5,7.6,18.6,1.3,0.9,15.0,13.5,1.2,0.6,1.8,.056,-2.7,-0.7,-3.4,-0.6,
177,160,Jarrett Allen,27,CLE,C,56,56,1519,22.1,.669,.019,.494,10.5,24.0,17.2,9.7,1.7,2.9,10.4,19.9,4.2,2.2,6.4,.202,2.2,0.4,2.6,1.8,
178,161,Isaiah Collier,21,UTA,PG,59,19,1517,14.8,.567,.194,.406,1.5,9.4,5.3,39.2,2.0,1.3,19.6,20.4,1.3,0.3,1.7,.053,-0.7,-1.8,-2.4,-0.2,
179,162,Isaiah Joe,26,OKC,SG,71,9,1507,15.5,.657,.788,.227,2.5,10.2,6.5,8.6,1.6,0.7,7.0,18.4,3.2,2.4,5.5,.176,2.0,0.5,2.5,1.7,
180,163,Jock Landale,30,2TM,C,68,27,1506,16.6,.595,.352,.230,12.9,14.9,13.9,11.1,1.1,2.2,9.0,18.3,2.7,1.1,3.8,.122,0.9,-1.0,-0.1,0.7,
181,163,Jock Landale,30,MEM,C,45,25,1060,16.8,.594,.332,.229,14.2,15.7,14.9,10.6,1.1,1.9,9.7,18.6,1.9,0.6,2.5,.114,1.0,-1.3,-0.2,0.5,
182,163,Jock Landale,30,ATL,C,23,2,446,16.0,.596,.403,.233,10.1,13.1,11.6,12.4,1.1,2.8,7.4,17.7,0.8,0.5,1.3,.141,0.5,-0.4,0.1,0.2,
183,164,Zaccharie Risacher,20,ATL,SF,67,46,1503,11.8,.557,.481,.168,5.0,13.6,9.3,6.8,1.9,2.2,9.2,17.6,0.5,1.9,2.3,.074,-2.3,-0.2,-2.5,-0.2,
184,165,Klay Thompson,35,DAL,SF,69,8,1497,11.4,.541,.724,.065,1.3,8.8,5.1,9.5,1.0,1.2,7.8,22.7,-0.3,0.9,0.5,.018,0.2,-1.5,-1.4,0.2,
185,166,Ryan Kalkbrenner,24,CHO,C,69,31,1479,17.9,.762,.017,.399,13.0,15.7,14.4,5.2,1.1,6.3,15.3,11.6,3.6,2.1,5.7,.185,0.5,1.3,1.8,1.4,
186,167,Keon Ellis,26,2TM,SG,72,11,1478,10.8,.579,.654,.182,2.8,7.3,5.1,6.3,2.7,2.9,9.0,13.0,1.0,1.2,2.2,.072,-1.8,1.3,-0.5,0.6,
187,167,Keon Ellis,26,SAC,SG,43,5,758,9.1,.536,.689,.153,2.2,6.1,4.1,4.6,2.9,2.7,8.6,13.7,0.0,0.4,0.4,.025,-2.8,0.9,-1.9,0.0,
188,167,Keon Ellis,26,CLE,SG,29,6,720,12.5,.629,.611,.217,3.5,8.7,6.1,8.2,2.5,3.2,9.4,12.4,1.0,0.8,1.8,.121,-0.7,1.7,1.1,0.6,
189,168,Ja'Kobe Walter,21,TOR,SG,72,19,1474,11.8,.610,.666,.223,4.3,10.0,7.1,7.7,2.4,0.9,7.7,14.0,1.9,1.9,3.7,.121,-1.3,1.0,-0.3,0.6,
190,169,Patrick Williams,24,CHI,PF,72,6,1474,8.2,.494,.573,.157,3.6,11.8,7.7,9.4,1.6,1.5,12.8,16.6,-1.1,1.0,-0.1,-0.005,-3.4,-1.1,-4.5,-0.9,
191,170,Ajay Mitchell,23,OKC,SG,57,16,1473,16.8,.585,.298,.275,3.1,10.6,7.0,20.1,2.3,1.2,10.9,21.8,2.2,2.6,4.8,.156,0.3,1.6,1.9,1.4,6MOY-5
192,171,Shaedon Sharpe,22,POR,SG,50,42,1471,15.3,.546,.353,.227,3.7,12.4,8.0,15.4,2.3,0.4,13.3,30.5,-0.4,1.6,1.3,.041,-0.4,-0.9,-1.4,0.2,
193,172,Bilal Coulibaly,21,WAS,SG,56,56,1468,13.5,.531,.377,.327,3.5,14.5,8.9,13.9,2.4,3.2,11.6,19.9,0.2,0.8,1.0,.031,-1.7,-0.4,-2.1,-0.1,
194,173,Grayson Allen,30,PHO,SG,51,27,1467,16.1,.568,.682,.252,2.7,9.2,5.9,19.9,2.3,0.8,10.1,23.8,2.3,1.6,3.9,.127,1.9,0.2,2.1,1.5,
195,174,Brandon Williams,26,DAL,PG,66,15,1463,16.8,.572,.251,.493,2.2,11.6,6.9,26.3,2.0,1.2,14.3,25.1,1.2,1.3,2.5,.083,0.1,0.3,0.4,0.9,
196,175,Daniss Jenkins,24,DET,PG,72,19,1455,13.4,.525,.343,.283,4.0,8.7,6.4,25.8,2.1,1.0,15.3,21.5,0.9,2.0,2.9,.095,-0.8,0.1,-0.7,0.5,
197,176,Jaren Jackson Jr.,26,2TM,C,48,48,1454,15.7,.576,.327,.282,3.1,17.4,10.1,10.4,1.7,4.4,11.7,26.2,0.1,1.3,1.4,.047,-1.1,0.5,-0.6,0.5,
198,176,Jaren Jackson Jr.,26,MEM,C,45,45,1382,15.4,.574,.328,.279,3.2,17.4,10.1,9.9,1.6,4.5,11.7,25.6,0.0,1.3,1.3,.046,-1.2,0.4,-0.8,0.4,
199,176,Jaren Jackson Jr.,26,UTA,C,3,3,72,23.2,.598,.306,.327,1.5,18.5,9.8,20.3,3.9,1.3,11.1,36.0,0.1,0.1,0.1,.082,2.4,2.2,4.6,0.1,
200,177,Javonte Green,32,DET,SG,82,6,1446,14.1,.607,.597,.302,4.9,12.8,8.9,5.0,3.4,1.7,8.8,14.8,2.0,2.7,4.7,.156,-0.3,2.4,2.1,1.5,
201,178,Ivica Zubac,28,2TM,C,48,47,1446,18.6,.622,.000,.295,13.3,27.2,20.4,11.3,0.6,2.6,13.6,19.2,2.6,1.6,4.2,.139,0.7,-0.9,-0.3,0.6,
202,178,Ivica Zubac,28,LAC,C,43,42,1328,18.8,.635,.000,.308,13.3,27.7,20.7,11.3,0.6,2.6,14.4,19.0,2.6,1.5,4.0,.146,0.9,-0.7,0.1,0.7,
203,178,Ivica Zubac,28,IND,C,5,5,118,16.2,.505,.000,.189,12.6,20.7,16.6,12.0,0.8,2.9,6.5,22.1,0.1,0.1,0.2,.064,-1.8,-2.7,-4.5,-0.1,
204,179,Tre Johnson,19,WAS,SG,60,42,1443,10.6,.535,.496,.134,2.1,10.7,6.3,12.4,1.1,1.1,11.9,22.5,-0.6,-0.1,-0.7,-0.024,-2.1,-2.9,-5.0,-1.1,
205,180,Lauri Markkanen,28,UTA,PF,42,42,1443,21.1,.608,.402,.333,6.1,15.7,10.8,10.1,1.4,1.4,6.4,28.1,3.2,0.3,3.5,.118,4.6,-2.0,2.6,1.6,
206,181,Khris Middleton,34,2TM,SF,63,50,1439,10.9,.533,.344,.252,3.8,13.4,8.6,17.3,1.3,0.5,15.3,20.6,-0.3,0.5,0.3,.008,-2.8,-1.5,-4.4,-0.9,
207,181,Khris Middleton,34,WAS,SF,34,34,827,11.5,.531,.330,.230,3.8,13.8,8.7,18.9,1.5,1.0,14.7,19.6,0.0,0.1,0.2,.009,-2.6,-1.4,-4.0,-0.4,
208,181,Khris Middleton,34,DAL,SF,29,16,612,10.2,.536,.363,.279,3.7,13.0,8.4,15.0,1.2,0.0,15.9,21.9,-0.3,0.4,0.1,.008,-3.2,-1.7,-4.9,-0.4,
209,182,Sidy Cissoko,21,POR,SF,75,26,1435,7.1,.514,.593,.263,4.6,8.0,6.3,10.2,1.7,1.5,15.8,12.5,0.0,1.3,1.3,.045,-4.6,0.5,-4.0,-0.7,
210,183,Luke Kornet,30,SAS,C,68,25,1430,17.9,.689,.000,.419,14.0,17.0,15.5,11.3,1.1,4.0,8.0,10.3,4.6,2.3,6.9,.231,1.6,2.1,3.6,2.0,
211,184,Baylor Scheierman,25,BOS,SG,77,20,1429,11.6,.616,.730,.093,4.5,16.0,10.3,10.5,1.5,0.4,11.7,11.9,2.1,1.8,3.8,.129,-0.7,1.3,0.6,0.9,
212,185,Spencer Jones,24,DEN,SF,64,37,1417,9.3,.619,.550,.195,6.2,10.1,8.3,4.5,1.8,1.9,9.8,9.7,1.5,1.2,2.6,.089,-2.4,0.0,-2.4,-0.1,
213,186,Mark Williams,24,PHO,C,60,55,1416,21.8,.680,.002,.400,14.0,23.7,18.7,6.3,1.9,3.7,11.2,17.4,4.0,2.3,6.3,.215,1.5,0.5,2.0,1.4,
214,187,Aaron Wiggins,27,OKC,SG,65,21,1414,11.7,.538,.504,.134,3.3,11.7,7.6,10.6,2.1,1.9,12.5,19.9,-0.4,2.5,2.1,.072,-1.7,0.7,-0.9,0.4,
215,188,Walter Clayton,22,2TM,PG,69,6,1410,10.3,.523,.529,.262,1.9,8.9,5.3,26.6,1.5,1.3,18.4,18.5,0.0,0.3,0.3,.009,-2.2,-2.1,-4.3,-0.8,
216,188,Walter Clayton,22,UTA,PG,45,0,811,10.4,.540,.559,.242,1.9,10.0,5.9,23.4,1.4,1.4,16.8,17.2,0.3,0.1,0.3,.019,-1.9,-1.4,-3.2,-0.2,
217,188,Walter Clayton,22,MEM,PG,24,6,599,10.1,.502,.493,.288,1.8,7.5,4.6,30.9,1.6,1.1,20.3,20.1,-0.3,0.2,-0.1,-0.005,-2.7,-3.1,-5.8,-0.6,
218,189,Christian Braun,24,DEN,SG,44,44,1399,12.6,.607,.368,.260,5.1,11.5,8.4,11.4,1.0,0.8,9.0,14.8,2.2,0.8,3.0,.103,-0.4,-0.9,-1.2,0.3,
219,190,Gui Santos,23,GSW,PF,68,30,1395,14.2,.609,.483,.261,5.9,15.6,10.6,16.7,2.1,1.5,16.6,18.7,1.2,1.5,2.7,.094,-0.9,0.3,-0.6,0.5,
220,191,Vít Krejčí,25,2TM,PG,65,8,1392,11.1,.609,.765,.119,2.4,9.3,5.8,9.6,1.6,1.2,8.3,14.6,1.5,1.3,2.9,.099,-1.5,0.0,-1.6,0.1,
221,191,Vít Krejčí,25,ATL,PG,46,8,1028,11.3,.639,.776,.117,2.0,8.4,5.1,8.6,1.7,1.1,8.5,14.3,1.2,1.0,2.2,.103,-1.3,0.0,-1.3,0.2,
222,191,Vít Krejčí,25,POR,PG,19,0,364,10.5,.533,.736,.124,3.5,11.8,7.6,12.3,1.3,1.2,7.9,15.5,0.3,0.3,0.7,.086,-2.2,-0.2,-2.4,0.0,
223,192,Kyshawn George,22,WAS,SF,48,48,1391,13.8,.559,.451,.227,3.3,15.9,9.5,22.4,1.6,2.7,16.5,22.8,0.1,0.5,0.6,.022,-0.5,-0.6,-1.2,0.3,
224,193,Ben Sheppard,24,IND,SG,65,20,1390,9.7,.561,.599,.132,3.3,12.2,7.6,11.3,1.3,0.4,9.1,13.8,0.8,0.7,1.4,.050,-2.4,-0.6,-3.0,-0.4,
225,194,Justin Champagnie,24,WAS,SF,69,19,1377,17.3,.589,.359,.221,11.1,19.0,15.0,8.7,2.0,2.7,8.2,16.7,2.4,0.8,3.1,.109,0.6,-1.0,-0.4,0.6,
226,195,Will Richard,23,GSW,SG,69,21,1377,11.0,.596,.613,.156,5.3,8.7,7.0,9.3,2.8,0.6,12.5,13.0,1.2,1.4,2.5,.089,-2.5,0.9,-1.7,0.1,
227,196,Gary Trent Jr.,27,MIL,SG,65,21,1377,8.0,.533,.723,.110,0.7,4.8,2.8,8.0,1.2,0.2,7.6,17.2,-0.2,0.2,-0.1,-0.002,-3.2,-2.2,-5.4,-1.2,
228,197,Sam Merrill,29,CLE,SG,52,38,1377,13.6,.644,.775,.143,2.2,8.4,5.3,12.3,1.2,0.5,7.5,17.0,2.8,0.9,3.7,.127,1.0,-1.0,0.1,0.7,
229,198,Anfernee Simons,26,2TM,SG,55,5,1372,14.4,.576,.585,.119,2.5,8.1,5.4,14.6,1.0,0.6,9.1,23.6,1.8,1.1,2.9,.101,1.2,-1.3,-0.1,0.7,
230,198,Anfernee Simons,26,BOS,SG,49,0,1202,15.0,.579,.579,.127,2.4,8.2,5.4,14.5,1.1,0.5,8.4,23.7,1.9,1.1,2.9,.117,1.6,-1.0,0.6,0.8,
231,198,Anfernee Simons,26,CHI,SG,6,5,170,10.2,.554,.625,.063,3.2,7.4,5.3,15.7,0.0,1.0,13.7,23.3,-0.1,0.0,-0.1,-0.015,-1.3,-3.7,-5.0,-0.1,
232,199,Jose Alvarado,27,2TM,PG,69,3,1370,12.1,.543,.639,.102,2.1,11.6,6.8,23.1,2.3,0.6,14.1,16.8,1.0,1.2,2.2,.077,-1.3,0.3,-1.0,0.3,
233,199,Jose Alvarado,27,NOP,PG,41,0,896,11.1,.558,.689,.086,1.9,11.9,6.9,19.3,2.0,0.4,13.9,15.7,0.5,0.5,1.0,.055,-1.5,-0.5,-2.0,0.0,
234,199,Jose Alvarado,27,NYK,PG,28,3,474,14.0,.520,.556,.130,2.4,11.1,6.7,30.3,3.0,0.9,14.4,18.9,0.5,0.7,1.2,.119,-0.9,1.8,0.9,0.4,
235,200,Malik Monk,27,SAC,SG,62,3,1364,14.2,.568,.497,.169,1.2,8.6,4.8,20.6,1.3,1.6,11.8,24.0,0.8,0.2,1.0,.034,0.8,-2.1,-1.3,0.2,
236,201,Ryan Dunn,23,PHO,SF,70,16,1355,11.7,.532,.467,.130,7.8,16.8,12.2,10.3,2.2,2.0,12.8,13.7,0.7,1.9,2.6,.093,-2.1,1.2,-0.9,0.4,
237,202,Josh Okogie,27,HOU,SG,78,32,1354,9.9,.544,.548,.235,6.7,9.6,8.2,6.4,2.3,1.1,11.2,11.3,1.1,1.6,2.7,.095,-2.3,1.1,-1.2,0.3,
238,203,Kobe Sanders,23,LAC,SG,68,16,1351,10.0,.597,.510,.180,2.6,10.4,6.6,11.4,1.8,0.7,16.4,16.3,0.4,1.0,1.4,.051,-2.7,-0.2,-2.9,-0.3,
239,204,Derrick Jones Jr.,28,LAC,SF,50,45,1350,13.3,.600,.404,.245,5.4,9.4,7.5,7.3,1.7,3.5,8.7,15.1,1.7,1.1,2.8,.100,-0.6,-0.1,-0.7,0.5,
240,205,Darius Garland,26,2TM,PG,45,43,1344,17.1,.582,.458,.182,1.5,7.4,4.5,34.9,1.6,0.6,15.2,27.4,1.7,0.9,2.6,.092,2.2,-2.4,-0.2,0.6,
241,205,Darius Garland,26,CLE,PG,26,26,792,15.6,.567,.435,.210,1.7,7.1,4.4,33.2,1.3,0.4,15.1,25.8,0.9,0.5,1.4,.084,0.9,-2.5,-1.6,0.1,
242,205,Darius Garland,26,LAC,PG,19,17,552,19.4,.602,.488,.146,1.3,7.8,4.6,37.3,2.0,0.9,15.4,29.8,0.8,0.4,1.2,.104,4.0,-2.2,1.8,0.5,
243,206,Aaron Nesmith,26,IND,SF,45,42,1335,10.8,.554,.541,.217,3.8,11.6,7.6,9.4,0.9,1.5,10.1,19.8,0.1,0.6,0.7,.026,-1.7,-1.6,-3.4,-0.5,
244,207,Kris Murray,25,POR,SF,57,15,1333,9.6,.550,.442,.207,7.2,9.6,8.4,8.1,1.8,1.5,13.5,10.6,0.9,1.3,2.2,.079,-2.3,0.8,-1.5,0.2,
245,208,Stephen Curry,37,GSW,PG,43,41,1329,22.6,.637,.606,.277,1.4,11.7,6.5,27.0,1.8,1.2,11.9,32.5,2.9,1.2,4.1,.147,6.3,-1.0,5.4,2.5,AS
246,209,Jordan Miller,26,LAC,SF,60,1,1325,15.9,.628,.276,.439,4.5,11.3,8.0,15.1,1.7,0.8,11.7,18.0,2.5,1.0,3.5,.125,0.6,-0.4,0.2,0.8,
247,210,Drake Powell,20,BRK,SG,63,24,1320,7.3,.521,.508,.215,1.8,8.4,4.9,10.3,1.3,1.0,13.3,14.9,-0.5,0.5,-0.1,-0.003,-4.6,-1.3,-6.0,-1.3,
248,211,Jericho Sims,27,MIL,C,67,19,1318,12.9,.772,.000,.384,12.7,19.0,15.9,10.7,0.7,1.3,25.8,9.8,2.5,0.7,3.2,.117,-2.1,-0.9,-3.1,-0.4,
249,212,Dean Wade,29,CLE,PF,59,38,1318,10.9,.580,.705,.137,4.4,16.1,10.3,8.3,1.6,1.7,5.1,9.9,1.7,1.4,3.1,.114,-0.8,1.0,0.2,0.7,
250,213,Isaiah Stewart,24,DET,C,58,13,1317,15.2,.632,.299,.326,8.3,16.3,12.4,6.9,0.6,7.0,12.7,16.6,1.9,2.1,4.1,.149,-1.1,1.1,0.0,0.7,6MOY-7
251,214,Egor Dёmin,19,BRK,PG,52,45,1308,11.3,.561,.717,.145,1.8,13.5,7.3,20.7,1.6,1.2,15.3,18.8,0.1,0.7,0.9,.032,-0.9,-0.7,-1.6,0.1,
252,215,Alex Sarr,20,WAS,C,48,48,1305,19.4,.544,.229,.223,8.5,20.9,14.6,15.9,1.4,6.4,10.2,25.7,0.7,0.9,1.6,.059,0.8,-0.1,0.7,0.9,
253,216,Yves Missi,21,NOP,C,66,14,1297,15.0,.556,.003,.347,15.0,17.0,16.0,8.6,0.7,7.4,13.7,12.6,1.6,1.1,2.7,.098,-1.4,-0.3,-1.7,0.1,
254,217,Nicolas Batum,37,LAC,PF,74,6,1295,8.4,.603,.958,.046,2.1,14.1,8.3,6.5,1.8,1.7,13.2,9.6,0.6,1.2,1.8,.066,-1.7,0.7,-1.0,0.3,
255,218,Ziaire Williams,24,BRK,SF,56,13,1281,12.4,.579,.580,.323,2.6,10.0,6.1,7.4,2.9,1.5,10.7,18.9,0.5,1.1,1.6,.059,-2.0,0.4,-1.7,0.1,
256,219,Jordan Clarkson,33,NYK,SG,72,1,1279,11.6,.548,.407,.179,5.4,5.7,5.6,10.7,1.2,0.7,10.0,21.1,0.9,1.0,1.9,.072,-1.9,-1.4,-3.3,-0.4,
257,220,Jaylin Williams,23,OKC,PF,65,11,1277,13.8,.597,.727,.261,2.8,26.6,15.2,16.0,1.2,3.2,14.6,15.6,1.3,2.8,4.1,.155,0.0,2.8,2.7,1.5,
258,221,Kevin Porter Jr.,25,MIL,PG,38,36,1261,18.7,.567,.278,.304,3.1,14.6,8.9,33.8,3.2,1.5,15.9,24.3,1.5,1.3,2.8,.106,0.8,1.2,2.1,1.3,
259,222,Coby White,25,2TM,SG,50,26,1249,16.1,.595,.510,.387,1.5,13.1,7.4,24.8,0.9,0.4,14.9,28.8,1.2,0.7,2.0,.076,0.6,-1.9,-1.3,0.2,
260,222,Coby White,25,CHI,SG,29,26,843,14.2,.586,.529,.392,0.9,12.6,6.8,23.9,1.1,0.2,16.0,27.1,0.3,0.4,0.7,.038,-1.0,-2.3,-3.3,-0.3,
261,222,Coby White,25,CHO,SG,21,0,406,20.1,.611,.478,.378,2.8,14.2,8.6,26.8,0.6,0.7,13.0,32.1,1.0,0.3,1.3,.154,4.0,-1.1,2.9,0.5,
262,223,Collin Murray-Boyles,20,TOR,PF,57,22,1246,16.4,.621,.146,.316,12.0,14.0,13.0,11.7,2.0,4.1,13.2,15.5,2.1,1.9,4.0,.154,-0.5,1.5,1.0,1.0,
263,224,Nolan Traoré,19,BRK,PG,56,31,1243,7.9,.479,.401,.196,1.2,8.4,4.6,27.2,1.8,1.7,19.9,22.8,-2.3,0.6,-1.6,-0.063,-4.8,-2.0,-6.8,-1.5,
264,225,Adem Bona,22,PHI,C,71,18,1234,12.8,.638,.027,.514,11.2,16.0,13.6,3.4,1.2,6.2,17.2,11.1,1.4,1.5,2.9,.112,-3.2,0.3,-2.9,-0.3,
265,226,Andre Drummond,32,PHI,C,63,25,1231,16.4,.539,.267,.249,17.5,29.8,23.6,8.9,1.5,3.7,14.0,14.9,1.5,1.9,3.4,.133,-0.4,-0.2,-0.6,0.4,
266,227,Pat Spencer,29,GSW,PG,66,14,1229,12.1,.516,.385,.131,4.5,9.9,7.2,27.1,1.9,0.4,15.6,18.9,0.5,1.0,1.4,.056,-1.7,-0.6,-2.3,-0.1,
267,228,Zach LaVine,30,SAC,SG,39,37,1224,14.7,.614,.464,.260,0.7,9.4,4.9,11.2,1.1,0.8,10.8,23.7,1.3,0.0,1.3,.051,0.6,-2.2,-1.5,0.2,
268,229,Jordan Walsh,21,BOS,PF,68,25,1212,13.1,.623,.468,.213,7.9,16.6,12.3,5.8,2.0,2.6,10.7,11.7,1.9,1.9,3.8,.150,-1.4,1.6,0.2,0.7,
269,230,Jaxson Hayes,25,LAL,C,66,9,1207,18.3,.758,.011,.573,10.0,16.1,13.2,6.9,1.2,4.0,8.6,13.0,3.8,1.2,5.0,.199,0.8,0.4,1.2,1.0,
270,231,Joel Embiid,31,PHI,C,38,38,1201,24.7,.605,.228,.481,6.7,20.0,13.3,21.7,0.8,3.6,11.4,33.5,2.8,1.3,4.1,.163,5.1,-0.2,4.9,2.1,
271,232,Marvin Bagley III,26,2TM,PF,60,12,1201,20.2,.661,.127,.350,13.2,19.3,16.3,10.8,1.1,3.1,11.4,18.6,3.0,0.8,3.8,.150,1.8,-1.0,0.8,0.8,
272,232,Marvin Bagley III,26,WAS,PF,38,8,731,20.5,.667,.077,.394,14.0,17.8,15.9,11.7,1.3,3.2,13.2,19.0,1.9,0.3,2.1,.140,1.8,-1.1,0.7,0.5,
273,232,Marvin Bagley III,26,DAL,PF,22,4,470,19.7,.652,.200,.285,12.0,21.7,16.9,9.5,0.8,2.9,8.4,18.0,1.1,0.5,1.6,.165,1.8,-0.8,1.0,0.3,
274,233,Santi Aldama,25,MEM,PF,43,11,1198,16.3,.572,.420,.239,6.0,20.2,13.0,15.7,1.5,2.4,9.5,20.2,1.3,1.0,2.3,.092,1.3,0.4,1.7,1.1,
275,234,Daniel Gafford,27,DAL,C,55,44,1195,18.8,.677,.000,.509,12.3,21.1,16.7,7.0,1.7,4.9,14.0,15.8,2.5,1.7,4.1,.167,-0.5,1.2,0.7,0.8,
276,235,Danny Wolf,21,BRK,PF,57,15,1187,12.3,.521,.480,.248,5.3,23.2,13.8,17.1,1.2,2.5,13.0,20.6,-0.2,1.0,0.8,.032,-2.2,-0.3,-2.5,-0.2,
277,236,Jimmy Butler,36,GSW,SF,38,38,1182,23.5,.646,.184,.621,8.2,11.8,10.0,24.3,2.3,0.6,9.3,23.3,4.6,1.1,5.7,.233,5.0,0.5,5.5,2.3,
278,237,Mouhamed Gueye,23,ATL,PF,77,8,1179,12.0,.539,.448,.214,8.1,17.4,12.7,7.4,2.4,3.0,9.4,12.4,0.9,1.8,2.7,.110,-2.6,1.3,-1.3,0.2,
279,238,GG Jackson II,21,MEM,PF,55,28,1178,15.6,.591,.375,.294,4.4,17.4,10.8,10.7,1.2,3.4,12.8,23.5,0.4,0.9,1.3,.052,0.0,-1.2,-1.2,0.2,
280,239,Bones Hyland,25,MIN,PG,71,3,1177,15.1,.599,.639,.175,2.2,9.5,5.9,22.7,1.8,1.3,12.2,20.6,1.8,1.3,3.1,.126,1.2,0.5,1.7,1.1,
281,240,De'Andre Hunter,28,2TM,SF,45,25,1176,11.4,.545,.491,.285,2.8,14.5,8.7,10.6,1.2,0.5,11.7,22.9,0.1,1.0,1.1,.044,-2.5,-1.5,-3.9,-0.6,
282,240,De'Andre Hunter,28,CLE,SF,43,23,1125,12.1,.553,.492,.284,2.8,14.9,8.9,11.0,1.3,0.5,11.6,22.9,0.3,1.0,1.3,.056,-2.1,-1.3,-3.4,-0.4,
283,240,De'Andre Hunter,28,SAC,SF,2,2,51,-3.4,.347,.474,.316,2.1,4.5,3.3,2.5,0.0,0.0,15.6,21.4,-0.2,0.0,-0.2,-0.225,-11.0,-5.5,-16.5,-0.2,
284,241,Mitchell Robinson,27,NYK,C,60,16,1175,21.1,.676,.000,.500,23.9,26.1,25.0,5.8,2.4,6.1,14.0,10.7,3.3,2.5,5.8,.236,1.9,1.5,3.5,1.6,6MOY-8
285,242,Simone Fontecchio,30,MIA,SF,70,9,1173,13.8,.579,.696,.217,4.9,13.8,9.3,11.6,1.5,0.7,8.7,19.6,1.4,1.2,2.6,.106,0.7,-0.2,0.5,0.7,
286,243,Ryan Nembhard,22,DAL,PG,60,27,1171,10.9,.492,.346,.079,1.2,10.8,6.0,37.2,1.0,0.1,17.4,17.5,0.1,0.7,0.8,.031,-2.4,-1.7,-4.1,-0.6,
287,244,Landry Shamet,28,NYK,SG,51,12,1171,11.2,.598,.723,.209,2.2,6.6,4.4,8.2,1.3,0.8,7.0,15.7,1.6,1.0,2.6,.106,-0.4,0.1,-0.3,0.5,
288,245,Day'Ron Sharpe,24,BRK,C,62,7,1160,20.5,.638,.110,.427,16.2,25.7,20.7,21.1,2.9,2.1,20.0,19.9,2.0,1.5,3.5,.144,0.4,1.0,1.4,1.0,
289,246,Jared McCain,21,2TM,SG,67,3,1160,11.6,.551,.535,.123,2.2,10.6,6.4,11.0,1.5,0.4,10.0,20.7,0.2,1.2,1.5,.060,-1.6,-0.8,-2.4,-0.1,
290,246,Jared McCain,21,PHI,SG,37,1,620,9.4,.506,.515,.108,1.0,12.3,6.6,13.9,1.7,0.3,11.0,18.5,-0.2,0.5,0.3,.024,-3.0,-0.7,-3.7,-0.3,
291,246,Jared McCain,21,OKC,SG,30,2,540,14.0,.593,.554,.137,3.6,8.7,6.2,7.7,1.2,0.5,9.0,23.2,0.4,0.7,1.1,.101,0.0,-1.0,-0.9,0.1,
292,247,Quinten Post,25,GSW,PF,67,35,1159,13.0,.560,.631,.098,6.4,19.7,12.9,11.9,1.1,2.8,10.9,18.8,0.7,1.2,1.9,.078,-1.0,-0.1,-1.1,0.3,
293,248,Svi Mykhailiuk,28,UTA,SF,50,41,1156,11.4,.626,.663,.077,3.3,8.4,5.8,11.0,1.1,0.3,10.1,14.8,1.3,-0.2,1.1,.048,0.3,-2.0,-1.7,0.1,
294,249,Caris LeVert,31,DET,SG,60,0,1154,10.9,.518,.460,.215,2.3,9.0,5.7,18.2,2.1,3.5,16.1,18.4,-0.2,1.8,1.6,.066,-1.8,1.5,-0.4,0.5,
295,250,Jakob Poeltl,30,TOR,C,46,44,1149,18.1,.698,.000,.316,11.2,20.8,16.0,11.7,1.7,2.7,13.9,15.3,2.6,1.8,4.3,.180,0.2,1.4,1.6,1.0,
296,251,Craig Porter Jr.,25,CLE,PG,64,3,1148,13.7,.524,.360,.155,8.2,12.9,10.5,22.4,2.4,3.1,17.6,12.3,1.3,1.5,2.8,.116,0.0,1.9,2.0,1.2,
297,252,Gary Payton II,33,GSW,SG,73,1,1142,18.3,.632,.306,.096,9.7,16.3,12.9,16.9,2.8,1.7,12.5,18.4,2.0,1.5,3.5,.149,0.7,1.3,1.9,1.1,
298,253,Dru Smith,28,MIA,SG,70,1,1141,14.5,.532,.397,.323,5.6,10.2,7.9,20.0,4.1,1.6,12.9,15.2,1.2,1.9,3.0,.127,-1.5,3.6,2.2,1.2,
299,254,Isaiah Hartenstein,27,OKC,C,47,46,1137,19.8,.631,.024,.355,14.8,27.0,21.1,20.1,2.0,3.1,19.3,16.1,2.5,2.8,5.3,.223,1.0,3.2,4.2,1.8,
300,255,Paul George,35,PHI,PF,37,37,1135,16.7,.570,.497,.216,1.9,17.1,9.4,17.7,2.6,1.3,10.2,23.3,1.1,1.4,2.5,.108,1.0,0.7,1.7,1.1,
301,256,Jarred Vanderbilt,26,LAL,PF,65,3,1128,11.2,.544,.413,.233,8.6,21.3,15.2,9.6,2.4,1.6,17.5,12.4,0.4,1.5,1.8,.079,-2.4,0.9,-1.5,0.1,
302,257,De'Anthony Melton,27,GSW,PG,49,24,1125,13.4,.518,.464,.229,3.8,12.0,7.8,16.9,3.3,1.6,13.5,25.4,-0.7,1.5,0.7,.031,-2.6,0.1,-2.5,-0.1,
303,258,Luka Garza,27,BOS,C,69,6,1118,19.9,.682,.356,.328,15.7,12.0,13.8,8.5,1.2,2.5,10.1,17.7,3.9,1.4,5.3,.226,2.2,0.2,2.4,1.2,
304,259,Taylor Hendricks,22,2TM,PF,59,17,1118,12.2,.566,.518,.203,6.2,15.4,10.7,6.8,2.1,2.5,11.5,16.2,0.4,0.8,1.1,.049,-1.5,-0.9,-2.4,-0.1,
305,259,Taylor Hendricks,22,UTA,PF,33,6,492,10.2,.574,.547,.250,6.2,15.8,10.9,6.4,1.2,1.6,12.3,13.5,0.3,0.1,0.4,.034,-1.8,-1.7,-3.5,-0.2,
306,259,Taylor Hendricks,22,MEM,PF,26,11,626,13.7,.562,.502,.176,6.1,15.1,10.5,7.2,2.8,3.2,10.9,18.2,0.1,0.7,0.8,.061,-1.3,-0.2,-1.5,0.1,
307,260,John Konchar,29,2TM,SG,56,8,1115,13.6,.568,.497,.221,7.0,16.5,11.6,13.4,3.5,3.2,13.8,9.4,1.2,1.2,2.4,.104,-1.3,2.2,0.9,0.8,
308,260,John Konchar,29,MEM,SG,30,1,435,12.9,.619,.549,.183,4.9,18.2,11.4,11.9,3.4,2.7,15.4,8.7,0.4,0.6,1.0,.109,-1.2,3.5,2.3,0.5,
309,260,John Konchar,29,UTA,SG,26,7,680,14.0,.540,.469,.242,8.4,15.3,11.8,14.4,3.6,3.6,12.9,9.8,0.8,0.6,1.4,.100,-1.4,1.4,0.0,0.3,
310,261,Ousmane Dieng,22,2TM,C,57,20,1099,10.2,.516,.465,.113,3.0,15.2,9.2,17.7,1.1,1.5,15.2,19.7,-0.6,0.9,0.3,.012,-2.6,-1.2,-3.8,-0.5,
311,261,Ousmane Dieng,22,OKC,C,27,0,295,10.0,.534,.538,.066,3.1,12.0,7.7,12.5,0.3,2.3,7.9,14.9,0.2,0.4,0.6,.098,-1.6,0.2,-1.4,0.1,
312,261,Ousmane Dieng,22,MIL,C,30,20,804,10.3,.511,.443,.127,3.0,16.3,9.7,19.6,1.4,1.2,17.1,21.5,-0.8,0.5,-0.3,-0.020,-3.0,-1.7,-4.6,-0.5,
313,262,Jalen Smith,25,CHI,C,53,21,1095,16.6,.608,.545,.230,9.6,24.6,17.2,8.5,1.0,3.3,10.6,19.0,1.5,1.1,2.6,.114,0.2,-0.9,-0.7,0.4,
314,263,Kentavious Caldwell-Pope,32,MEM,SG,51,14,1088,11.0,.533,.475,.219,2.0,10.6,6.2,17.7,1.9,0.7,13.2,17.7,0.2,0.5,0.7,.032,-2.3,-0.2,-2.5,-0.1,
315,264,Hugo González,19,BOS,SF,74,3,1084,10.2,.561,.472,.106,6.4,18.3,12.5,4.8,2.0,2.0,12.9,11.8,0.5,1.7,2.2,.099,-3.1,1.6,-1.5,0.1,
316,265,Jusuf Nurkić,31,UTA,C,41,36,1083,16.4,.548,.198,.316,10.3,32.6,21.2,25.4,2.3,2.0,19.9,19.3,0.4,1.1,1.5,.068,-0.5,1.6,1.1,0.9,
317,266,Miles McBride,25,NYK,SG,41,15,1080,13.1,.578,.671,.116,2.5,7.9,5.2,13.5,1.6,0.9,7.2,18.2,1.6,1.1,2.7,.119,1.0,0.2,1.2,0.9,
318,267,Corey Kispert,26,2TM,SF,58,10,1080,13.1,.609,.602,.246,2.7,10.7,6.6,11.8,0.7,0.7,9.3,18.6,1.4,0.5,1.8,.082,0.1,-2.0,-1.9,0.0,
319,267,Corey Kispert,26,WAS,SF,19,2,370,14.0,.649,.639,.286,1.7,11.2,6.4,12.2,1.0,0.7,9.5,16.7,0.7,0.0,0.6,.080,1.0,-2.1,-1.1,0.1,
320,267,Corey Kispert,26,ATL,SF,39,8,710,12.6,.591,.585,.229,3.2,10.4,6.7,11.6,0.5,0.8,9.3,19.6,0.7,0.5,1.2,.082,-0.4,-1.9,-2.3,-0.1,
321,268,Rayan Rupert,21,2TM,SG,64,8,1072,8.2,.493,.435,.173,4.8,14.4,9.5,8.6,2.4,0.8,14.0,15.0,-0.5,1.1,0.6,.026,-5.0,-0.1,-5.1,-0.8,
322,268,Rayan Rupert,21,POR,SG,48,0,577,5.8,.447,.483,.095,4.3,12.0,8.1,7.8,2.4,0.3,15.5,12.8,-0.5,0.6,0.2,.014,-5.9,0.8,-5.1,-0.4,
323,268,Rayan Rupert,21,MEM,SG,16,8,495,11.0,.531,.392,.241,5.4,17.1,11.2,9.6,2.5,1.3,12.8,17.7,0.0,0.5,0.4,.041,-4.0,-1.1,-5.1,-0.4,
324,269,Gradey Dick,22,TOR,SG,76,1,1067,10.7,.538,.484,.229,4.4,11.3,7.8,6.5,2.1,0.6,9.2,18.7,0.2,1.3,1.4,.064,-3.2,-0.4,-3.6,-0.4,
325,270,Giannis Antetokounmpo,31,MIL,PF,36,36,1039,32.6,.658,.075,.597,10.7,27.4,19.2,38.7,1.6,2.3,13.2,37.0,3.9,1.1,5.0,.231,7.7,1.8,9.5,3.0,AS
326,271,Tyler Herro,26,MIA,SG,33,28,1033,17.1,.602,.431,.210,1.4,14.6,7.9,19.7,1.0,1.0,10.2,24.7,1.4,1.0,2.4,.112,2.4,-0.4,2.0,1.1,
327,272,Jamir Watkins,24,WAS,SG,50,7,1032,11.8,.554,.534,.277,5.0,15.4,10.1,8.8,2.5,2.1,10.8,15.1,0.5,0.5,1.1,.049,-2.9,-0.5,-3.3,-0.3,
328,273,Alex Caruso,31,OKC,SG,56,0,1020,12.8,.540,.603,.170,3.1,13.0,8.2,14.1,3.4,1.6,13.0,15.7,0.3,2.2,2.5,.120,-1.4,3.3,1.9,1.0,
329,274,Franz Wagner,24,ORL,SF,34,32,1019,19.2,.588,.274,.391,4.7,14.8,9.7,18.2,1.5,1.0,8.9,27.0,1.8,1.1,2.8,.134,2.6,-0.2,2.5,1.2,
330,275,Caleb Love,24,POR,SG,49,1,1013,10.7,.497,.596,.100,2.6,9.7,6.1,18.4,1.3,0.4,10.8,23.0,-0.1,0.8,0.6,.031,-1.5,-1.6,-3.1,-0.3,
331,276,Robert Williams,28,POR,C,59,1,1008,22.1,.722,.092,.228,14.9,29.9,22.3,8.9,1.7,7.7,15.1,13.1,2.4,2.0,4.5,.213,2.0,2.4,4.5,1.7,
332,277,Guerschon Yabusele,30,2TM,C,67,19,1007,11.1,.543,.628,.231,6.1,19.0,12.6,8.3,1.2,1.5,10.7,16.1,0.4,1.0,1.4,.067,-1.7,-0.5,-2.2,-0.1,
333,277,Guerschon Yabusele,30,NYK,C,41,0,366,8.6,.499,.636,.112,7.3,19.3,13.3,6.4,0.8,1.4,11.8,14.9,0.0,0.4,0.4,.056,-3.2,-0.5,-3.7,-0.2,
334,277,Guerschon Yabusele,30,CHI,C,26,19,641,12.5,.564,.624,.293,5.4,18.8,12.2,9.4,1.5,1.5,10.1,16.7,0.5,0.5,1.0,.074,-0.8,-0.5,-1.3,0.1,
335,278,Aaron Gordon,30,DEN,PF,36,33,1005,18.5,.620,.394,.410,6.0,16.8,11.6,13.7,1.0,0.9,7.5,21.9,2.4,0.7,3.2,.153,2.9,-1.2,1.7,0.9,
336,279,Nae'Qwan Tomlin,25,CLE,PF,64,3,1004,12.9,.549,.366,.194,9.5,10.9,10.2,7.0,2.0,3.2,7.8,15.5,1.1,1.1,2.2,.107,-2.2,0.1,-2.1,0.0,
337,280,Mike Conley,38,MIN,PG,54,15,991,9.4,.517,.772,.233,2.0,8.2,5.2,19.5,1.7,1.2,12.5,11.5,0.9,1.0,1.9,.092,-2.3,1.0,-1.3,0.2,
338,281,Olivier-Maxence Prosper,23,MEM,PF,53,24,984,16.9,.662,.423,.326,6.4,14.3,10.3,7.8,1.9,1.2,10.5,18.9,1.8,0.7,2.4,.119,1.1,-1.2,-0.1,0.5,
339,282,Tyus Jones,29,3TM,PG,67,12,979,8.3,.448,.628,.041,1.4,7.2,4.3,20.9,1.8,0.3,10.1,10.7,0.2,0.8,1.0,.051,-2.9,0.5,-2.4,-0.1,
340,282,Tyus Jones,29,ORL,PG,48,8,754,8.4,.448,.646,.038,1.3,6.6,3.9,19.8,2.1,0.4,8.0,9.8,0.3,0.7,1.0,.064,-2.8,1.1,-1.7,0.1,
341,282,Tyus Jones,29,DAL,PG,8,2,133,8.7,.444,.559,.059,0.8,6.3,3.6,29.4,1.1,0.0,12.5,12.5,0.0,0.1,0.1,.029,-3.0,-1.3,-4.3,-0.1,
342,282,Tyus Jones,29,DEN,PG,11,2,92,6.5,.454,.615,.038,2.6,13.9,8.5,17.7,0.5,0.0,18.5,15.3,-0.1,0.0,-0.1,-0.026,-3.5,-2.2,-5.7,-0.1,
343,283,Justin Edwards,22,PHI,SF,64,12,977,12.1,.572,.563,.122,2.9,7.7,5.2,11.5,2.7,1.1,9.6,16.1,0.8,0.9,1.7,.086,-1.8,0.6,-1.3,0.2,
344,284,Ochai Agbaji,25,2TM,SG,62,13,973,8.9,.525,.457,.154,5.3,11.5,8.3,6.8,1.2,1.7,9.4,14.6,0.1,0.8,0.9,.046,-3.5,-0.5,-4.0,-0.5,
345,284,Ochai Agbaji,25,TOR,SG,42,13,650,7.5,.495,.382,.171,5.7,10.9,8.3,6.0,1.3,1.6,9.4,13.3,0.0,0.7,0.6,.048,-4.8,0.1,-4.7,-0.5,
346,284,Ochai Agbaji,25,BRK,SG,20,0,323,11.7,.572,.573,.127,4.4,12.6,8.3,8.5,1.1,1.7,9.4,17.3,0.1,0.1,0.3,.042,-1.0,-1.7,-2.7,-0.1,
347,285,Goga Bitadze,26,ORL,C,64,3,972,20.1,.700,.049,.431,15.6,21.2,18.4,12.5,1.8,5.7,13.8,13.5,2.8,1.6,4.4,.218,0.8,2.0,2.8,1.2,
348,286,Rob Dillingham,21,2TM,PG,65,0,970,7.7,.469,.323,.133,2.1,12.2,7.2,20.6,2.3,0.5,18.6,23.1,-2.0,0.9,-1.1,-0.056,-6.3,-0.9,-7.3,-1.3,
349,286,Rob Dillingham,21,MIN,PG,35,0,326,6.0,.404,.234,.142,1.7,11.9,6.9,24.1,2.8,0.8,19.4,24.0,-1.0,0.4,-0.5,-0.079,-7.9,-0.3,-8.2,-0.5,
350,286,Rob Dillingham,21,CHI,PG,30,0,644,8.5,.503,.369,.129,2.3,12.4,7.4,18.9,2.0,0.4,18.3,22.7,-1.1,0.5,-0.6,-0.044,-5.5,-1.3,-6.8,-0.8,
351,287,Al Horford,39,GSW,C,45,13,969,14.7,.554,.633,.080,5.0,20.5,12.6,17.0,1.5,4.9,11.1,16.5,0.8,1.3,2.1,.105,0.3,1.3,1.6,0.9,
352,288,T.J. McConnell,33,IND,PG,56,4,963,20.5,.567,.111,.064,2.4,11.8,7.0,50.0,2.8,0.9,12.1,23.2,1.8,0.8,2.6,.132,2.1,0.4,2.5,1.1,
353,289,Kobe Brown,26,2TM,PF,61,10,963,12.0,.594,.513,.218,7.8,13.6,10.7,11.6,1.2,1.1,15.1,15.6,0.8,0.6,1.3,.066,-1.2,-1.4,-2.7,-0.2,
354,289,Kobe Brown,26,LAC,PF,34,0,295,11.2,.524,.583,.310,7.3,13.4,10.4,12.6,1.5,0.6,13.6,16.6,0.1,0.2,0.3,.056,-1.2,-1.1,-2.3,0.0,
355,289,Kobe Brown,26,IND,PF,27,10,668,12.4,.628,.481,.176,8.0,13.6,10.7,11.2,1.0,1.3,15.9,15.2,0.6,0.3,1.0,.070,-1.2,-1.6,-2.8,-0.1,
356,290,Anthony Gill,33,WAS,PF,55,8,951,13.4,.682,.223,.214,6.4,11.5,8.9,10.0,1.5,1.9,13.3,11.9,1.6,0.1,1.7,.087,-1.3,-1.3,-2.6,-0.2,
357,291,Kasparas Jakučionis,19,MIA,PG,53,12,945,11.9,.614,.655,.277,4.7,10.5,7.6,18.1,1.6,0.7,15.8,13.7,1.4,0.9,2.3,.114,-1.0,0.6,-0.4,0.4,
358,292,Jalen Williams,24,OKC,SG,33,33,936,19.0,.560,.173,.289,3.3,13.9,8.8,29.3,2.0,0.9,11.1,26.2,1.3,1.7,3.0,.156,1.1,1.0,2.1,1.0,
359,293,Jordan Poole,26,NOP,PG,39,8,933,11.5,.530,.649,.257,1.0,7.9,4.4,18.3,1.1,1.5,12.3,25.1,0.0,0.2,0.2,.010,-1.0,-2.6,-3.5,-0.4,
360,294,Clint Capela,31,HOU,C,75,3,926,17.9,.540,.009,.344,19.4,21.8,20.6,7.1,1.9,6.3,13.6,13.7,1.3,1.7,3.0,.156,-0.5,0.9,0.4,0.6,
361,295,Ben Saraf,19,BRK,SG,44,11,916,7.8,.486,.297,.290,2.4,9.7,5.8,24.5,2.1,0.8,22.5,21.0,-1.6,0.5,-1.1,-0.057,-5.6,-1.7,-7.3,-1.2,
362,296,Micah Peavy,24,NOP,SG,61,4,913,8.3,.455,.393,.105,5.4,8.5,6.9,8.8,2.3,0.9,6.5,14.0,-0.1,0.5,0.4,.020,-4.4,-0.8,-5.2,-0.7,
363,297,Karlo Matković,24,NOP,PF,62,2,912,16.5,.696,.383,.174,8.4,18.8,13.5,7.7,1.3,5.6,11.8,13.1,1.8,0.9,2.7,.141,0.2,0.4,0.7,0.6,
364,298,Josh Green,25,CHO,SG,58,0,908,9.7,.644,.762,.155,5.7,7.0,6.3,6.8,1.9,0.6,15.3,10.6,1.0,0.9,1.9,.099,-1.7,1.0,-0.7,0.3,
365,299,Micah Potter,27,IND,C,47,7,908,17.0,.679,.573,.345,6.8,21.4,14.0,11.2,1.2,1.4,12.2,18.0,1.8,0.7,2.6,.135,1.5,-0.8,0.7,0.6,
366,300,Isaiah Jackson,24,2TM,C,55,14,908,17.3,.653,.013,.443,13.6,21.8,17.7,8.5,1.9,4.8,17.0,16.2,1.4,1.2,2.6,.139,-1.9,0.8,-1.2,0.2,
367,300,Isaiah Jackson,24,IND,C,38,14,638,15.2,.615,.006,.448,14.4,21.8,18.0,7.0,1.9,3.9,17.9,16.0,0.7,0.8,1.4,.107,-3.1,0.4,-2.7,-0.1,
368,300,Isaiah Jackson,24,LAC,C,17,0,270,22.2,.741,.028,.431,11.9,21.8,17.0,12.2,1.8,7.0,14.9,16.5,0.8,0.4,1.2,.213,0.7,1.8,2.6,0.3,
369,301,Dylan Cardwell,24,SAC,C,44,1,907,15.8,.591,.022,.285,17.6,23.5,20.5,9.2,1.6,6.8,16.2,11.3,1.4,0.9,2.3,.122,-2.5,0.6,-1.9,0.0,
370,302,Dwight Powell,34,DAL,C,63,12,904,12.6,.699,.069,1.109,11.3,18.7,15.1,9.5,1.8,2.0,21.4,8.9,1.6,1.0,2.6,.138,-2.9,1.5,-1.4,0.1,
371,303,Paul Reed,26,DET,C,65,11,901,24.2,.650,.118,.324,16.5,20.1,18.3,13.3,3.1,6.6,13.0,20.6,2.4,2.1,4.5,.239,2.4,2.9,5.3,1.6,
372,304,Jaden Hardy,23,2TM,SG,57,4,898,10.9,.566,.611,.175,1.8,8.5,5.1,9.7,0.8,0.6,11.8,24.4,-0.3,0.1,-0.2,-0.010,-1.5,-3.3,-4.8,-0.6,
373,304,Jaden Hardy,23,DAL,SG,34,4,428,10.6,.551,.639,.206,2.7,8.8,5.8,9.9,1.0,0.4,11.3,23.3,-0.1,0.2,0.1,.012,-1.9,-1.9,-3.8,-0.2,
374,304,Jaden Hardy,23,WAS,SG,23,0,470,11.1,.579,.587,.149,0.9,8.1,4.5,9.5,0.7,0.7,12.3,25.4,-0.2,-0.1,-0.3,-0.030,-1.2,-4.5,-5.7,-0.4,
375,305,Quenton Jackson,27,IND,PG,49,19,897,14.4,.589,.360,.363,3.3,10.7,6.9,23.1,1.6,0.6,14.0,20.9,0.9,0.5,1.4,.076,-1.1,-0.8,-1.8,0.0,
376,306,Jaylen Clark,24,MIN,SG,68,1,888,10.3,.534,.443,.294,6.8,8.0,7.4,6.3,2.5,0.9,8.2,13.3,0.6,1.0,1.7,.090,-3.2,0.7,-2.4,-0.1,
377,307,Cam Thomas,24,2TM,SG,42,8,881,12.6,.530,.364,.367,1.4,8.1,4.6,21.0,0.5,0.4,12.1,30.3,-0.5,0.1,-0.4,-0.024,-1.2,-3.9,-5.2,-0.7,
378,307,Cam Thomas,24,BRK,SG,24,8,582,12.3,.527,.380,.351,1.7,7.2,4.3,22.5,0.3,0.3,11.9,30.3,-0.3,0.0,-0.3,-0.022,-0.8,-4.2,-5.1,-0.4,
379,307,Cam Thomas,24,MIL,SG,18,0,299,13.1,.534,.333,.399,0.8,9.8,5.3,18.2,0.8,0.7,12.6,30.4,-0.2,0.1,-0.2,-0.028,-1.9,-3.4,-5.3,-0.3,
380,308,Bryce McGowens,23,NOP,SG,42,13,880,11.7,.610,.392,.401,1.5,9.4,5.4,9.5,1.5,1.0,5.7,14.0,1.4,0.3,1.7,.095,-2.0,-0.9,-2.8,-0.2,
381,309,Gabe Vincent,29,2TM,PG,53,7,879,6.5,.511,.801,.106,2.2,4.7,3.5,10.8,1.5,0.3,10.7,12.3,0.1,0.5,0.6,.035,-3.8,-0.5,-4.3,-0.5,
382,309,Gabe Vincent,29,LAL,PG,29,7,559,5.5,.512,.792,.085,1.5,4.1,2.8,8.3,1.2,0.2,8.2,11.5,0.1,0.2,0.3,.027,-3.9,-0.9,-4.8,-0.4,
383,309,Gabe Vincent,29,ATL,PG,24,0,320,8.2,.509,.814,.140,3.3,5.9,4.6,15.1,1.9,0.6,14.1,13.8,0.0,0.3,0.3,.049,-3.6,0.1,-3.4,-0.1,
384,310,Jonas Valančiūnas,33,DEN,C,65,6,871,22.0,.630,.067,.349,14.2,27.5,21.2,14.1,0.8,4.0,14.0,26.1,1.8,1.1,2.9,.162,0.5,-0.5,0.0,0.4,
385,311,Jevon Carter,30,2TM,PG,53,1,867,10.7,.537,.700,.062,1.8,9.6,5.6,14.0,2.2,1.0,10.2,17.0,0.1,0.8,0.9,.052,-1.4,0.4,-1.1,0.2,
386,311,Jevon Carter,30,CHI,PG,23,0,254,12.3,.577,.757,.097,2.1,8.7,5.4,10.4,2.4,0.7,9.3,19.4,0.1,0.2,0.3,.058,-0.7,-0.3,-1.0,0.1,
387,311,Jevon Carter,30,ORL,PG,30,1,613,10.0,.517,.672,.044,1.6,9.9,5.7,15.5,2.1,1.2,10.7,16.0,0.0,0.7,0.6,.050,-1.7,0.6,-1.1,0.1,
388,312,Trendon Watford,25,PHI,PF,53,7,864,13.1,.573,.187,.287,4.7,17.5,11.0,21.8,0.9,2.4,17.5,17.9,0.6,0.8,1.4,.078,-2.2,0.2,-1.9,0.0,
389,313,Julian Strawther,23,DEN,SG,57,14,861,12.5,.590,.470,.219,1.6,12.7,7.4,9.8,1.4,0.7,9.3,19.4,0.7,0.6,1.3,.071,-1.2,-1.1,-2.3,-0.1,
390,314,Jalen Wilson,25,BRK,PF,54,2,859,8.7,.536,.547,.345,2.2,13.9,7.7,9.0,1.3,0.2,10.6,18.2,-0.2,0.4,0.2,.012,-3.6,-2.1,-5.6,-0.8,
391,315,Caleb Martin,30,DAL,SF,58,12,856,9.3,.526,.302,.323,3.5,14.1,8.8,12.4,2.2,1.5,15.6,12.5,-0.1,0.9,0.9,.048,-4.0,1.7,-2.2,0.0,
392,316,Kenrich Williams,31,OKC,PF,56,2,855,14.2,.569,.436,.176,7.8,15.6,11.9,12.7,1.8,0.6,11.9,18.3,0.8,1.5,2.3,.130,-0.1,0.3,0.2,0.5,
393,317,Kyle Anderson,32,3TM,SF,43,5,853,13.7,.573,.054,.337,5.4,13.8,9.6,19.4,2.5,2.8,14.4,13.2,1.0,0.8,1.9,.105,-1.3,1.7,0.4,0.5,
394,317,Kyle Anderson,32,UTA,SF,20,0,401,14.2,.565,.046,.349,5.0,13.0,8.9,20.6,2.7,2.4,11.9,14.6,0.5,0.2,0.7,.087,-1.0,0.7,-0.3,0.2,
395,317,Kyle Anderson,32,MEM,SF,4,3,89,15.1,.821,.053,.421,3.6,13.6,8.5,4.9,3.2,4.1,23.7,13.8,0.1,0.1,0.2,.105,-2.5,1.4,-1.1,0.0,
396,317,Kyle Anderson,32,MIN,SF,19,2,363,12.7,.520,.068,.297,6.2,14.8,10.6,21.7,2.1,2.9,15.2,11.5,0.4,0.5,1.0,.126,-1.2,2.8,1.6,0.3,
397,318,Daeqwon Plowden,27,SAC,SG,32,7,844,10.7,.572,.667,.176,4.2,8.7,6.4,6.7,1.3,0.8,8.0,16.4,0.7,0.1,0.8,.043,-2.1,-2.3,-4.4,-0.5,
398,319,Josh Minott,23,2TM,PF,49,11,834,16.0,.653,.607,.242,6.4,14.8,10.6,7.9,2.6,2.8,13.4,16.8,1.2,1.2,2.4,.139,1.4,1.1,2.5,1.0,
399,319,Josh Minott,23,BOS,PF,33,10,526,15.6,.651,.566,.191,8.5,16.0,12.3,8.4,2.3,2.3,11.9,13.8,1.1,0.8,1.9,.173,0.9,1.4,2.2,0.6,
400,319,Josh Minott,23,BRK,SF,16,1,308,16.8,.654,.655,.302,2.9,12.8,7.5,7.1,3.2,3.6,14.9,21.9,0.2,0.3,0.5,.080,2.3,0.7,3.0,0.4,
401,320,Javon Small,23,MEM,PG,41,12,830,16.1,.611,.493,.285,4.6,12.2,8.3,26.1,1.9,1.0,14.7,19.0,1.4,0.5,1.9,.112,1.7,-0.6,1.0,0.6,
402,321,Jonathan Kuminga,23,2TM,PF,36,14,830,14.2,.557,.310,.363,6.4,20.7,13.4,14.7,1.3,1.2,14.6,23.4,0.1,0.9,1.0,.059,-1.5,-0.5,-2.0,0.0,
403,321,Jonathan Kuminga,23,GSW,PF,20,13,476,12.5,.543,.273,.340,6.7,21.0,13.7,15.9,0.8,1.2,17.1,24.0,-0.2,0.4,0.2,.021,-2.5,-1.1,-3.6,-0.2,
404,321,Jonathan Kuminga,23,ATL,PF,16,1,354,16.5,.576,.359,.393,6.0,20.2,13.0,13.1,1.9,1.3,11.0,22.5,0.3,0.5,0.8,.110,-0.2,0.4,0.1,0.2,
405,322,Jalen Green,23,PHO,SG,32,27,828,14.8,.516,.443,.170,2.1,13.9,7.8,18.6,2.0,0.9,11.6,31.9,-0.6,1.0,0.3,.019,-0.2,-0.9,-1.1,0.2,
406,323,Vince Williams Jr.,25,2TM,SG,40,12,820,10.7,.478,.606,.171,5.1,15.6,10.2,27.5,1.7,1.8,18.2,19.5,-0.4,0.5,0.1,.008,-1.5,0.5,-1.0,0.2,
407,323,Vince Williams Jr.,25,MEM,PG,34,12,736,10.8,.478,.602,.174,4.9,15.3,10.0,27.8,1.7,1.7,18.1,19.6,-0.4,0.5,0.2,.010,-1.5,0.6,-0.9,0.2,
408,323,Vince Williams Jr.,25,UTA,SG,6,0,84,9.8,.470,.643,.143,6.3,18.5,12.2,25.0,1.1,2.3,19.0,18.0,0.0,0.0,0.0,-0.013,-1.8,-0.2,-2.0,0.0,
409,324,Buddy Hield,33,2TM,SG,51,3,819,12.8,.568,.648,.113,3.6,12.3,7.9,12.8,2.3,1.0,12.3,20.3,0.2,0.8,1.0,.060,-0.9,-0.1,-1.0,0.2,
410,324,Buddy Hield,33,GSW,SG,44,3,768,12.6,.562,.650,.113,3.7,12.1,7.8,12.7,2.3,1.1,11.8,19.7,0.2,0.8,1.0,.061,-1.0,0.0,-1.0,0.2,
411,324,Buddy Hield,33,ATL,SG,7,0,51,16.5,.636,.630,.111,2.1,15.1,8.5,15.1,1.9,0.0,17.5,28.1,0.0,0.1,0.0,.044,1.0,-2.1,-1.1,0.0,
412,325,Carter Bryant,20,SAS,PF,71,0,818,9.9,.526,.585,.158,5.1,17.9,11.7,7.5,0.9,2.5,10.4,16.3,0.1,1.2,1.3,.076,-3.1,0.2,-3.0,-0.2,
413,326,Nikola Jović,22,MIA,PF,47,1,808,9.5,.480,.532,.322,3.2,16.5,9.8,16.5,1.5,1.9,15.4,21.4,-0.9,1.0,0.0,.001,-3.5,-0.1,-3.5,-0.3,
414,327,Jalen Pickett,26,DEN,SG,50,18,807,10.3,.541,.547,.082,2.6,12.7,7.9,18.4,0.8,0.6,12.4,14.8,0.6,0.4,1.0,.059,-1.1,-1.1,-2.3,-0.1,
415,328,Keegan Murray,25,SAC,PF,23,22,793,11.7,.499,.373,.163,4.5,14.4,9.3,6.8,1.5,4.2,7.7,18.7,-0.2,0.4,0.2,.011,-2.0,-1.0,-3.1,-0.2,
416,329,Aaron Holiday,29,HOU,PG,57,1,781,10.1,.578,.675,.163,1.9,6.3,4.1,10.2,1.7,0.6,12.3,16.6,0.7,0.7,1.4,.088,-2.2,-0.2,-2.4,-0.1,
417,330,Tyrese Martin,26,2TM,SG,46,6,777,10.3,.501,.596,.101,4.8,12.9,8.6,15.6,1.6,0.7,12.1,18.4,-0.3,0.4,0.1,.006,-2.0,-1.4,-3.4,-0.3,
418,330,Tyrese Martin,26,BRK,SG,37,6,696,10.8,.507,.596,.102,5.1,13.1,8.9,15.6,1.6,0.5,11.0,18.8,-0.2,0.3,0.2,.013,-1.5,-1.5,-3.1,-0.2,
419,330,Tyrese Martin,26,PHI,SG,9,0,81,6.0,.437,.591,.091,2.7,10.9,6.7,14.8,1.8,2.3,23.4,15.6,-0.2,0.1,-0.1,-0.057,-5.6,-0.1,-5.7,-0.1,
420,331,Kristaps Porziņģis,30,2TM,C,32,23,769,19.6,.582,.412,.407,5.6,18.5,11.9,16.1,1.1,4.5,8.2,27.3,1.4,1.0,2.4,.148,1.6,0.3,1.9,0.8,
421,331,Kristaps Porziņģis,30,ATL,C,17,12,413,20.6,.592,.410,.386,5.4,17.6,11.4,16.6,1.0,4.8,6.1,26.4,1.0,0.6,1.5,.179,2.7,1.0,3.7,0.6,
422,331,Kristaps Porziņģis,30,GSW,C,15,11,356,18.4,.571,.416,.433,5.8,19.5,12.5,15.6,1.2,4.1,10.6,28.3,0.4,0.4,0.8,.113,0.3,-0.5,-0.2,0.2,
423,332,Jabari Walker,23,PHI,PF,64,6,762,12.5,.568,.446,.319,10.2,17.4,13.7,6.1,1.5,1.6,10.0,15.0,0.9,0.8,1.7,.106,-2.1,-0.6,-2.7,-0.1,
424,333,Noah Penda,21,ORL,SF,59,2,757,11.3,.506,.458,.236,9.8,17.9,13.8,12.5,1.9,2.2,15.8,14.8,0.1,1.0,1.1,.070,-2.0,0.6,-1.5,0.1,
425,334,Scoot Henderson,21,POR,PG,30,10,748,12.9,.553,.474,.292,2.6,9.1,5.8,22.8,1.7,1.1,15.9,25.0,0.3,0.7,1.0,.064,-1.7,-0.5,-2.2,0.0,
426,335,Pete Nance,25,MIL,PF,47,6,737,11.6,.639,.613,.057,4.2,14.9,9.6,9.2,0.9,1.9,11.6,13.5,0.8,0.4,1.1,.072,-1.0,-1.2,-2.3,-0.1,
427,336,Thomas Bryant,28,CLE,C,60,1,732,17.2,.625,.491,.247,8.9,21.9,15.4,6.3,1.2,3.4,8.6,18.6,1.4,0.9,2.3,.153,0.8,-0.7,0.1,0.4,
428,337,Steven Adams,32,HOU,C,32,11,730,15.8,.535,.000,.583,22.3,19.6,21.0,8.3,1.5,2.5,16.7,12.1,1.1,1.0,2.1,.141,-0.1,-0.3,-0.5,0.3,
429,338,Lonzo Ball,28,CLE,PG,35,3,728,9.5,.432,.835,.119,3.9,17.2,10.6,22.6,3.0,1.2,21.9,13.7,-0.4,1.0,0.6,.042,-2.9,1.8,-1.1,0.2,
430,339,Tyler Kolek,24,NYK,PG,62,1,727,12.5,.533,.460,.081,2.5,12.7,7.5,31.7,1.5,0.6,17.6,18.4,0.6,0.8,1.4,.093,-0.8,0.2,-0.6,0.3,
431,340,Leonard Miller,22,2TM,SF,46,12,719,15.9,.633,.378,.202,8.1,18.6,13.4,8.2,1.1,1.8,11.2,18.7,1.0,0.6,1.6,.105,-0.2,-1.1,-1.3,0.1,
432,340,Leonard Miller,22,MIN,SF,19,0,95,12.2,.581,.364,.333,8.3,20.4,14.5,7.6,2.0,0.0,19.2,20.8,0.0,0.1,0.1,.049,-5.3,-0.6,-5.8,-0.1,
433,340,Leonard Miller,22,CHI,SF,27,12,624,16.5,.640,.380,.183,8.1,18.3,13.3,8.3,1.0,2.1,9.8,18.3,1.0,0.5,1.5,.113,0.6,-1.2,-0.6,0.2,
434,341,Grant Williams,27,CHO,PF,36,3,711,12.9,.609,.732,.295,7.4,15.0,11.3,10.6,1.2,2.3,13.0,14.1,1.1,0.8,1.9,.131,0.6,1.0,1.6,0.7,
435,342,Nick Richards,28,2TM,C,48,6,701,11.9,.562,.090,.502,11.8,25.6,18.7,3.2,0.7,4.1,19.4,18.2,-0.2,0.8,0.6,.040,-4.9,-1.2,-6.1,-0.7,
436,342,Nick Richards,28,PHO,C,28,2,254,11.4,.534,.000,.394,14.8,25.3,19.9,4.4,0.8,5.3,23.1,18.1,-0.2,0.4,0.2,.039,-6.0,-0.8,-6.8,-0.3,
437,342,Nick Richards,28,CHI,C,20,4,447,12.2,.577,.138,.562,10.1,25.8,18.1,2.5,0.6,3.5,17.3,18.3,-0.1,0.4,0.4,.040,-4.3,-1.5,-5.8,-0.4,
438,343,Sharife Cooper,24,WAS,PG,41,1,700,13.8,.609,.308,.243,2.7,10.6,6.6,25.8,1.1,0.6,18.2,20.0,0.7,-0.1,0.6,.041,-1.0,-2.9,-3.9,-0.3,
439,344,Devin Carter,23,SAC,PG,38,12,700,13.8,.508,.390,.322,5.6,14.6,10.0,20.9,2.3,1.2,13.9,23.5,-0.2,0.4,0.2,.012,-1.5,-1.2,-2.6,-0.1,
440,345,Jett Howard,22,ORL,SF,55,0,695,11.2,.561,.578,.155,3.7,10.4,7.0,9.3,0.7,1.4,5.3,17.2,0.7,0.5,1.3,.087,-0.8,-1.1,-1.8,0.0,
441,346,Jordan Hawkins,23,NOP,SG,51,1,692,7.6,.480,.525,.105,3.1,10.7,6.9,8.2,0.9,1.4,11.2,18.2,-0.6,0.2,-0.4,-0.029,-3.2,-3.0,-6.2,-0.7,
442,347,Rasheer Fleming,21,PHO,PF,55,1,673,10.2,.517,.605,.158,9.1,11.4,10.2,3.3,1.6,3.0,11.2,16.3,0.0,0.8,0.8,.055,-3.0,-0.7,-3.8,-0.3,
443,348,Jahmai Mashack,23,MEM,SG,31,7,673,7.0,.456,.385,.179,3.6,9.5,6.5,13.8,2.6,1.9,18.9,16.0,-1.0,0.5,-0.5,-0.036,-6.1,-0.9,-7.0,-0.8,
444,349,Tristan Vukcevic,22,WAS,C,49,12,671,17.8,.603,.454,.350,5.0,18.7,11.8,12.8,1.6,4.3,14.5,26.6,0.4,0.4,0.8,.054,0.8,-0.8,0.0,0.3,
445,350,Jaden Ivey,23,2TM,SG,37,5,670,13.0,.571,.523,.184,4.0,10.9,7.5,14.0,1.6,2.0,12.9,19.7,0.5,0.9,1.3,.096,-0.2,0.2,0.0,0.3,
446,350,Jaden Ivey,23,DET,SG,33,2,555,12.6,.570,.514,.173,3.9,10.5,7.3,13.0,1.3,2.2,12.9,20.4,0.4,0.7,1.1,.093,-0.1,0.1,0.1,0.3,
447,350,Jaden Ivey,23,CHI,SG,4,3,115,14.9,.576,.583,.250,4.7,12.8,8.8,18.6,3.3,1.5,13.1,16.7,0.1,0.1,0.3,.110,-0.8,0.7,0.0,0.1,
448,351,Tre Mann,24,CHO,PG,53,1,669,8.3,.462,.512,.089,3.4,11.9,7.8,18.7,1.9,0.7,14.6,23.3,-0.8,0.7,0.0,-0.003,-4.5,-0.8,-5.3,-0.5,
449,352,Gary Harris,31,MIL,SG,48,2,661,8.0,.593,.654,.087,2.8,7.6,5.2,9.9,2.0,1.4,15.0,8.5,0.4,0.3,0.7,.054,-3.2,0.7,-2.5,-0.1,
450,353,Ethan Thompson,26,IND,SG,32,13,653,8.3,.515,.592,.240,2.8,8.9,5.7,11.9,1.5,1.2,10.3,15.7,0.0,0.3,0.3,.020,-4.1,-0.8,-4.9,-0.5,
451,354,Jamaree Bouyea,26,PHO,PG,46,1,644,13.5,.523,.331,.148,3.0,11.4,7.1,18.6,2.2,2.4,10.7,18.5,0.4,0.8,1.1,.086,-1.4,1.1,-0.4,0.3,
452,355,Johnny Furphy,21,IND,SG,35,21,643,9.2,.547,.477,.235,5.3,20.9,12.9,8.6,1.5,0.9,15.0,12.8,0.0,0.5,0.5,.036,-3.9,0.2,-3.7,-0.3,
453,356,Mohamed Diawara,20,NYK,SF,69,7,634,10.3,.550,.610,.113,2.6,14.0,8.3,11.2,1.3,1.0,11.8,17.1,0.2,0.7,0.9,.072,-1.8,0.1,-1.7,0.0,
454,357,Zeke Nnaji,25,DEN,PF,52,4,626,10.3,.558,.358,.291,6.2,17.6,12.2,5.9,1.3,3.6,13.7,13.7,0.2,0.7,0.9,.066,-3.6,0.0,-3.5,-0.3,
455,358,Anthony Davis,32,DAL,PF,20,20,626,21.5,.551,.111,.243,10.6,26.7,18.7,15.1,1.7,4.5,10.0,27.5,0.4,1.0,1.3,.103,1.5,0.9,2.4,0.7,
456,359,Dorian Finney-Smith,32,HOU,PF,37,1,620,5.8,.452,.758,.068,6.3,10.2,8.3,7.1,1.3,0.9,13.9,10.7,0.0,0.6,0.5,.042,-4.3,-0.1,-4.3,-0.4,
457,360,Kam Jones,23,IND,SG,37,7,616,8.2,.470,.444,.047,2.6,8.1,5.3,26.2,1.4,0.0,17.3,14.4,-0.2,0.2,0.0,.002,-4.2,-1.9,-6.2,-0.6,
458,361,Kevin Love,37,UTA,PF,37,5,613,14.7,.568,.714,.221,9.5,28.9,18.9,14.6,1.1,1.4,12.1,16.6,0.8,0.3,1.1,.088,1.1,-0.9,0.2,0.3,
459,362,Taurean Prince,31,MIL,SF,26,7,611,10.5,.617,.733,.031,0.7,14.1,7.5,10.7,1.3,1.0,13.8,16.2,0.2,0.3,0.5,.039,-1.3,-1.8,-3.1,-0.2,
460,363,Jase Richardson,20,ORL,SG,54,0,587,11.5,.574,.420,.245,4.0,8.1,6.0,14.2,1.6,0.3,10.7,16.8,0.5,0.5,1.0,.082,-1.9,-0.7,-2.5,-0.1,
461,364,Tidjane Salaün,20,CHO,PF,37,0,575,12.9,.629,.522,.252,5.2,23.7,14.6,6.6,1.4,1.1,12.8,14.9,0.6,0.8,1.4,.117,-1.2,0.4,-0.8,0.2,
462,365,Ja Morant,26,MEM,PG,20,20,569,16.6,.521,.264,.363,1.5,11.0,6.2,45.1,1.7,1.0,16.0,32.5,0.0,0.3,0.3,.024,0.5,-2.0,-1.5,0.1,
463,366,Domantas Sabonis,29,SAC,C,19,15,564,19.2,.590,.122,.348,12.3,31.0,21.4,21.3,1.5,0.7,16.7,23.0,0.7,0.4,1.1,.095,0.7,-0.2,0.6,0.4,
464,367,Dalton Knecht,24,LAL,SF,54,1,553,10.1,.568,.581,.115,3.1,12.5,8.0,5.3,1.0,1.8,10.3,17.7,0.1,0.4,0.4,.038,-2.1,-1.6,-3.6,-0.2,
465,368,Drew Eubanks,28,SAC,C,42,11,552,13.6,.605,.045,.365,7.7,18.3,12.9,5.0,1.3,4.3,14.2,16.3,0.3,0.3,0.6,.053,-3.0,-0.7,-3.7,-0.2,
466,369,Dalen Terry,23,2TM,SG,48,0,551,11.6,.523,.426,.194,5.1,11.6,8.3,16.0,2.5,2.4,13.4,14.8,0.2,0.6,0.7,.063,-2.4,0.8,-1.7,0.0,
467,369,Dalen Terry,23,CHI,SG,34,0,377,11.6,.539,.451,.167,5.4,12.5,9.0,15.0,2.7,2.5,16.1,14.4,0.1,0.4,0.5,.058,-2.4,1.1,-1.3,0.1,
468,369,Dalen Terry,23,PHI,SG,14,0,174,11.7,.494,.377,.245,4.3,9.5,6.9,18.1,1.9,2.2,7.8,15.5,0.1,0.2,0.3,.074,-2.3,-0.1,-2.4,0.0,
469,370,Tyrese Proctor,21,CLE,PG,50,1,545,12.2,.556,.582,.200,2.2,10.7,6.5,18.6,2.2,0.0,14.0,22.0,0.2,0.5,0.7,.066,-2.3,-0.5,-2.8,-0.1,
470,371,Elijah Harkless,25,UTA,SG,26,9,545,9.1,.471,.547,.398,1.9,8.7,5.3,17.6,2.7,1.1,12.1,16.2,-0.1,0.2,0.1,.005,-4.9,-0.7,-5.6,-0.5,
471,372,Terrence Shannon Jr.,25,MIN,SG,43,2,538,11.1,.597,.444,.409,2.1,7.8,5.0,9.5,1.2,0.2,10.6,17.7,0.6,0.4,1.0,.090,-2.5,-1.1,-3.6,-0.2,
472,373,Keaton Wallace,26,ATL,PG,53,3,536,10.4,.520,.596,.105,0.6,10.9,5.7,22.5,2.1,0.8,13.5,16.1,0.1,0.6,0.7,.066,-3.0,0.3,-2.7,-0.1,
473,374,Moussa Cisse,23,DAL,C,38,1,530,16.0,.564,.000,.704,17.9,25.2,21.6,2.3,1.7,7.2,16.6,14.3,0.4,0.9,1.3,.116,-3.6,0.7,-2.9,-0.1,
474,375,Cole Anthony,25,MIL,PG,35,0,527,10.7,.483,.312,.113,3.5,15.1,9.3,34.8,1.9,2.1,21.1,25.8,-0.9,0.4,-0.5,-0.042,-3.9,-0.9,-4.7,-0.4,
475,376,Jayson Tatum,27,BOS,PF,16,16,522,20.3,.541,.498,.275,1.7,31.3,16.8,25.1,2.1,0.6,10.8,30.0,0.6,1.0,1.6,.148,2.9,1.8,4.8,0.9,
476,377,Jonathan Isaac,28,ORL,PF,52,0,521,11.5,.498,.349,.532,9.1,19.3,14.1,5.6,1.8,5.4,11.8,12.4,0.1,0.8,0.9,.085,-2.9,1.3,-1.6,0.1,
477,378,Jamison Battle,24,TOR,SF,61,2,517,10.6,.635,.586,.097,4.4,15.3,9.8,6.3,0.7,0.6,11.2,14.1,0.4,0.5,0.9,.086,-1.6,-1.0,-2.6,-0.1,
478,379,Asa Newell,20,ATL,PF,44,2,500,14.2,.624,.444,.172,9.4,11.5,10.4,7.2,1.5,2.7,11.2,17.1,0.6,0.6,1.2,.113,-1.0,-0.5,-1.5,0.1,
479,380,Ariel Hukporti,23,NYK,C,54,5,498,11.9,.619,.050,.413,12.5,23.2,17.9,7.3,0.9,5.3,25.3,10.9,0.4,0.8,1.2,.115,-3.7,1.4,-2.3,0.0,
480,381,Trayce Jackson-Davis,25,2TM,C,53,1,496,16.6,.578,.008,.597,14.7,18.1,16.4,11.1,1.7,4.5,12.3,15.3,0.8,0.7,1.4,.138,-0.8,0.4,-0.4,0.2,
481,381,Trayce Jackson-Davis,25,GSW,C,36,1,411,16.0,.601,.010,.510,12.5,18.0,15.2,11.1,1.5,4.3,12.6,14.8,0.7,0.5,1.2,.136,-1.0,0.6,-0.4,0.2,
482,381,Trayce Jackson-Davis,25,TOR,C,17,0,85,19.3,.489,.000,1.000,25.2,18.9,22.0,10.9,2.3,5.7,11.2,18.0,0.1,0.2,0.3,.148,0.1,-0.6,-0.5,0.0,
483,382,D'Angelo Russell,29,DAL,PG,26,3,495,12.3,.511,.483,.259,1.7,11.2,6.5,31.2,1.1,0.3,15.9,26.0,-0.3,0.3,0.0,-0.004,-0.7,-1.6,-2.3,0.0,
484,383,Taelon Peter,23,IND,SG,38,0,492,8.6,.518,.791,.101,2.2,11.1,6.5,11.2,2.5,0.7,14.1,16.6,-0.4,0.4,0.0,-0.001,-4.1,-0.4,-4.6,-0.3,
485,384,Bez Mbeng,22,UTA,SG,15,5,492,10.5,.550,.310,.250,3.9,8.8,6.3,16.2,3.2,1.0,16.5,11.1,0.2,0.2,0.5,.047,-5.0,0.1,-4.9,-0.4,
486,385,Amir Coffey,28,2TM,SG,46,3,490,10.2,.594,.434,.248,4.2,8.8,6.5,7.5,0.9,1.0,6.7,11.9,0.6,0.2,0.8,.083,-2.2,-0.9,-3.1,-0.1,
487,385,Amir Coffey,28,MIL,SG,30,2,265,8.4,.584,.455,.273,2.6,8.5,5.5,5.5,0.6,1.1,6.1,10.9,0.2,0.0,0.3,.048,-3.2,-2.0,-5.2,-0.2,
488,385,Amir Coffey,28,PHO,SG,16,1,225,12.4,.604,.414,.224,6.2,9.2,7.6,9.8,1.3,0.8,7.3,13.0,0.4,0.2,0.6,.125,-0.9,0.4,-0.5,0.1,
489,386,Branden Carlson,26,OKC,C,42,4,488,17.7,.613,.462,.140,6.7,20.3,13.8,8.6,0.8,5.4,7.5,18.9,0.8,1.0,1.7,.171,0.5,0.3,0.8,0.4,
490,387,Jamal Cain,26,ORL,SF,40,1,486,13.0,.624,.480,.303,6.4,11.6,9.0,8.6,1.1,0.7,9.9,16.6,0.8,0.4,1.2,.116,-0.4,-1.0,-1.4,0.1,
491,388,Cam Christie,20,LAC,SG,55,0,480,9.2,.484,.353,.360,4.7,13.9,9.4,8.9,1.7,0.6,12.0,16.9,-0.2,0.4,0.2,.016,-3.5,-1.1,-4.6,-0.3,
492,389,Matisse Thybulle,28,POR,SG,30,0,480,14.5,.600,.694,.187,3.8,9.6,6.7,7.7,6.0,3.0,16.2,14.7,0.2,1.0,1.3,.126,-1.7,6.1,4.4,0.8,
493,390,Jeremy Sochan,22,2TM,PF,44,0,469,12.2,.563,.349,.202,8.7,16.0,12.4,11.2,1.8,1.4,13.0,14.6,0.5,0.7,1.2,.120,-2.3,1.1,-1.2,0.1,
494,390,Jeremy Sochan,22,SAS,PF,28,0,358,9.7,.538,.354,.162,8.0,13.7,11.0,10.1,1.3,1.2,14.5,14.6,0.1,0.5,0.6,.084,-3.5,0.5,-3.0,-0.1,
495,390,Jeremy Sochan,22,NYK,PF,16,0,111,20.2,.640,.333,.333,11.0,23.3,17.1,14.8,3.1,1.8,8.0,14.4,0.3,0.2,0.6,.239,1.7,3.1,4.8,0.2,
496,391,Maxi Kleber,34,LAL,PF,43,1,461,8.1,.509,.356,.356,9.5,11.8,10.7,7.3,1.9,2.2,16.8,9.6,0.2,0.4,0.6,.063,-4.2,0.3,-3.9,-0.2,
497,392,Marcus Sasser,25,DET,PG,38,5,457,11.2,.533,.599,.102,1.7,7.7,4.8,21.9,2.1,0.9,14.4,19.6,0.2,0.6,0.8,.085,-1.6,-0.2,-1.7,0.0,
498,393,AJ Johnson,21,2TM,SG,48,0,454,5.6,.413,.324,.227,3.3,9.7,6.5,14.0,1.1,0.6,13.4,20.6,-1.0,0.1,-0.9,-0.090,-6.4,-2.5,-8.9,-0.8,
499,393,AJ Johnson,21,WAS,SG,25,0,214,4.3,.396,.301,.145,3.9,11.8,7.8,13.9,1.5,0.0,16.9,20.7,-0.6,0.0,-0.6,-0.137,-7.2,-3.3,-10.5,-0.5,
500,393,AJ Johnson,21,DAL,SG,23,0,240,6.7,.427,.344,.301,2.7,7.9,5.3,14.1,0.8,1.1,10.2,20.5,-0.4,0.1,-0.2,-0.049,-5.6,-1.8,-7.4,-0.3,
501,394,Bogdan Bogdanović,33,LAC,SG,23,3,452,8.9,.525,.625,.164,1.6,13.3,7.6,15.9,1.1,0.6,14.2,18.6,-0.1,0.3,0.2,.020,-2.3,-0.8,-3.1,-0.1,
502,395,Tony Bradley,28,2TM,C,41,4,450,12.8,.596,.034,.368,14.2,13.8,14.0,6.9,0.6,1.3,11.7,14.5,0.7,0.2,0.9,.099,-2.5,-1.7,-4.2,-0.3,
503,395,Tony Bradley,28,IND,C,38,3,416,13.0,.604,.019,.406,14.3,13.6,14.0,6.8,0.7,1.4,12.0,14.5,0.7,0.2,0.9,.102,-2.4,-1.6,-4.1,-0.2,
504,395,Tony Bradley,28,ATL,C,3,1,34,10.2,.500,.182,.000,12.6,16.2,14.4,7.8,0.0,0.0,8.3,14.7,0.0,0.0,0.0,.061,-2.9,-3.3,-6.2,0.0,
505,396,Larry Nance Jr.,33,CLE,PF,35,3,449,9.5,.505,.508,.105,7.1,15.6,11.4,9.7,2.2,1.3,13.4,14.0,0.0,0.5,0.6,.060,-3.9,0.5,-3.4,-0.2,
506,397,Oscar Tshiebwe,26,UTA,C,27,6,448,20.2,.633,.000,.338,18.1,25.2,21.6,10.6,1.7,1.1,11.2,17.2,1.1,0.3,1.3,.141,1.0,-2.8,-1.8,0.0,
507,398,Doug McDermott,34,SAC,SF,29,0,439,8.6,.574,.885,.065,1.7,7.9,4.7,6.8,0.7,0.8,8.3,15.1,0.2,-0.1,0.2,.018,-1.4,-3.0,-4.4,-0.3,
508,399,Leaky Black,26,WAS,SF,15,9,433,7.8,.498,.534,.078,3.7,15.2,9.3,6.6,2.0,1.6,11.6,11.6,-0.1,0.1,0.0,.004,-4.2,-1.1,-5.3,-0.4,
509,400,Julian Phillips,22,2TM,SF,48,2,428,9.3,.534,.537,.190,5.8,6.4,6.1,3.1,2.4,1.4,7.7,13.9,0.1,0.3,0.5,.051,-3.3,-0.3,-3.6,-0.2,
510,400,Julian Phillips,22,CHI,SF,35,2,334,9.3,.533,.557,.125,7.1,6.9,7.0,2.7,2.4,1.6,7.0,12.5,0.1,0.2,0.4,.054,-2.9,0.0,-2.9,-0.1,
511,400,Julian Phillips,22,MIN,SF,13,0,94,9.2,.536,.485,.364,1.2,4.6,2.9,4.3,2.5,0.9,9.5,19.0,0.0,0.1,0.1,.041,-4.7,-1.3,-6.0,-0.1,
512,401,Moritz Wagner,28,ORL,C,36,0,427,15.3,.545,.359,.369,7.0,23.2,15.0,9.7,1.7,0.4,7.7,24.3,0.4,0.6,0.9,.104,-1.4,-0.8,-2.2,0.0,
513,402,Yanic Konan Niederhäuser,22,LAC,C,41,0,424,16.4,.691,.050,.620,10.4,21.4,16.0,4.1,0.6,6.7,15.3,15.7,0.8,0.5,1.3,.152,-2.6,0.4,-2.2,0.0,
514,403,Obi Toppin,27,IND,PF,24,3,424,19.7,.636,.528,.231,3.3,24.4,13.6,21.2,1.3,0.2,11.3,24.8,0.7,0.3,1.1,.124,3.4,-0.4,3.0,0.5,
515,404,Khaman Maluach,19,PHO,C,46,1,411,14.0,.586,.200,.295,12.8,23.5,18.0,2.0,0.6,7.7,17.4,14.8,0.2,0.6,0.8,.099,-3.7,0.0,-3.7,-0.2,
516,405,Myron Gardner,24,MIA,SF,45,7,411,15.2,.606,.520,.211,9.8,21.1,15.4,14.0,2.3,1.7,11.2,15.0,0.8,0.6,1.4,.163,-1.1,1.9,0.9,0.3,
517,406,Andre Jackson Jr.,24,MIL,SG,48,1,408,6.8,.425,.504,.269,7.0,12.9,10.0,14.0,2.3,1.0,18.9,17.8,-0.7,0.3,-0.4,-0.047,-5.7,-1.4,-7.1,-0.5,
518,407,Killian Hayes,24,SAC,PG,23,3,406,8.8,.422,.457,.203,1.1,14.2,7.4,26.3,2.5,0.9,15.7,18.7,-0.5,0.2,-0.3,-0.031,-5.1,-0.9,-6.0,-0.4,
519,408,Jae'Sean Tate,30,HOU,SF,46,1,405,10.7,.567,.294,.101,9.2,10.8,10.0,8.3,1.2,0.7,12.3,13.5,0.4,0.4,0.8,.095,-3.2,-0.7,-3.9,-0.2,
520,409,Julian Reese,22,WAS,PF,13,10,402,14.4,.557,.000,.370,14.4,22.3,18.3,8.4,2.1,1.7,18.8,17.7,0.1,0.3,0.3,.041,-2.9,-2.2,-5.1,-0.3,
521,410,Dejounte Murray,29,NOP,PG,14,14,389,18.1,.580,.341,.247,1.1,19.9,10.4,35.4,2.8,0.7,18.9,26.6,0.2,0.4,0.6,.072,0.8,0.5,1.4,0.3,
522,411,Trae Young,27,2TM,PG,15,15,384,21.1,.612,.452,.548,1.1,7.4,4.2,45.8,1.6,0.5,15.1,28.1,1.2,0.2,1.4,.174,4.2,-1.4,2.8,0.5,
523,411,Trae Young,27,ATL,PG,10,10,280,19.8,.577,.437,.541,0.0,5.9,2.9,45.1,1.7,0.3,13.5,28.8,0.7,0.2,1.0,.163,3.5,-1.7,1.8,0.3,
524,411,Trae Young,27,WAS,PG,5,5,104,24.5,.723,.500,.571,4.1,11.6,7.7,47.5,1.4,0.8,19.8,26.3,0.4,0.0,0.4,.202,6.3,-0.7,5.6,0.2,
525,412,Tyson Etienne,26,BRK,PG,24,2,380,11.9,.588,.745,.248,1.4,7.1,4.1,16.9,1.4,0.0,9.0,20.3,0.4,0.1,0.5,.069,-0.8,-2.0,-2.8,-0.1,
526,413,Bronny James,21,LAL,SG,42,1,375,9.0,.517,.496,.061,1.6,5.4,3.6,18.1,2.5,1.0,17.5,16.7,-0.2,0.3,0.1,.018,-3.4,-0.9,-4.3,-0.2,
527,414,Nick Smith Jr.,21,LAL,SG,30,1,375,10.2,.552,.534,.093,1.0,6.0,3.6,12.0,1.2,0.5,11.1,22.0,-0.1,0.2,0.1,.013,-2.1,-2.6,-4.7,-0.3,
528,415,Cameron Payne,31,PHI,PG,22,1,374,14.4,.514,.651,.148,0.9,12.1,6.4,21.8,3.1,1.8,6.5,19.2,0.4,0.5,0.8,.106,-0.7,1.0,0.3,0.2,
529,416,Liam McNeeley,20,CHO,SF,31,0,368,10.6,.588,.632,.411,4.1,18.1,11.2,8.7,0.7,0.8,10.4,14.4,0.5,0.4,0.9,.112,-1.3,0.0,-1.3,0.1,
530,417,Blake Wesley,22,POR,SG,31,0,361,10.8,.511,.290,.379,2.4,9.4,5.9,24.8,2.1,1.2,17.6,19.8,-0.1,0.4,0.3,.038,-3.7,0.1,-3.6,-0.1,
531,418,Jeremiah Robinson-Earl,25,2TM,PF,22,3,361,9.3,.468,.410,.180,10.6,20.4,15.5,5.6,1.2,0.2,10.0,14.1,0.0,0.3,0.2,.030,-3.5,-1.7,-5.2,-0.3,
532,418,Jeremiah Robinson-Earl,25,IND,PF,17,3,300,8.6,.443,.398,.169,11.4,20.8,16.0,5.3,1.1,0.3,10.1,14.0,-0.1,0.2,0.1,.016,-3.6,-1.9,-5.4,-0.3,
533,418,Jeremiah Robinson-Earl,25,DAL,PF,5,0,61,12.9,.586,.471,.235,7.0,18.9,13.0,6.7,1.5,0.0,9.6,14.2,0.1,0.1,0.1,.097,-3.0,-1.1,-4.1,0.0,
534,419,Kelly Olynyk,34,SAS,C,42,0,360,13.5,.590,.490,.396,7.4,15.1,11.3,17.6,2.0,0.7,17.6,16.0,0.4,0.6,1.0,.130,-1.3,1.3,-0.1,0.2,
535,420,Malachi Smith,26,BRK,SG,15,4,359,13.7,.605,.465,.081,3.7,13.4,8.3,21.2,1.7,1.0,12.0,14.2,0.5,0.2,0.7,.094,-0.1,-0.8,-0.8,0.1,
536,421,Christian Koloko,25,3TM,C,27,4,357,8.8,.453,.122,.203,9.3,15.4,12.3,6.4,1.9,5.9,16.6,11.3,-0.2,0.4,0.3,.038,-5.9,1.2,-4.7,-0.2,
537,421,Christian Koloko,25,LAL,C,2,0,6,-0.3,,,,0.0,18.9,9.8,0.0,0.0,0.0,,0.0,0.0,0.0,0.0,.026,-6.7,-1.6,-8.4,0.0,
538,421,Christian Koloko,25,MEM,C,11,2,195,9.0,.394,.029,.114,10.4,14.1,12.2,6.5,2.4,6.1,16.0,9.3,-0.1,0.2,0.1,.029,-4.8,1.7,-3.1,-0.1,
539,421,Christian Koloko,25,ATL,C,14,2,156,8.8,.502,.205,.282,8.2,17.0,12.5,6.4,1.2,5.8,17.0,14.1,-0.1,0.2,0.2,.050,-7.2,0.7,-6.6,-0.2,
540,422,Kennedy Chandler,23,UTA,PG,11,2,355,13.0,.529,.277,.314,1.8,9.7,5.6,29.4,1.5,0.5,12.9,20.7,0.2,0.0,0.2,.029,-2.5,-3.1,-5.7,-0.3,
541,423,Cam Whitmore,21,WAS,SF,21,0,354,13.7,.528,.331,.183,5.7,12.0,8.8,6.5,2.0,2.0,9.0,23.7,-0.1,0.1,0.0,-0.002,-1.1,-2.1,-3.3,-0.1,
542,424,E.J. Liddell,25,BRK,PF,26,5,349,12.6,.600,.468,.234,4.4,19.4,11.5,11.0,0.9,2.7,10.9,17.2,0.3,0.2,0.5,.074,-2.2,-1.2,-3.3,-0.1,
543,425,Brooks Barnhizer,23,OKC,SG,40,0,348,7.9,.451,.338,.141,6.2,17.7,12.2,7.8,1.5,1.4,11.7,10.6,-0.1,0.6,0.6,.082,-4.1,1.0,-3.1,-0.1,
544,426,Chaney Johnson,23,BRK,SF,17,1,348,16.0,.635,.319,.372,10.4,16.3,13.2,16.4,2.1,2.4,15.5,16.2,0.6,0.3,0.9,.128,-0.3,0.4,0.1,0.2,
545,427,Isaiah Livers,27,PHO,PF,36,0,347,7.6,.469,.625,.188,5.9,13.9,9.8,7.7,1.9,2.2,14.8,9.9,0.0,0.4,0.4,.057,-3.7,1.2,-2.5,0.0,
546,428,Lachlan Olbrich,22,CHI,C,37,2,344,12.0,.470,.247,.519,14.1,20.4,17.3,15.8,1.6,2.0,14.5,13.4,0.2,0.3,0.5,.075,-3.3,-0.2,-3.4,-0.1,
547,429,Ty Jerome,28,MEM,SG,15,15,339,25.6,.616,.465,.260,3.5,10.1,6.7,44.9,2.2,1.1,10.1,32.7,1.1,0.2,1.3,.191,8.2,-0.6,7.7,0.8,
548,430,Ron Harper Jr.,25,BOS,SF,29,3,318,13.1,.550,.727,.036,5.3,11.2,8.3,9.5,1.6,2.9,6.7,16.4,0.4,0.4,0.8,.119,0.2,0.9,1.1,0.3,
549,431,Joan Beringer,19,MIN,PF,40,3,314,21.3,.683,.000,.378,16.1,16.1,16.1,5.6,1.1,7.2,8.8,16.8,1.0,0.5,1.5,.222,0.2,0.2,0.4,0.2,
550,432,Jalen Slawson,26,IND,SF,13,6,311,12.6,.562,.519,.221,2.4,17.9,10.0,15.7,3.1,3.8,16.8,13.9,0.0,0.4,0.5,.070,-2.2,1.8,-0.4,0.1,
551,433,Kevon Looney,29,NOP,C,21,8,308,13.6,.458,.217,.167,16.6,24.8,20.6,14.0,1.4,3.1,12.3,9.9,0.4,0.3,0.7,.109,-1.2,-0.6,-1.8,0.0,
552,434,Tyler Burton,25,MEM,SF,12,0,307,9.5,.521,.589,.241,2.8,15.1,8.8,5.4,1.7,1.2,8.2,18.3,-0.1,0.2,0.1,.023,-3.4,-1.9,-5.3,-0.3,
553,435,Yang Hansen,20,POR,C,43,1,300,3.7,.413,.420,.340,7.1,16.8,11.9,9.8,0.5,3.0,21.8,19.9,-0.8,0.3,-0.5,-0.075,-8.9,-0.6,-9.5,-0.6,
554,436,Pat Connaughton,33,CHO,SG,42,0,297,12.9,.586,.612,.235,5.8,17.2,11.6,8.4,1.8,0.3,10.5,14.9,0.3,0.4,0.7,.113,-0.2,0.3,0.1,0.2,
555,437,LJ Cryer,24,GSW,PG,18,1,292,9.9,.590,.803,.162,1.5,9.3,5.3,9.0,0.5,0.0,10.0,20.3,0.2,0.1,0.3,.045,-1.8,-2.9,-4.7,-0.2,
556,438,Max Strus,29,CLE,SF,12,5,288,12.8,.609,.774,.085,3.5,21.3,12.4,11.3,0.5,0.0,7.6,17.4,0.4,0.2,0.7,.116,0.1,-1.3,-1.2,0.1,
557,439,Lindy Waters III,28,SAS,SG,40,0,285,7.5,.532,.898,.034,1.2,9.5,5.5,8.5,1.0,0.3,7.3,14.2,0.1,0.3,0.4,.063,-2.9,-0.3,-3.2,-0.1,
558,440,Blake Hinson,26,UTA,SF,14,3,285,16.5,.684,.687,.139,4.1,8.6,6.3,8.3,0.8,0.7,3.9,18.3,0.7,0.0,0.7,.112,2.5,-3.0,-0.6,0.1,
559,441,Zach Edey,23,MEM,C,11,11,284,20.7,.669,.051,.327,16.1,30.6,23.3,6.6,1.2,6.8,18.8,20.2,0.4,0.4,0.8,.134,-0.6,1.1,0.5,0.2,
560,442,Jordan McLaughlin,29,SAS,PG,44,0,282,12.0,.542,.506,.089,2.7,9.3,6.1,17.2,3.4,0.6,15.5,14.5,0.1,0.5,0.6,.100,-1.9,2.5,0.6,0.2,
561,443,Keshad Johnson,24,MIA,SF,32,0,280,15.2,.582,.423,.279,9.6,13.4,11.5,3.9,2.5,2.5,10.0,18.9,0.3,0.4,0.6,.110,-1.3,0.0,-1.3,0.1,
562,444,Malevy Leons,26,GSW,SF,25,2,276,12.2,.516,.222,.264,11.9,9.5,10.7,11.4,2.5,3.0,13.9,14.4,0.2,0.3,0.5,.087,-3.0,0.2,-2.8,-0.1,
563,445,Malaki Branham,22,WAS,SG,28,0,275,14.0,.604,.407,.374,4.6,12.7,8.6,11.8,1.7,1.0,12.4,18.4,0.3,0.0,0.4,.064,-0.8,-1.5,-2.2,0.0,
564,446,Cormac Ryan,27,MIL,SG,11,2,271,16.9,.692,.578,.255,3.4,8.3,5.8,10.8,2.0,1.1,13.0,21.3,0.5,0.1,0.6,.114,1.0,-1.8,-0.8,0.1,
565,447,Chaz Lanier,24,DET,SG,34,0,262,6.6,.436,.753,.067,3.5,6.3,4.9,8.2,1.3,0.0,3.2,15.0,0.0,0.3,0.3,.046,-3.8,-1.3,-5.1,-0.2,
566,448,Duop Reath,29,POR,C,32,0,258,10.6,.613,.743,.081,4.1,11.9,8.0,5.4,0.9,2.8,8.4,13.2,0.3,0.2,0.6,.103,-0.9,0.0,-0.9,0.1,
567,449,KJ Simpson,23,2TM,PG,20,2,257,8.1,.426,.404,.182,4.1,12.0,8.1,23.0,3.1,0.0,19.0,21.8,-0.5,0.3,-0.1,-0.023,-5.4,0.4,-5.1,-0.2,
568,449,KJ Simpson,23,CHO,PG,14,2,223,7.8,.437,.438,.180,2.6,11.9,7.3,22.1,3.3,0.0,20.0,22.8,-0.5,0.3,-0.2,-0.033,-5.6,0.3,-5.3,-0.2,
569,449,KJ Simpson,23,DEN,PG,6,0,34,10.1,.322,.100,.200,13.8,12.6,13.2,29.1,1.4,0.0,8.4,15.2,0.0,0.0,0.0,.048,-4.1,0.7,-3.4,0.0,
570,450,John Poulakidas,22,DAL,SG,13,0,253,12.0,.611,.846,.077,1.7,10.8,6.3,6.1,1.3,1.3,4.1,16.2,0.3,0.2,0.5,.095,-1.0,-1.2,-2.2,0.0,
571,451,Jonathan Mogbo,24,TOR,PF,40,0,249,12.8,.608,.023,.318,8.6,22.5,15.5,12.9,2.2,3.1,21.8,11.1,0.2,0.4,0.6,.120,-2.6,1.9,-0.7,0.1,
572,452,Adama-Alpha Bal,22,MEM,SG,8,1,241,9.6,.573,.647,.147,2.6,8.7,5.6,10.6,1.8,0.4,7.7,13.5,0.2,0.1,0.3,.065,-3.6,-1.8,-5.4,-0.2,
573,453,Nate Williams,26,GSW,SG,14,2,239,11.3,.592,.341,.170,9.2,4.8,7.0,8.8,1.0,0.0,13.7,19.5,0.2,0.1,0.3,.052,-2.1,-2.9,-5.0,-0.2,
574,454,Drew Timme,25,LAL,PF,27,1,235,12.6,.658,.379,.136,5.2,11.1,8.2,13.7,1.2,0.0,15.7,15.4,0.3,0.1,0.4,.092,-0.8,-1.4,-2.2,0.0,
575,455,DeJon Jarreau,28,MEM,SG,11,0,231,9.7,.473,.361,.277,5.5,18.6,12.0,21.8,2.1,3.2,21.8,21.4,-0.4,0.2,-0.2,-0.035,-4.9,-0.3,-5.2,-0.2,
576,456,Chris Paul,40,LAC,PG,16,0,228,8.1,.413,.536,.036,3.1,10.9,7.1,30.6,2.4,0.0,22.0,14.2,-0.1,0.2,0.1,.017,-4.0,-0.2,-4.2,-0.1,
577,457,A.J. Lawson,25,TOR,SG,24,0,226,13.4,.588,.577,.231,4.5,17.2,10.8,4.2,2.6,1.7,6.5,17.5,0.2,0.4,0.6,.121,-1.3,0.4,-1.0,0.1,
578,458,Lucas Williamson,27,MEM,SG,7,2,224,8.0,.465,.707,.107,5.2,13.3,9.2,10.8,2.3,0.4,11.3,16.4,-0.1,0.2,0.0,.005,-5.4,-2.1,-7.6,-0.3,
579,459,JD Davison,23,HOU,PG,28,0,218,11.4,.477,.500,.297,1.5,15.5,8.6,20.7,1.4,2.5,8.8,15.3,0.2,0.3,0.5,.102,-2.4,1.3,-1.1,0.0,
580,460,Toby Okani,24,MEM,SG,6,4,217,4.1,.408,.443,.114,4.4,6.1,5.2,3.7,0.9,1.3,3.9,14.7,-0.3,0.0,-0.2,-0.052,-6.8,-3.9,-10.7,-0.5,
581,461,PJ Hall,23,2TM,C,19,2,214,15.9,.599,.085,.492,17.6,21.7,19.7,6.6,0.7,4.3,18.2,17.3,0.3,0.3,0.6,.125,-1.6,-0.7,-2.3,0.0,
582,461,PJ Hall,23,MEM,C,7,0,27,18.9,.630,.333,.333,11.8,24.5,18.0,11.0,0.0,6.8,8.8,17.4,0.1,0.0,0.1,.151,1.7,0.1,1.8,0.0,
583,461,PJ Hall,23,CHO,C,12,2,187,15.4,.594,.040,.520,18.5,21.3,19.9,6.0,0.8,3.9,19.6,17.3,0.2,0.3,0.5,.121,-2.1,-0.8,-2.9,0.0,
584,462,Scotty Pippen Jr.,25,MEM,PG,10,6,212,14.7,.537,.333,.240,4.0,7.3,5.6,33.8,4.2,1.7,20.3,26.1,-0.1,0.2,0.1,.025,-2.5,-0.3,-2.8,0.0,
585,463,DaRon Holmes,23,DEN,PF,25,6,210,13.4,.692,.738,.230,4.5,13.8,9.3,10.2,0.2,2.7,15.2,16.4,0.3,0.1,0.4,.103,0.7,-1.2,-0.5,0.1,
586,464,Yuki Kawamura,24,CHI,PG,18,0,209,11.4,.514,.712,.365,3.6,13.0,8.4,28.2,2.0,0.0,18.8,14.8,0.2,0.1,0.3,.069,-2.7,-1.0,-3.7,-0.1,
587,465,RayJ Dennis,24,3TM,PG,17,0,206,6.2,.425,.542,.108,4.1,9.7,6.9,21.9,0.9,1.7,16.4,21.4,-0.4,0.1,-0.3,-0.072,-4.7,-1.3,-6.0,-0.2,
588,465,RayJ Dennis,24,IND,PG,13,0,168,6.4,.421,.528,.125,5.1,8.6,6.8,21.6,0.8,2.0,15.6,22.7,-0.4,0.1,-0.3,-0.085,-4.0,-1.3,-5.2,-0.1,
589,465,RayJ Dennis,24,LAC,PG,1,0,4,-6.0,,,,0.0,56.7,29.1,0.0,0.0,0.0,100.0,11.1,0.0,0.0,0.0,-0.272,-15.3,-0.2,-15.5,0.0,
590,465,RayJ Dennis,24,ATL,PG,3,0,34,6.5,.455,.636,.000,0.0,9.7,4.8,26.2,1.4,0.0,15.4,15.9,0.0,0.0,0.0,.017,-6.9,-1.6,-8.5,-0.1,
591,466,DeAndre Jordan,37,NOP,C,12,7,199,15.7,.671,.000,.531,13.9,27.4,20.6,7.2,1.0,4.7,18.6,10.1,0.3,0.2,0.6,.134,-0.4,0.2,-0.2,0.1,
592,467,Garrison Mathews,29,IND,SG,15,1,196,11.2,.628,.885,.442,1.1,8.5,4.7,6.9,1.5,1.3,4.6,14.1,0.3,0.1,0.4,.097,-1.3,0.0,-1.3,0.0,
593,468,MarJon Beauchamp,25,PHI,SF,14,1,196,13.4,.563,.618,.250,3.8,14.1,8.9,11.1,2.2,1.9,13.4,21.0,0.0,0.2,0.2,.060,-0.6,-1.0,-1.6,0.0,
594,469,Nigel Hayes-Davis,31,PHO,SF,27,0,195,4.2,.356,.348,.087,6.6,12.4,9.4,4.6,2.0,1.0,14.3,12.1,-0.3,0.2,-0.1,-0.023,-6.4,-0.8,-7.3,-0.3,
595,470,Chris Youngblood,23,2TM,SG,34,0,185,10.4,.527,.857,.159,4.3,11.8,8.2,8.5,1.0,1.6,2.9,16.2,0.2,0.3,0.5,.117,-2.2,-0.1,-2.3,0.0,
596,470,Chris Youngblood,23,OKC,SG,32,0,174,10.0,.505,.850,.167,4.5,12.6,8.7,8.2,1.1,1.7,3.0,16.5,0.1,0.3,0.4,.109,-2.6,-0.3,-2.8,0.0,
597,470,Chris Youngblood,23,POR,SG,2,0,11,17.0,1.000,1.000,.000,0.0,0.0,0.0,13.6,0.0,0.0,0.0,11.1,0.1,0.0,0.1,.243,4.0,1.6,5.6,0.0,
598,471,Zach Collins,28,CHI,C,10,0,184,17.9,.666,.328,.313,9.4,22.8,16.2,12.0,0.5,1.9,12.1,18.8,0.4,0.1,0.5,.137,1.0,-0.7,0.2,0.1,
599,472,Dariq Whitehead,21,MEM,SF,6,2,183,8.7,.510,.645,.075,1.2,13.2,7.1,7.5,1.0,0.0,9.4,24.1,-0.2,0.1,-0.2,-0.047,-3.6,-4.4,-8.0,-0.3,
600,473,Xavier Tillman Sr.,27,2TM,C,30,1,183,11.0,.461,.391,.087,11.8,14.3,13.1,9.3,2.5,2.6,14.3,13.1,0.0,0.3,0.3,.077,-2.8,1.0,-1.8,0.0,
601,473,Xavier Tillman Sr.,27,BOS,C,14,1,111,11.2,.500,.484,.000,10.1,14.5,12.4,6.0,2.7,1.8,13.9,14.1,0.0,0.2,0.2,.081,-2.2,1.0,-1.2,0.0,
602,473,Xavier Tillman Sr.,27,CHO,C,16,0,72,10.8,.388,.200,.267,14.4,13.9,14.1,14.5,2.1,3.8,15.2,11.6,0.0,0.1,0.1,.072,-3.8,1.0,-2.8,0.0,
603,474,Tre Scott,29,BRK,PF,6,4,182,9.4,.456,.380,.120,6.1,14.2,9.9,8.2,2.2,2.6,7.1,13.6,-0.1,0.1,0.1,.025,-4.2,-1.1,-5.3,-0.2,
604,475,Jeff Green,39,HOU,PF,30,0,175,8.5,.477,.647,.074,4.5,11.2,7.9,6.2,0.6,1.1,5.4,17.8,0.1,0.1,0.2,.054,-3.4,-2.2,-5.6,-0.2,
605,476,Mason Plumlee,35,2TM,C,20,3,172,13.0,.769,.000,1.000,11.2,23.0,17.2,14.7,2.8,0.0,37.3,7.9,0.2,0.3,0.5,.146,-2.0,2.6,0.5,0.1,
606,476,Mason Plumlee,35,CHO,C,14,2,125,13.5,.752,.000,1.000,9.2,26.6,18.1,16.5,2.4,0.0,34.2,8.9,0.2,0.2,0.4,.142,-1.5,2.7,1.1,0.1,
607,476,Mason Plumlee,35,SAS,C,6,1,47,11.6,.868,.000,1.000,16.5,13.3,14.9,9.9,4.1,0.0,51.0,5.3,0.1,0.1,0.2,.156,-3.4,2.2,-1.2,0.0,
608,477,Andersson Garcia,25,UTA,SF,5,2,169,8.3,.394,.448,.310,10.6,16.4,13.4,10.0,2.2,2.3,17.5,9.7,0.0,0.1,0.1,.014,-5.2,-0.5,-5.7,-0.2,
609,478,Tyler Smith,21,DAL,PF,12,0,166,9.6,.532,.700,.120,7.7,13.3,10.5,4.1,1.7,0.0,10.2,14.8,0.0,0.1,0.1,.043,-3.3,-1.6,-4.8,-0.1,
610,479,Hunter Tyson,25,DEN,PF,21,2,162,6.4,.398,.635,.250,2.9,21.1,12.4,13.0,0.6,0.6,8.0,16.8,-0.2,0.1,0.0,-0.013,-5.2,-1.6,-6.8,-0.2,
611,480,Nikola Topić,20,OKC,PG,10,2,160,8.1,.489,.294,.098,4.9,7.8,6.4,36.5,1.5,0.0,32.0,21.2,-0.3,0.2,0.0,-0.014,-5.3,-3.2,-8.4,-0.3,
612,481,Kevin McCullar Jr.,24,NYK,SF,21,0,155,9.9,.508,.511,.106,7.9,12.3,10.1,17.0,2.9,0.0,19.6,16.9,0.0,0.2,0.2,.059,-3.7,1.0,-2.8,0.0,
613,482,Walker Kessler,24,UTA,C,5,5,154,20.6,.786,.216,.541,15.7,22.3,18.9,13.7,2.1,5.6,25.9,16.5,0.3,0.1,0.5,.148,1.6,1.7,3.3,0.2,
614,483,Joe Ingles,38,MIN,SF,27,2,153,13.0,.735,.593,.074,0.0,13.4,6.8,28.5,2.8,1.1,33.4,11.5,0.2,0.2,0.4,.120,-1.2,1.4,0.2,0.1,
615,484,Charles Bassey,25,4TM,C,13,0,153,22.7,.681,.000,.426,16.4,25.0,20.6,6.8,1.3,6.7,9.7,17.2,0.4,0.2,0.7,.211,1.4,0.5,1.9,0.2,
616,484,Charles Bassey,25,MEM,C,2,0,31,12.6,.376,.000,.375,24.0,28.4,26.2,8.5,1.5,3.0,9.7,13.8,0.0,0.0,0.0,.067,-3.1,-1.4,-4.4,0.0,
617,484,Charles Bassey,25,PHI,C,1,0,5,21.3,1.000,.000,.000,0.0,0.0,0.0,0.0,0.0,18.8,0.0,8.4,0.0,0.0,0.0,.193,2.8,4.2,7.0,0.0,
618,484,Charles Bassey,25,BOS,C,5,0,17,38.5,.799,.000,.571,26.4,12.7,19.4,0.0,3.0,11.9,10.2,24.9,0.1,0.0,0.1,.349,7.1,3.3,10.3,0.1,
619,484,Charles Bassey,25,GSW,C,5,0,100,23.2,.722,.000,.419,13.1,27.3,20.1,7.8,1.0,6.5,9.8,17.3,0.3,0.2,0.5,.233,1.8,0.4,2.2,0.1,
620,485,Adou Thiero,21,LAL,SF,25,0,149,10.7,.578,.097,.710,7.3,14.4,11.0,8.7,2.3,1.2,18.1,14.6,0.1,0.2,0.2,.071,-4.2,-0.2,-4.4,-0.1,
621,486,Thanasis Antetokounmpo,33,MIL,SF,34,0,148,14.0,.520,.125,.938,9.2,13.7,11.5,13.6,4.3,4.0,18.1,16.5,0.0,0.2,0.2,.076,-3.5,1.8,-1.7,0.0,
622,487,Alijah Martin,24,TOR,SG,23,0,146,9.2,.437,.420,.380,6.9,9.4,8.2,10.6,2.7,2.6,12.1,19.5,-0.2,0.2,0.0,.015,-4.6,0.2,-4.3,-0.1,
623,488,Amari Williams,24,BOS,PF,22,2,146,9.7,.573,.000,.700,6.9,22.8,15.1,8.5,1.0,6.9,29.6,11.1,0.0,0.3,0.2,.077,-5.0,2.9,-2.1,0.0,
624,489,Bismack Biyombo,33,SAS,C,25,1,141,4.5,.636,.000,.467,3.9,15.6,9.9,4.2,1.4,1.3,30.7,7.8,0.0,0.2,0.2,.057,-7.2,1.4,-5.8,-0.1,
625,490,Tolu Smith,25,DET,PF,15,0,137,16.9,.569,.000,.833,18.3,21.8,20.1,12.4,0.7,4.4,12.5,17.1,0.3,0.2,0.5,.185,-0.9,0.9,0.0,0.1,
626,491,Pacôme Dadiet,20,NYK,SG,29,0,136,9.6,.454,.667,.229,3.3,19.0,11.1,11.5,1.1,0.8,5.4,17.6,0.0,0.2,0.2,.062,-3.0,-0.2,-3.3,0.0,
627,492,Mac McClung,27,2TM,SG,11,0,135,10.4,.501,.508,.305,1.6,6.4,4.0,10.4,3.8,1.9,11.9,23.6,-0.2,0.1,0.0,-0.007,-5.6,0.5,-5.1,-0.1,
628,492,Mac McClung,27,IND,SG,3,0,34,12.8,.481,.556,.222,0.0,13.1,6.4,4.6,7.0,2.5,9.2,27.2,-0.1,0.1,0.0,-0.016,-5.6,6.1,0.5,0.0,
629,492,Mac McClung,27,CHI,SG,8,0,101,9.6,.509,.488,.341,2.1,4.2,3.2,12.4,2.8,1.7,12.9,22.4,-0.1,0.1,0.0,-0.005,-5.6,-1.3,-6.9,-0.1,
630,493,Miles Kelly,23,DAL,PG,14,0,134,8.2,.484,.750,.023,4.0,14.9,9.5,12.0,1.4,0.6,11.9,15.8,-0.1,0.1,0.0,.013,-4.6,-0.5,-5.1,-0.1,
631,494,Seth Curry,35,GSW,SG,10,0,133,16.0,.654,.510,.245,3.3,6.8,5.0,11.3,1.1,0.0,3.6,18.0,0.4,0.1,0.4,.152,1.6,-1.3,0.2,0.1,
632,495,Bradley Beal,32,LAC,SG,6,6,121,5.1,.476,.396,.167,2.0,2.8,2.4,12.0,1.2,0.0,14.9,22.2,-0.2,0.0,-0.2,-0.070,-6.7,-3.9,-10.6,-0.3,
633,496,Kobe Bufkin,22,LAL,SG,16,1,119,6.2,.416,.520,.240,1.0,11.4,6.4,11.2,0.8,2.3,8.3,22.1,-0.2,0.1,-0.1,-0.056,-6.2,-3.2,-9.4,-0.2,
634,497,Kyle Lowry,39,PHI,PG,14,0,118,1.4,.308,1.000,.240,0.0,8.4,4.2,11.3,0.8,1.6,12.6,11.3,-0.2,0.1,-0.2,-0.062,-8.2,-2.2,-10.4,-0.3,
635,498,Dereck Lively II,21,DAL,C,7,4,115,15.0,.670,.000,.556,13.0,21.0,17.0,14.7,1.6,8.1,30.9,11.8,0.1,0.2,0.3,.127,-3.0,3.6,0.6,0.1,
636,499,Trey Alexander,22,NOP,SG,9,0,111,13.2,.599,.324,.135,1.0,9.8,5.3,11.6,2.6,1.7,7.1,15.8,0.1,0.1,0.2,.090,-1.5,-0.1,-1.6,0.0,
637,500,Omer Yurtseven,27,GSW,C,9,0,104,9.1,.501,.154,.692,13.7,18.6,16.1,10.4,0.9,0.9,21.0,17.5,0.0,0.1,0.1,.024,-5.6,-2.0,-7.6,-0.1,
638,501,Luke Travers,24,CLE,SG,12,0,103,10.2,.350,.444,.250,9.7,16.0,12.8,10.8,3.3,3.7,7.0,17.5,-0.1,0.2,0.1,.024,-4.2,1.0,-3.2,0.0,
639,502,Patrick Baldwin Jr.,23,3TM,SF,9,1,102,11.8,.549,.519,.259,12.8,12.3,12.6,6.4,1.4,4.5,14.3,14.7,0.0,0.1,0.1,.050,-2.9,-1.5,-4.4,-0.1,
640,502,Patrick Baldwin Jr.,23,LAC,SF,2,0,12,23.6,1.025,.750,.500,0.0,9.4,4.8,0.0,0.0,0.0,17.0,21.7,0.1,0.0,0.1,.214,5.2,-0.4,4.8,0.0,
641,502,Patrick Baldwin Jr.,23,PHI,SF,1,0,2,6.3,,,,0.0,55.2,27.3,0.0,0.0,0.0,,0.0,0.0,0.0,0.0,.085,-5.0,-3.1,-8.1,0.0,
642,502,Patrick Baldwin Jr.,23,SAC,SF,6,1,88,10.3,.456,.478,.217,14.8,11.8,13.3,7.4,1.6,5.2,13.7,14.1,0.0,0.1,0.0,.027,-4.0,-1.6,-5.6,-0.1,
643,503,Alondes Williams,26,WAS,SG,4,0,101,19.1,.745,.538,.308,5.2,21.7,13.3,16.8,1.4,2.6,14.5,14.3,0.3,0.0,0.3,.155,1.5,-0.5,1.1,0.1,
644,504,Taj Gibson,40,MEM,C,10,1,97,13.6,.576,.231,.308,12.1,18.2,15.1,8.4,1.0,0.9,3.3,13.1,0.2,0.1,0.3,.134,-1.4,-2.1,-3.5,0.0,
645,505,Javonte Cooke,26,POR,SG,19,0,94,-0.1,.275,.561,.049,4.5,17.5,11.0,9.9,3.0,0.0,17.7,22.0,-0.5,0.1,-0.3,-0.175,-10.5,-1.1,-11.7,-0.2,
646,506,Chris Boucher,33,BOS,PF,9,0,94,7.7,.392,.600,.160,2.4,18.3,10.5,4.0,2.7,7.5,3.6,12.8,-0.1,0.2,0.1,.064,-5.9,2.7,-3.1,0.0,
647,507,Isaiah Crawford,24,HOU,SF,14,0,92,9.8,.526,.542,.250,3.7,15.4,9.6,7.0,1.1,3.0,13.1,14.0,0.0,0.1,0.1,.069,-3.0,0.1,-3.0,0.0,
648,508,Haywood Highsmith,29,PHO,SF,7,0,91,17.6,.729,.609,.304,7.1,8.8,7.9,10.7,2.2,0.0,0.0,12.2,0.4,0.1,0.5,.238,2.7,1.2,3.8,0.1,
649,509,Johnny Juzang,24,MIN,SG,21,0,88,12.1,.518,.632,.211,6.4,14.7,10.6,9.7,1.1,1.0,10.7,22.3,0.0,0.1,0.1,.038,-1.6,-1.7,-3.3,0.0,
650,510,TyTy Washington Jr.,24,LAC,PG,16,0,88,13.4,.553,.421,.000,1.4,6.4,4.0,26.2,3.4,3.2,13.6,11.1,0.1,0.1,0.2,.121,-0.8,2.6,1.9,0.1,
651,511,Curtis Jones,24,DEN,SG,10,0,88,10.8,.520,.667,.074,2.7,10.9,7.0,14.7,2.2,0.0,6.7,14.7,0.1,0.1,0.1,.072,-3.0,-0.5,-3.5,0.0,
652,512,Tristan Enaruna,24,CLE,SF,9,0,85,16.2,.587,.357,.286,9.1,9.0,9.1,11.2,2.8,0.0,8.7,17.1,0.2,0.1,0.2,.137,-0.5,-0.4,-1.0,0.0,
653,513,Koby Brea,23,PHO,SG,12,0,84,13.6,.610,.833,.056,1.3,9.6,5.3,17.7,0.6,0.0,9.8,20.7,0.2,0.1,0.2,.117,1.7,-1.4,0.2,0.0,
654,514,Trey Jemison,26,NYK,C,13,0,82,4.3,.623,.000,.100,10.9,13.7,12.3,7.5,0.6,2.5,48.9,10.7,-0.1,0.1,0.0,-0.018,-8.3,-0.3,-8.6,-0.1,
655,515,Josh Oduro,25,NOP,PF,3,1,82,11.8,.636,.118,.353,14.3,15.9,15.1,6.6,0.0,0.0,9.2,11.0,0.2,0.0,0.2,.109,-3.5,-4.3,-7.7,-0.1,
656,516,Caleb Houstan,23,ATL,SF,18,0,75,16.4,.769,.808,.115,7.1,8.8,8.0,7.4,1.3,1.2,12.8,17.4,0.2,0.1,0.2,.160,1.6,-1.2,0.3,0.0,
657,517,Eric Gordon,37,PHI,SG,6,0,74,14.4,.754,.667,.095,1.5,1.5,1.5,5.8,2.6,1.3,12.1,14.2,0.1,0.1,0.2,.116,2.1,0.3,2.4,0.1,
658,518,Keshon Gilbert,22,2TM,SG,4,0,74,8.5,.564,.250,.583,2.9,4.4,3.6,21.0,1.9,4.8,34.7,13.0,0.0,0.0,0.0,-0.005,-4.1,-0.4,-4.6,0.0,
659,518,Keshon Gilbert,22,WAS,PG,3,0,48,4.5,.521,.500,1.000,4.4,6.8,5.6,7.4,2.0,7.3,51.0,10.2,-0.1,0.0,-0.1,-0.089,-6.2,-0.4,-6.6,-0.1,
660,518,Keshon Gilbert,22,ATL,SG,1,0,26,15.9,.590,.125,.375,0.0,0.0,0.0,46.1,1.8,0.0,17.7,18.1,0.1,0.0,0.1,.150,-0.3,-0.6,-0.9,0.0,
661,519,Garrett Temple,39,TOR,SG,22,0,73,5.7,.448,.800,.600,1.5,12.5,7.0,14.9,2.7,2.6,27.0,15.3,-0.1,0.1,0.0,-0.022,-5.9,1.0,-4.9,-0.1,
662,520,David Roddy,24,DEN,PF,5,0,73,20.4,.605,.367,.233,12.9,17.6,15.3,7.9,2.7,1.3,5.7,20.9,0.2,0.1,0.3,.185,0.7,-0.7,0.0,0.0,
663,521,Bobi Klintman,22,DET,SF,12,0,71,4.5,.388,.481,.111,8.0,21.8,15.0,10.9,2.0,0.0,17.5,20.1,-0.2,0.1,-0.1,-0.043,-7.7,-1.0,-8.7,-0.1,
664,522,David Jones García,24,SAS,SF,11,0,68,20.9,.579,.200,.240,6.5,13.8,10.3,37.2,4.2,1.3,15.3,20.2,0.1,0.1,0.3,.205,2.6,3.8,6.4,0.1,
665,523,Antonio Reeves,25,CHO,SG,10,0,68,12.4,.675,.650,.000,3.4,9.8,6.6,6.3,0.7,0.0,4.8,13.1,0.1,0.0,0.2,.130,1.2,0.1,1.3,0.1,
666,524,Kadary Richmond,24,WAS,SG,3,0,67,20.0,.722,.250,.188,1.6,14.7,8.0,16.6,5.7,1.3,10.4,12.0,0.2,0.1,0.2,.175,-0.8,4.4,3.6,0.1,
667,525,Monte Morris,30,IND,PG,6,0,65,6.9,.414,.400,.200,1.6,10.3,5.9,18.7,0.7,1.3,8.4,15.5,-0.1,0.0,0.0,-0.028,-4.5,-1.4,-5.9,-0.1,
668,526,Drew Peterson,26,CHO,PF,6,0,64,0.6,.148,.750,.125,5.4,10.4,7.9,3.8,2.3,1.4,0.0,11.2,-0.2,0.1,-0.1,-0.077,-8.3,-1.5,-9.8,-0.1,
669,527,Payton Sandfort,23,OKC,SF,4,0,63,13.1,.630,.654,.154,1.8,14.9,8.6,0.0,0.8,0.0,3.5,19.8,0.1,0.1,0.2,.125,-2.5,-3.3,-5.8,-0.1,
670,528,Dalano Banton,26,2TM,PG,6,0,62,7.0,.436,.083,.333,3.7,5.2,4.5,22.9,1.6,8.1,36.8,15.3,-0.1,0.1,-0.1,-0.044,-5.3,1.3,-4.0,0.0,
671,528,Dalano Banton,26,LAC,PG,2,0,10,27.8,.750,.000,.000,11.9,0.0,5.8,37.1,5.0,0.0,20.0,22.2,0.0,0.0,0.0,.227,7.3,5.2,12.5,0.0,
672,528,Dalano Banton,26,BOS,PG,4,0,52,3.0,.307,.125,.500,2.2,6.2,4.2,20.2,1.0,9.7,41.8,14.0,-0.2,0.1,-0.1,-0.095,-7.7,0.6,-7.1,-0.1,
673,529,Wendell Moore Jr.,24,DET,SG,6,0,60,8.9,.635,.143,.286,1.9,9.2,5.6,8.0,1.6,3.3,11.3,6.2,0.1,0.1,0.1,.116,-3.0,1.8,-1.3,0.0,
674,530,DaQuan Jeffries,28,SAC,SG,3,0,60,16.3,.731,.474,.263,5.4,3.8,4.7,2.5,1.6,0.0,0.0,15.0,0.2,0.0,0.2,.165,0.9,-1.1,-0.2,0.0,
675,531,Jahmir Young,25,MIA,PG,14,0,58,8.5,.483,.360,.080,3.6,3.6,3.6,21.1,0.8,0.0,10.4,20.3,0.0,0.0,0.0,.016,-4.8,-1.9,-6.7,-0.1,
676,532,James Wiseman,24,IND,C,4,1,58,4.1,.597,.000,.200,9.2,5.8,7.5,7.0,0.0,1.5,31.5,11.6,0.0,0.0,0.0,-0.028,-8.0,-1.0,-9.0,-0.1,
677,533,Riley Minix,25,2TM,SF,9,0,58,19.1,.720,.522,.130,3.8,7.5,5.6,14.1,1.7,1.6,11.0,19.8,0.1,0.1,0.2,.162,1.9,-0.1,1.8,0.1,
678,533,Riley Minix,25,SAS,SF,3,0,8,44.7,.750,.500,.000,13.8,13.1,13.4,31.0,6.0,0.0,0.0,31.6,0.1,0.0,0.1,.430,18.1,7.5,25.5,0.1,
679,533,Riley Minix,25,CLE,SF,6,0,50,15.0,.710,.529,.176,2.2,6.6,4.4,11.4,1.0,1.9,14.1,17.9,0.1,0.0,0.1,.119,-0.7,-1.3,-2.0,0.0,
680,534,Johni Broome,23,PHI,C,11,0,55,0.4,.188,.208,.250,13.7,18.1,15.9,9.2,2.6,3.4,10.1,22.8,-0.3,0.1,-0.2,-0.212,-11.9,-4.4,-16.2,-0.2,
681,535,Cody Martin,30,IND,SF,4,0,55,3.0,.277,.500,.600,1.9,26.3,13.8,4.5,3.5,3.1,24.0,12.8,-0.2,0.1,-0.1,-0.103,-10.1,2.1,-8.0,-0.1,
682,536,Lawson Lovering,22,MEM,C,2,1,49,13.7,.574,.000,.500,13.0,20.2,16.6,8.3,2.9,1.9,14.1,12.1,0.1,0.1,0.1,.106,-3.7,0.1,-3.6,0.0,
683,537,Chris Mañon,24,LAL,SG,9,0,46,11.7,.451,.500,.667,5.3,19.7,12.7,7.8,5.3,4.0,11.4,8.3,0.0,0.1,0.1,.115,-4.6,4.7,0.1,0.0,
684,538,Mouhamadou Gueye,27,CHI,PF,2,0,45,12.8,.627,.455,.364,4.8,9.3,7.1,17.9,2.1,1.9,19.0,14.6,0.0,0.0,0.1,.086,-2.2,-1.7,-3.9,0.0,
685,539,Mo Bamba,27,2TM,C,4,0,44,12.9,.455,.000,.000,24.1,30.3,27.1,3.0,0.0,6.6,15.4,12.2,0.0,0.0,0.1,.056,-4.3,-3.6,-8.0,-0.1,
686,539,Mo Bamba,27,TOR,C,2,0,6,-2.8,.000,.000,.000,18.8,19.1,18.9,0.0,0.0,16.1,0.0,14.3,0.0,0.0,0.0,-0.159,-18.8,-2.5,-21.3,0.0,
687,539,Mo Bamba,27,UTA,C,2,0,38,15.4,.556,.000,.000,25.0,32.1,28.4,3.5,0.0,5.1,18.2,11.9,0.0,0.0,0.1,.090,-2.1,-3.8,-5.9,0.0,
688,540,Zyon Pullin,24,MIN,SG,5,0,43,18.8,.779,.231,.308,2.6,5.0,3.8,31.0,1.1,0.0,16.9,17.4,0.2,0.0,0.2,.222,0.2,-1.3,-1.1,0.0,
689,541,Isaiah Stevens,25,SAC,PG,3,0,43,16.5,.571,.143,.571,5.1,2.7,3.9,29.3,5.6,0.0,18.6,10.6,0.1,0.0,0.1,.133,-1.2,3.4,2.2,0.0,
690,542,John Tonje,24,BOS,SG,6,0,42,9.1,.476,.714,.286,0.0,15.4,7.9,6.1,2.4,0.0,0.0,16.3,0.0,0.1,0.1,.101,-6.3,1.2,-5.1,0.0,
691,543,Hunter Dickinson,25,NOP,C,5,0,42,3.8,.403,.286,.143,5.1,7.8,6.4,6.3,1.1,4.5,16.8,17.7,-0.1,0.0,-0.1,-0.094,-8.4,-2.9,-11.4,-0.1,
692,544,Dario Šarić,31,SAC,C,5,0,41,0.6,.363,.500,.333,2.7,14.0,8.2,5.8,0.0,0.0,22.5,9.2,-0.1,0.0,-0.1,-0.081,-6.7,-2.3,-9.0,-0.1,
693,545,CJ Huntley,24,PHO,SF,4,0,40,10.9,.545,.273,.000,5.4,8.6,6.9,7.1,1.2,0.0,0.0,11.7,0.1,0.0,0.1,.099,-3.9,-0.5,-4.4,0.0,
694,546,Dillon Jones,24,NYK,SF,7,0,39,10.3,.418,.556,.444,5.7,14.4,10.0,12.3,3.8,0.0,0.0,11.8,0.0,0.1,0.1,.134,-5.4,2.8,-2.6,0.0,
695,547,Olivier Sarr,26,CLE,C,4,0,39,17.5,.761,.429,.714,5.7,25.3,15.5,16.6,2.5,7.3,17.9,12.1,0.1,0.1,0.2,.203,-1.7,4.3,2.6,0.0,
696,548,Skal Labissière,29,WAS,PF,3,0,38,16.3,.650,.500,.000,8.3,17.3,12.7,11.1,2.5,2.3,9.1,12.1,0.1,0.0,0.1,.120,-0.1,0.4,0.3,0.0,
697,549,Enrique Freeman,25,MIN,PF,4,0,37,15.6,.666,.500,.500,6.1,23.3,14.8,7.0,2.6,7.0,17.0,13.4,0.0,0.1,0.1,.162,-1.5,1.5,0.0,0.0,
698,550,Max Shulga,23,BOS,SG,11,1,36,0.2,.394,.500,.250,9.4,9.0,9.2,6.8,1.4,0.0,25.3,14.3,-0.1,0.0,0.0,-0.038,-10.9,-0.5,-11.5,-0.1,
699,551,Markelle Fultz,27,TOR,PG,5,0,36,-2.0,.182,.000,.000,0.0,3.2,1.6,26.8,2.7,0.0,26.7,17.9,-0.2,0.0,-0.2,-0.209,-12.3,-4.0,-16.3,-0.1,
700,552,Rocco Zikarsky,19,MIN,C,5,0,36,21.0,.717,.000,.500,6.2,35.9,21.4,7.5,0.0,12.0,9.3,12.6,0.1,0.1,0.2,.237,0.7,1.7,2.4,0.0,
701,553,Isaac Jones,25,2TM,PF,7,1,36,6.4,.514,.286,.571,6.0,9.2,7.8,3.5,0.0,2.8,10.2,11.3,0.0,0.0,0.0,.038,-5.9,-2.2,-8.1,-0.1,
702,553,Isaac Jones,25,SAC,PF,3,1,17,5.7,.521,.500,1.000,12.8,0.0,6.6,7.3,0.0,0.0,0.0,7.2,0.0,0.0,0.0,.058,-6.3,-1.9,-8.2,0.0,
703,553,Isaac Jones,25,DET,PF,4,0,19,7.0,.510,.200,.400,0.0,17.4,8.9,0.0,0.0,5.2,14.5,15.1,0.0,0.0,0.0,.021,-5.6,-2.4,-8.0,0.0,
704,554,Grant Nelson,23,BRK,PF,4,0,35,17.6,.634,.000,1.111,3.1,17.6,10.0,22.5,1.4,13.3,23.0,21.7,0.0,0.1,0.1,.098,-2.6,4.8,2.2,0.0,
705,555,Emanuel Miller,25,CHI,PF,5,0,33,15.0,.540,.462,.154,3.3,6.4,4.8,17.4,2.8,0.0,0.0,17.5,0.1,0.0,0.1,.111,1.6,0.9,2.5,0.0,
706,556,Jahmyl Telfort,24,LAC,PF,8,0,32,-5.3,.087,1.000,1.000,0.0,10.6,5.5,3.7,1.6,0.0,14.8,9.4,-0.1,0.0,-0.1,-0.163,-12.1,-1.7,-13.8,-0.1,
707,557,Sean Pedulla,23,LAC,PG,7,0,31,6.6,.433,.667,.000,0.0,11.0,5.6,23.8,0.0,0.0,6.3,22.9,0.0,0.0,0.0,-0.030,-6.9,-4.9,-11.8,-0.1,
708,558,Harrison Ingram,23,SAS,SF,7,0,26,15.8,.917,.167,.000,12.8,0.0,6.2,5.4,0.0,0.0,14.3,11.3,0.1,0.0,0.1,.178,3.6,-1.4,2.3,0.0,
709,559,Hunter Sallis,22,PHI,SG,7,0,26,2.0,.595,.000,.400,0.0,4.2,2.1,20.6,0.0,3.6,46.0,17.7,-0.1,0.0,-0.1,-0.149,-7.7,-2.9,-10.6,-0.1,
710,560,Mark Sears,23,MIL,PG,7,0,26,15.2,.666,.615,.615,4.4,4.3,4.3,12.5,0.0,0.0,19.5,34.9,0.0,0.0,0.0,.013,2.4,-4.6,-2.2,0.0,
711,561,Orlando Robinson,25,ORL,C,4,1,25,14.6,.700,.400,.000,8.8,9.0,8.9,16.5,1.9,0.0,0.0,8.4,0.1,0.0,0.1,.196,0.8,0.6,1.4,0.0,
712,562,Hayden Gray,22,UTA,SG,1,0,25,9.4,.773,.333,.667,0.0,0.0,0.0,5.0,1.9,3.9,20.5,8.0,0.0,0.0,0.0,.044,-3.7,-1.6,-5.3,0.0,
713,563,Vladislav Goldin,24,MIA,C,9,0,24,14.7,.788,.000,.250,12.9,26.1,19.4,15.9,0.0,11.1,40.3,12.6,0.0,0.0,0.1,.121,-5.0,4.5,-0.5,0.0,
714,564,Norchad Omier,24,LAC,PF,6,0,24,31.5,.751,.100,.300,19.9,14.2,17.0,15.2,2.1,0.0,0.0,20.9,0.2,0.0,0.2,.380,6.2,-0.1,6.0,0.0,
715,565,Alex Morales,28,ORL,PG,4,0,24,0.9,.508,.143,.286,4.6,9.4,7.0,23.1,0.0,0.0,33.7,20.9,-0.1,0.0,-0.1,-0.104,-12.2,-3.8,-16.0,-0.1,
716,566,Jayson Kent,23,POR,SF,5,0,22,17.3,.672,.571,.143,0.0,25.0,12.3,0.0,2.2,4.0,0.0,13.8,0.0,0.0,0.1,.181,0.6,3.6,4.2,0.0,
717,567,Alex Antetokounmpo,24,MIL,SF,6,0,21,28.6,.651,.875,1.875,10.9,21.4,16.2,6.8,0.0,4.8,6.4,32.8,0.1,0.0,0.1,.282,7.3,-1.9,5.4,0.0,
718,568,Colin Castleton,25,ORL,C,4,0,21,7.9,.460,.000,.200,10.5,32.2,21.3,6.3,2.3,0.0,26.9,15.0,0.0,0.0,0.0,-0.003,-6.1,-1.5,-7.7,0.0,
719,569,Brandon Clarke,29,MEM,PF,2,2,20,12.3,.372,.000,.444,21.3,11.0,16.2,7.1,4.7,0.0,0.0,22.4,0.0,0.0,0.0,.038,-4.7,-0.2,-4.9,0.0,
720,570,Jacob Toppin,25,ATL,SF,5,0,17,15.2,.667,.000,.000,0.0,6.5,3.2,8.8,0.0,5.3,0.0,14.7,0.0,0.0,0.0,.130,-0.1,0.6,0.5,0.0,
721,571,Chris Livingston,22,CLE,SF,3,0,17,15.4,.605,.429,.143,0.0,19.3,9.7,8.9,2.8,0.0,0.0,18.4,0.0,0.0,0.1,.164,-4.7,2.1,-2.7,0.0,
722,572,Trevor Keels,22,MIA,SG,8,0,15,2.8,.333,.750,.000,0.0,13.9,6.9,0.0,3.1,0.0,0.0,32.6,-0.1,0.0,-0.1,-0.197,-9.4,-5.2,-14.5,0.0,
723,573,Buddy Boeheim,26,OKC,SF,4,0,15,4.6,.500,1.000,.000,0.0,0.0,0.0,0.0,0.0,0.0,0.0,17.3,0.0,0.0,0.0,.012,-3.8,-4.5,-8.4,0.0,
724,574,N'Faly Dante,24,ATL,C,4,0,15,12.4,.338,.000,.250,21.4,29.4,25.3,0.0,6.3,0.0,18.4,15.1,0.0,0.0,0.0,.051,-3.7,-0.8,-4.5,0.0,
725,575,Chucky Hepburn,22,TOR,PG,2,0,13,-13.5,.000,.833,.000,0.0,8.8,4.4,17.4,3.8,0.0,14.3,23.1,-0.1,0.0,-0.1,-0.441,-20.7,-3.1,-23.8,-0.1,
726,576,Tristen Newton,24,HOU,SG,1,0,12,32.8,.581,.556,.333,18.7,9.1,13.9,0.0,4.2,0.0,0.0,36.2,0.1,0.0,0.1,.280,8.5,0.0,8.4,0.0,
727,577,Tosan Evbuomwan,24,NYK,SF,5,0,8,-0.3,.000,.000,.000,13.9,14.0,14.0,0.0,0.0,0.0,0.0,5.4,0.0,0.0,0.0,-0.025,-8.5,-3.0,-11.5,0.0,
728,578,Stanley Umude,26,SAS,SG,2,0,7,11.6,.500,.500,.000,0.0,0.0,0.0,18.8,6.9,0.0,0.0,12.0,0.0,0.0,0.0,.165,-6.7,7.1,0.4,0.0,
729,579,Colby Jones,23,DET,SG,1,0,7,12.9,.333,.667,.000,0.0,63.1,32.1,37.8,0.0,0.0,0.0,17.8,0.0,0.0,0.0,.124,-3.2,5.7,2.4,0.0,
730,580,Noa Essengue,19,CHI,PF,2,0,6,-11.9,.000,.667,.000,0.0,0.0,0.0,0.0,7.8,0.0,0.0,20.8,-0.1,0.0,-0.1,-0.417,-20.7,-3.0,-23.7,0.0,
731,581,Trentyn Flowers,20,CHI,SF,2,0,6,16.7,.667,.333,.000,17.9,0.0,8.8,30.5,0.0,0.0,25.0,27.8,0.0,0.0,0.0,.023,1.7,-2.7,-1.0,0.0,
732,582,Darius Brown II,26,CLE,SG,1,0,3,-7.7,.000,.000,.000,0.0,36.5,18.3,0.0,0.0,0.0,0.0,14.0,0.0,0.0,0.0,-0.269,-16.3,-2.4,-18.7,0.0,
733,,League Average,,,,,,,,.581,.415,.264,5.2,14.8,10.0,16.2,1.7,1.9,12.2,19.9,,,,,,,,,
